scalar,mode,deficiency,n,D_min_ns,D_median_ns,D_max_ns,CPP_min_ns,CPP_median_ns,CPP_max_ns,D_over_CPP
double,brettel,0,65536,29.092121124,29.1722774505,29.290294647,4.175423622,4.1950068475,4.565988541,6.9540476359139
double,brettel,1,65536,29.28981781,29.323959351,29.49256897,4.194981575,4.2228388785,4.252071381,6.944134075372585
double,brettel,2,65536,29.288387299,29.337501526,29.414749146,4.213967323,4.2321066855,4.293423653,6.932127119223115
double,lookup,0,65536,46.773147583,46.838808060000005,46.964454651,5.885923386,5.914238452999999,6.836733818,7.919668513913402
double,lookup,1,65536,46.765899658,46.8362808225,46.922302246,5.887174606,5.909108162,5.967128754,7.926116689434192
double,lookup,2,65536,46.759986877,46.813154220499996,47.259712219,5.887011528,5.9234972005,5.980457306,7.902958781941944
double,lookupApply,0,65536,54.084682465,54.1430950165,54.528808594,10.278963089,10.339931965,10.407206535,5.2363105675908574
double,lookupApply,1,65536,54.055976868,54.1301727295,54.222774506,10.277338982,10.343371868,10.584529877,5.233319793612587
double,lookupApply,2,65536,54.094314575,54.168176650999996,54.386234283,10.282709122,10.313981533,11.028841019,5.251917164839469
double,prepared,0,65536,24.34015274,24.354696274,24.416255951,1.211604118,1.225730896,1.25289917,19.869529562710802
double,prepared,1,65536,24.343681335,24.365854263,24.435424805,1.210697174,1.223380089,1.244586945,19.91683082149623
double,prepared,2,65536,24.33052063,24.347305298000002,24.416351318,1.210399628,1.2248663905,1.311689377,19.877519284418643
double,vienot,0,65536,22.468566895,22.4957466125,22.680091858,1.217728615,1.2284259794999999,1.259807587,18.31265944217195
double,vienot,1,65536,22.160148621,22.209739685000002,22.601699829,1.21756649,1.230589867,1.38854599,18.04804369074169
float,brettel,0,65536,42.616653442,42.675924301,46.011924744,2.148780823,2.2091946604999997,2.22913456,19.317412387435926
float,brettel,1,65536,42.424869537,42.5090789795,42.941379547,2.16310215,2.1754093169999997,2.21573925,19.54072672545238
float,brettel,2,65536,42.583370209,42.7444458005,43.002605438,2.163064003,2.177855015,2.263731956,19.62685555562568
float,lookup,0,65536,29.059410095,29.122638702,29.244709015,4.520756721,4.5384330745,4.681474686,6.416892840313271
float,lookup,1,65536,29.036903381,29.1130065915,29.179286957,4.516075134,4.536063671,4.728360176,6.418121239705147
float,lookup,2,65536,29.077625275,29.1695594785,29.287910461,4.513935089,4.5307941435,4.547462463,6.438067710568453
float,lookupApply,0,65536,39.250946045,39.342832565500004,40.114974976,10.061022758,10.0711493495,10.15149498,3.9064888425523394
float,lookupApply,1,65536,39.258384705,39.324235916,39.472579956,10.066421509,10.0797071455,10.288154602,3.9013272259160794
float,lookupApply,2,65536,39.240550995,39.3151283265,39.558792114,10.061117172,10.0816559795,10.182290077,3.899669697760291
float,prepared,0,65536,13.420772552,13.469457626,14.676189423,0.776324272,0.786327362,0.811723709,17.129580219287856
float,prepared,1,65536,13.417720795,13.433599472000001,13.517475128,0.777021408,0.786924839,0.807271004,17.071007046963988
float,prepared,2,65536,13.42124939,13.4321689605,13.45911026,0.77611351,0.787392616,0.85910511,17.0590486722319
float,vienot,0,65536,19.338989258,19.365501403499998,19.426822662,0.775616646,0.7854585645000001,0.829705238,24.655026093995815
float,vienot,1,65536,19.339942932,19.361495972,19.462585449,0.775654793,0.785974026,0.807415009,24.633760571624794
