sample,CPP,double,lookup,2,65536,true,0,5.992996216,40.857734549999996
sample,CPP,double,lookup,2,65536,true,1,6.003182411,46.036463310000002
sample,CPP,double,lookup,2,65536,true,2,5.990760803,46.527020879999995
sample,CPP,double,lookup,2,65536,true,3,5.888832092,45.50780872
sample,CPP,double,lookup,2,65536,true,4,5.927720070,44.753353359999998
sample,CPP,double,lookup,2,65536,true,5,5.910187721,44.117768400000003
sample,CPP,double,lookup,2,65536,true,6,5.957807541,43.578705589999984
sample,CPP,double,lookup,2,65536,true,7,5.970666885,43.309904799999998
sample,CPP,double,lookup,2,65536,true,8,5.926545143,43.081174050000001
sample,CPP,double,lookupApply,2,65536,true,0,10.323652267,24.65400314768215
sample,CPP,double,lookupApply,2,65536,true,1,10.305641174,26.12693338831555
sample,CPP,double,lookupApply,2,65536,true,2,10.318979263,22.691785298781411
sample,CPP,double,lookupApply,2,65536,true,3,10.336617470,27.16161314815351
sample,CPP,double,lookupApply,2,65536,true,4,10.300271034,22.173848318690773
sample,CPP,double,lookupApply,2,65536,true,5,10.314737320,24.032991671904171
sample,CPP,double,lookupApply,2,65536,true,6,10.349343300,22.034040523355156
sample,CPP,double,lookupApply,2,65536,true,7,10.313781738,25.090091496262463
sample,CPP,double,lookupApply,2,65536,true,8,10.348206520,26.749319196254216
sample,CPP,double,prepared,2,65536,true,0,1.252096176,24.282834379774165
sample,CPP,double,prepared,2,65536,true,1,1.209406853,24.840977925947964
sample,CPP,double,prepared,2,65536,true,2,1.208958626,21.953706132753485
sample,CPP,double,prepared,2,65536,true,3,1.218952179,26.872323485038528
sample,CPP,double,prepared,2,65536,true,4,1.210295677,21.787783263805604
sample,CPP,double,prepared,2,65536,true,5,1.224465370,24.456510970969706
sample,CPP,double,prepared,2,65536,true,6,1.238635063,21.978595940749219
sample,CPP,double,prepared,2,65536,true,7,1.211318016,24.376591198809795
sample,CPP,double,prepared,2,65536,true,8,1.210544586,27.184409762706952
sample,CPP,double,brettel,2,65536,true,0,4.241176605,26.502420949263751
sample,CPP,double,brettel,2,65536,true,1,4.225325584,24.719619299000534
sample,CPP,double,brettel,2,65536,true,2,4.238673210,21.066839966887922
sample,CPP,double,brettel,2,65536,true,3,4.217959404,27.536287824826427
sample,CPP,double,brettel,2,65536,true,4,4.352773666,20.923758282597085
sample,CPP,double,brettel,2,65536,true,5,4.251323700,26.735651752956432
sample,CPP,double,brettel,2,65536,true,6,4.285070419,22.039111659876401
sample,CPP,double,brettel,2,65536,true,7,4.216726303,24.745709838406956
sample,CPP,double,brettel,2,65536,true,8,4.225343704,28.63366751659418
sample,CPP,double,lookup,1,65536,true,0,5.910273552,33.289563600000001
sample,CPP,double,lookup,1,65536,true,1,5.876611710,44.514726719999992
sample,CPP,double,lookup,1,65536,true,2,5.894757271,46.30270608
sample,CPP,double,lookup,1,65536,true,3,6.000621796,45.112875519999996
sample,CPP,double,lookup,1,65536,true,4,5.898789406,44.077140159999992
sample,CPP,double,lookup,1,65536,true,5,5.966874123,43.1105904
sample,CPP,double,lookup,1,65536,true,6,5.883778572,42.185777440000003
sample,CPP,double,lookup,1,65536,true,7,5.882173538,41.377827520000004
sample,CPP,double,lookup,1,65536,true,8,5.902247429,40.58736983
sample,CPP,double,lookupApply,1,65536,true,0,10.303233147,25.511553337206681
sample,CPP,double,lookupApply,1,65536,true,1,11.039069176,25.766479506335848
sample,CPP,double,lookupApply,1,65536,true,2,10.414658546,22.710754769346458
sample,CPP,double,lookupApply,1,65536,true,3,10.357264519,27.202172980226443
sample,CPP,double,lookupApply,1,65536,true,4,10.310714722,22.147948448048218
sample,CPP,double,lookupApply,1,65536,true,5,10.299956322,24.001410025886777
sample,CPP,double,lookupApply,1,65536,true,6,10.342369080,21.981695656654303
sample,CPP,double,lookupApply,1,65536,true,7,10.301924706,25.371978782699628
sample,CPP,double,lookupApply,1,65536,true,8,10.325848579,26.533491654536967
sample,CPP,double,prepared,1,65536,true,0,1.211757660,25.315822750286102
sample,CPP,double,prepared,1,65536,true,1,1.245075226,25.037795568154415
sample,CPP,double,prepared,1,65536,true,2,1.215465546,21.752644545738917
sample,CPP,double,prepared,1,65536,true,3,1.212588310,27.078401579812311
sample,CPP,double,prepared,1,65536,true,4,1.215264320,21.281259329419392
sample,CPP,double,prepared,1,65536,true,5,1.223825455,24.330453277401389
sample,CPP,double,prepared,1,65536,true,6,1.212617874,21.591436470901044
sample,CPP,double,prepared,1,65536,true,7,1.222287178,25.360436297245741
sample,CPP,double,prepared,1,65536,true,8,1.324959755,26.491253204577703
sample,CPP,double,brettel,1,65536,true,0,4.208508492,25.534799323720147
sample,CPP,double,brettel,1,65536,true,1,4.230178833,25.076469247272449
sample,CPP,double,brettel,1,65536,true,2,4.291672707,21.689719175402452
sample,CPP,double,brettel,1,65536,true,3,4.209627151,27.13774279056992
sample,CPP,double,brettel,1,65536,true,4,4.220653534,21.176441111772334
sample,CPP,double,brettel,1,65536,true,5,4.299602509,24.382196438086517
sample,CPP,double,brettel,1,65536,true,6,4.198658943,21.53210809887846
sample,CPP,double,brettel,1,65536,true,7,4.229739189,25.524098570687425
sample,CPP,double,brettel,1,65536,true,8,4.233618736,26.428643046005952
sample,CPP,double,vienot,1,65536,true,0,1.238147736,25.574443903868165
sample,CPP,double,vienot,1,65536,true,1,1.228430748,25.287831713130387
sample,CPP,double,vienot,1,65536,true,2,1.261404037,21.999052619211106
sample,CPP,double,vienot,1,65536,true,3,1.218034744,27.217826291294731
sample,CPP,double,vienot,1,65536,true,4,1.218866348,21.424986464637218
sample,CPP,double,vienot,1,65536,true,5,1.228583336,24.098198837872889
sample,CPP,double,vienot,1,65536,true,6,1.218274117,21.634132204165713
sample,CPP,double,vienot,1,65536,true,7,1.228383064,25.871293449301898
sample,CPP,double,vienot,1,65536,true,8,1.218550682,26.1629892948806
sample,CPP,double,lookup,0,65536,true,0,5.897747040,33.045182099999998
sample,CPP,double,lookup,0,65536,true,1,5.905036926,44.497450619999995
sample,CPP,double,lookup,0,65536,true,2,5.917219162,46.422605999999995
sample,CPP,double,lookup,0,65536,true,3,5.894927979,45.314874399999994
sample,CPP,double,lookup,0,65536,true,4,5.964209557,44.331214719999998
sample,CPP,double,lookup,0,65536,true,5,5.900604248,43.403260799999998
sample,CPP,double,lookup,0,65536,true,6,5.967008591,42.509996679999993
sample,CPP,double,lookup,0,65536,true,7,5.922932625,41.713863999999994
sample,CPP,double,lookup,0,65536,true,8,5.911859512,40.932294199999994
sample,CPP,double,lookupApply,0,65536,true,0,10.309806824,26.219325416278018
sample,CPP,double,lookupApply,0,65536,true,1,10.344079018,25.715705691447777
sample,CPP,double,lookupApply,0,65536,true,2,10.305296898,22.719300417329979
sample,CPP,double,lookupApply,0,65536,true,3,10.310341835,27.228463872184328
sample,CPP,double,lookupApply,0,65536,true,4,10.307733536,22.122360872154424
sample,CPP,double,lookupApply,0,65536,true,5,10.313141823,23.985236724559542
sample,CPP,double,lookupApply,0,65536,true,6,10.303118706,21.944273643942932
sample,CPP,double,lookupApply,0,65536,true,7,10.327511787,25.559802903837348
sample,CPP,double,lookupApply,0,65536,true,8,10.296153069,26.387423194872969
sample,CPP,double,prepared,0,65536,true,0,1.219507217,25.892547822980088
sample,CPP,double,prepared,0,65536,true,1,1.242552757,25.137708251041428
sample,CPP,double,prepared,0,65536,true,2,1.227866173,21.62565024170291
sample,CPP,double,prepared,0,65536,true,3,1.221865654,27.189095090333414
sample,CPP,double,prepared,0,65536,true,4,1.212617874,20.985025676256964
sample,CPP,double,prepared,0,65536,true,5,1.212484360,24.270047646395057
sample,CPP,double,prepared,0,65536,true,6,1.213028908,21.368348666475931
sample,CPP,double,prepared,0,65536,true,7,1.222869873,25.896581830243385
sample,CPP,double,prepared,0,65536,true,8,1.213497162,26.1119497292134
sample,CPP,double,brettel,0,65536,true,0,4.187910080,26.546345526970324
sample,CPP,double,brettel,0,65536,true,1,4.193652153,24.735647214923322
sample,CPP,double,brettel,0,65536,true,2,4.206101418,20.691973585564966
sample,CPP,double,brettel,0,65536,true,3,4.188072205,27.118657208514538
sample,CPP,double,brettel,0,65536,true,4,4.186753273,19.981191364766918
sample,CPP,double,brettel,0,65536,true,5,4.185206413,24.873532426947431
sample,CPP,double,brettel,0,65536,true,6,4.178230286,20.825579886015106
sample,CPP,double,brettel,0,65536,true,7,4.232204437,25.732820218051423
sample,CPP,double,brettel,0,65536,true,8,4.192858696,26.265389947661554
sample,CPP,double,vienot,0,65536,true,0,1.218770981,26.449062417486839
sample,CPP,double,vienot,0,65536,true,1,1.229070663,25.150692779278241
sample,CPP,double,vienot,0,65536,true,2,1.227437019,21.379792035553521
sample,CPP,double,vienot,0,65536,true,3,1.218187332,27.25941137560082
sample,CPP,double,vienot,0,65536,true,4,1.243183136,20.586748521705957
sample,CPP,double,vienot,0,65536,true,5,1.238911629,24.295159063553825
sample,CPP,double,vienot,0,65536,true,6,1.217548370,21.09505684748607
sample,CPP,double,vienot,0,65536,true,7,1.219669342,26.304007936980238
sample,CPP,double,vienot,0,65536,true,8,1.218550682,25.810235525749594
sample,CPP,float,lookup,2,65536,true,0,4.580420494,40.857734709978104
sample,CPP,float,lookup,2,65536,true,1,4.539842606,46.036463290452957
sample,CPP,float,lookup,2,65536,true,2,4.557030678,46.527020871639252
sample,CPP,float,lookup,2,65536,true,3,4.571144104,45.507808744907379
sample,CPP,float,lookup,2,65536,true,4,4.545622826,44.753353238105774
sample,CPP,float,lookup,2,65536,true,5,4.539507866,44.117768347263336
sample,CPP,float,lookup,2,65536,true,6,4.565515518,43.578705310821533
sample,CPP,float,lookup,2,65536,true,7,4.606409073,43.3099045753479
sample,CPP,float,lookup,2,65536,true,8,4.589641571,43.081173896789551
sample,CPP,float,lookupApply,2,65536,true,0,10.072700500,24.654002986848354
sample,CPP,float,lookupApply,2,65536,true,1,10.061225891,26.126933362334967
sample,CPP,float,lookupApply,2,65536,true,2,10.084166527,22.691785180941224
sample,CPP,float,lookupApply,2,65536,true,3,10.068058014,27.161613024771214
sample,CPP,float,lookupApply,2,65536,true,4,10.072404861,22.173848301172256
sample,CPP,float,lookupApply,2,65536,true,5,10.064923286,24.032991722226143
sample,CPP,float,lookupApply,2,65536,true,6,10.080450058,22.034040294587612
sample,CPP,float,lookupApply,2,65536,true,7,10.148220062,25.090091709047556
sample,CPP,float,lookupApply,2,65536,true,8,10.115754128,26.749319061636925
sample,CPP,float,prepared,2,65536,true,0,0.796917915,24.282835682854056
sample,CPP,float,prepared,2,65536,true,1,0.796172142,24.840979125350714
sample,CPP,float,prepared,2,65536,true,2,0.777846336,21.953707084059715
sample,CPP,float,prepared,2,65536,true,3,0.797338486,26.872324626892805
sample,CPP,float,prepared,2,65536,true,4,0.787267685,21.787784215062857
sample,CPP,float,prepared,2,65536,true,5,0.786627769,24.456511905882508
sample,CPP,float,prepared,2,65536,true,6,0.789627075,21.978596644476056
sample,CPP,float,prepared,2,65536,true,7,0.778534889,24.376592082902789
sample,CPP,float,prepared,2,65536,true,8,0.788108826,27.184410942718387
sample,CPP,float,brettel,2,65536,true,0,2.179721832,26.502421341836452
sample,CPP,float,brettel,2,65536,true,1,2.163277626,24.719619728624821
sample,CPP,float,brettel,2,65536,true,2,2.164567947,21.066840212792158
sample,CPP,float,brettel,2,65536,true,3,2.178718567,27.536288402974606
sample,CPP,float,brettel,2,65536,true,4,2.181841850,20.923758588731289
sample,CPP,float,brettel,2,65536,true,5,2.164988518,26.735652305185795
sample,CPP,float,brettel,2,65536,true,6,2.183133125,22.039111934602261
sample,CPP,float,brettel,2,65536,true,7,2.176396370,24.7457105666399
sample,CPP,float,brettel,2,65536,true,8,2.174791336,28.633668217808008
sample,CPP,float,lookup,1,65536,true,0,4.595315933,33.289563864469528
sample,CPP,float,lookup,1,65536,true,1,4.565180779,44.51472681760788
sample,CPP,float,lookup,1,65536,true,2,4.547562599,46.302706003189087
sample,CPP,float,lookup,1,65536,true,3,4.573246002,45.11287534236908
sample,CPP,float,lookup,1,65536,true,4,4.545336723,44.0771404504776
sample,CPP,float,lookup,1,65536,true,5,4.530784607,43.11059045791626
sample,CPP,float,lookup,1,65536,true,6,4.550218582,42.185777962207794
sample,CPP,float,lookup,1,65536,true,7,4.593090057,41.377827763557434
sample,CPP,float,lookup,1,65536,true,8,4.539852142,40.587369799613953
sample,CPP,float,lookupApply,1,65536,true,0,10.136315346,25.511553540825844
sample,CPP,float,lookupApply,1,65536,true,1,10.075309753,25.766479931771755
sample,CPP,float,lookupApply,1,65536,true,2,10.100084305,22.710754968225956
sample,CPP,float,lookupApply,1,65536,true,3,10.074668884,27.202172718942165
sample,CPP,float,lookupApply,1,65536,true,4,10.063432693,22.147948361933231
sample,CPP,float,lookupApply,1,65536,true,5,10.089622498,24.00140992179513
sample,CPP,float,lookupApply,1,65536,true,6,10.109552383,21.981695827096701
sample,CPP,float,lookupApply,1,65536,true,7,10.084309578,25.37197882682085
sample,CPP,float,lookupApply,1,65536,true,8,10.081882477,26.533491566777229
sample,CPP,float,prepared,1,65536,true,0,0.814621925,25.315822660923004
sample,CPP,float,prepared,1,65536,true,1,0.809166908,25.037795731797814
sample,CPP,float,prepared,1,65536,true,2,0.786053658,21.752644658088684
sample,CPP,float,prepared,1,65536,true,3,0.787372589,27.078401461243629
sample,CPP,float,prepared,1,65536,true,4,0.779758453,21.281259275972843
sample,CPP,float,prepared,1,65536,true,5,0.787974358,24.330453272908926
sample,CPP,float,prepared,1,65536,true,6,0.786894798,21.591436324641109
sample,CPP,float,prepared,1,65536,true,7,0.786856651,25.360435828566551
sample,CPP,float,prepared,1,65536,true,8,0.808468819,26.491253614425659
sample,CPP,float,brettel,1,65536,true,0,2.185913086,25.534799598157406
sample,CPP,float,brettel,1,65536,true,1,2.166660309,25.07646924443543
sample,CPP,float,brettel,1,65536,true,2,2.185214996,21.689719244837761
sample,CPP,float,brettel,1,65536,true,3,2.173405647,27.137742713093758
sample,CPP,float,brettel,1,65536,true,4,2.177342415,21.17644090950489
sample,CPP,float,brettel,1,65536,true,5,2.172784805,24.382196452468634
sample,CPP,float,brettel,1,65536,true,6,2.197941780,21.53210780583322
sample,CPP,float,brettel,1,65536,true,7,2.175087929,25.524098739027977
sample,CPP,float,brettel,1,65536,true,8,2.186532974,26.428642630577087
sample,CPP,float,vienot,1,65536,true,0,0.798303604,25.574443757534027
sample,CPP,float,vienot,1,65536,true,1,0.799220085,25.287831455469131
sample,CPP,float,vienot,1,65536,true,2,0.789704323,21.999052695930004
sample,CPP,float,vienot,1,65536,true,3,0.780206680,27.217826619744301
sample,CPP,float,vienot,1,65536,true,4,0.787840843,21.424986116588116
sample,CPP,float,vienot,1,65536,true,5,0.790955544,24.098198719322681
sample,CPP,float,vienot,1,65536,true,6,0.788576126,21.634132286533713
sample,CPP,float,vienot,1,65536,true,7,0.800519943,25.871293731033802
sample,CPP,float,vienot,1,65536,true,8,0.815443993,26.16298907622695
sample,CPP,float,lookup,0,65536,true,0,4.561923027,33.045182198286057
sample,CPP,float,lookup,0,65536,true,1,4.561665535,44.497451037168503
sample,CPP,float,lookup,0,65536,true,2,4.548861504,46.422606825828552
sample,CPP,float,lookup,0,65536,true,3,4.543206215,45.314875721931458
sample,CPP,float,lookup,0,65536,true,4,4.565114021,44.331215798854828
sample,CPP,float,lookup,0,65536,true,5,4.560776711,43.403261423110962
sample,CPP,float,lookup,0,65536,true,6,4.556657791,42.509996771812439
sample,CPP,float,lookup,0,65536,true,7,4.577468872,41.713864088058472
sample,CPP,float,lookup,0,65536,true,8,4.561216354,40.932294249534607
sample,CPP,float,lookupApply,0,65536,true,0,10.080153465,26.21932577714324
sample,CPP,float,lookupApply,0,65536,true,1,10.095956802,25.715705743059516
sample,CPP,float,lookupApply,0,65536,true,2,10.099491119,22.719300783239305
sample,CPP,float,lookupApply,0,65536,true,3,10.097514153,27.228464782238007
sample,CPP,float,lookupApply,0,65536,true,4,10.078949928,22.122360982000828
sample,CPP,float,lookupApply,0,65536,true,5,10.122175217,23.985237155109644
sample,CPP,float,lookupApply,0,65536,true,6,10.120865822,21.944273607805371
sample,CPP,float,lookupApply,0,65536,true,7,10.083478928,25.559803046286106
sample,CPP,float,lookupApply,0,65536,true,8,10.089268684,26.387423418462276
sample,CPP,float,prepared,0,65536,true,0,0.801914215,25.892548087984324
sample,CPP,float,prepared,0,65536,true,1,0.793230057,25.137708736583591
sample,CPP,float,prepared,0,65536,true,2,0.791576385,21.625650234520435
sample,CPP,float,prepared,0,65536,true,3,0.779193878,27.189095482230186
sample,CPP,float,prepared,0,65536,true,4,0.790918350,20.985025614500046
sample,CPP,float,prepared,0,65536,true,5,0.803882599,24.270047932863235
sample,CPP,float,prepared,0,65536,true,6,0.788672447,21.368348833173513
sample,CPP,float,prepared,0,65536,true,7,0.791108131,25.89658223092556
sample,CPP,float,prepared,0,65536,true,8,0.791213989,26.111949853599072
sample,CPP,float,brettel,0,65536,true,0,2.216554642,26.546345517039299
sample,CPP,float,brettel,0,65536,true,1,2.216420174,24.735647335648537
sample,CPP,float,brettel,0,65536,true,2,2.229797363,20.691973328590393
sample,CPP,float,brettel,0,65536,true,3,2.217767715,27.11865770816803
sample,CPP,float,brettel,0,65536,true,4,2.218082428,19.981191456317902
sample,CPP,float,brettel,0,65536,true,5,2.228965759,24.873532507568598
sample,CPP,float,brettel,0,65536,true,6,2.227895737,20.825579397380352
sample,CPP,float,brettel,0,65536,true,7,2.218264580,25.732820298522711
sample,CPP,float,brettel,0,65536,true,8,2.227264404,26.265389870852232
sample,CPP,float,vienot,0,65536,true,0,0.789399147,26.449061840772629
sample,CPP,float,vienot,0,65536,true,1,0.788558006,25.150692444294691
sample,CPP,float,vienot,0,65536,true,2,0.789445877,21.379791460931301
sample,CPP,float,vienot,0,65536,true,3,0.798379898,27.259410843253136
sample,CPP,float,vienot,0,65536,true,4,0.779289246,20.586747944355011
sample,CPP,float,vienot,0,65536,true,5,0.791500092,24.295158978551626
sample,CPP,float,vienot,0,65536,true,6,0.788853645,21.095056345686316
sample,CPP,float,vienot,0,65536,true,7,0.787936211,26.304007358849049
sample,CPP,float,vienot,0,65536,true,8,0.855267525,25.81023507937789
