metadata,D,frontend=2111,n=65536,warmup=3,rounds=9,repeats=16,AoS,bounds=on
sample,D,float,brettel,0,65536,false,0,42.651748657,26.546345517039299
sample,D,float,brettel,0,65536,false,1,42.551422119,24.735647335648537
sample,D,float,brettel,0,65536,false,2,42.599010468,20.691973328590393
sample,D,float,brettel,0,65536,false,3,42.742824554,27.11865770816803
sample,D,float,brettel,0,65536,false,4,42.541217804,19.981191456317902
sample,D,float,brettel,0,65536,false,5,42.665386200,24.873532507568598
sample,D,float,brettel,0,65536,false,6,42.532444000,20.825579397380352
sample,D,float,brettel,0,65536,false,7,42.547035217,25.732820298522711
sample,D,float,brettel,0,65536,false,8,42.710971832,26.265389870852232
sample,D,float,vienot,0,65536,false,0,19.350051880,26.449061840772629
sample,D,float,vienot,0,65536,false,1,19.423103333,25.150692444294691
sample,D,float,vienot,0,65536,false,2,19.348526001,21.379791460931301
sample,D,float,vienot,0,65536,false,3,19.374656677,27.259410843253136
sample,D,float,vienot,0,65536,false,4,19.375705719,20.586747944355011
sample,D,float,vienot,0,65536,false,5,19.634151459,24.295158978551626
sample,D,float,vienot,0,65536,false,6,19.394397736,21.095056345686316
sample,D,float,vienot,0,65536,false,7,19.373512268,26.304007358849049
sample,D,float,vienot,0,65536,false,8,24.987602234,25.81023507937789
sample,D,float,prepared,0,65536,false,0,15.620708466,25.892548087984324
sample,D,float,prepared,0,65536,false,1,15.640830994,25.137708736583591
sample,D,float,prepared,0,65536,false,2,16.790962219,21.625650234520435
sample,D,float,prepared,0,65536,false,3,15.942478180,27.189095482230186
sample,D,float,prepared,0,65536,false,4,15.684795380,20.985025614500046
sample,D,float,prepared,0,65536,false,5,15.663242340,24.270047932863235
sample,D,float,prepared,0,65536,false,6,15.702152252,21.368348833173513
sample,D,float,prepared,0,65536,false,7,15.644931793,25.89658223092556
sample,D,float,prepared,0,65536,false,8,15.649127960,26.111949853599072
sample,D,float,lookupApply,0,65536,false,0,42.321968079,26.21932577714324
sample,D,float,lookupApply,0,65536,false,1,42.226982117,25.715705743059516
sample,D,float,lookupApply,0,65536,false,2,50.607109070,22.719300783239305
sample,D,float,lookupApply,0,65536,false,3,42.276096344,27.228464782238007
sample,D,float,lookupApply,0,65536,false,4,42.222690582,22.122360982000828
sample,D,float,lookupApply,0,65536,false,5,42.320919037,23.985237155109644
sample,D,float,lookupApply,0,65536,false,6,42.277526855,21.944273607805371
sample,D,float,lookupApply,0,65536,false,7,42.289543152,25.559803046286106
sample,D,float,lookupApply,0,65536,false,8,42.556762695,26.387423418462276
sample,D,float,lookup,0,65536,false,0,29.187488556,33.045182198286057
sample,D,float,lookup,0,65536,false,1,29.168796539,44.497451037168503
sample,D,float,lookup,0,65536,false,2,29.226970673,46.422606825828552
sample,D,float,lookup,0,65536,false,3,29.242038727,45.314875721931458
sample,D,float,lookup,0,65536,false,4,29.163455963,44.331215798854828
sample,D,float,lookup,0,65536,false,5,29.211521149,43.403261423110962
sample,D,float,lookup,0,65536,false,6,29.195499420,42.509996771812439
sample,D,float,lookup,0,65536,false,7,29.250144958,41.713864088058472
sample,D,float,lookup,0,65536,false,8,29.203605652,40.932294249534607
sample,D,float,brettel,1,65536,false,0,42.947864532,25.534799598157406
sample,D,float,brettel,1,65536,false,1,42.741870880,25.07646924443543
sample,D,float,brettel,1,65536,false,2,42.596626282,21.689719244837761
sample,D,float,brettel,1,65536,false,3,42.815399170,27.137742713093758
sample,D,float,brettel,1,65536,false,4,42.553234100,21.17644090950489
sample,D,float,brettel,1,65536,false,5,42.624855042,24.382196452468634
sample,D,float,brettel,1,65536,false,6,43.218803406,21.53210780583322
sample,D,float,brettel,1,65536,false,7,42.731761932,25.524098739027977
sample,D,float,brettel,1,65536,false,8,42.619991302,26.428642630577087
sample,D,float,vienot,1,65536,false,0,19.362831116,25.574443757534027
sample,D,float,vienot,1,65536,false,1,19.398212433,25.287831455469131
sample,D,float,vienot,1,65536,false,2,19.362258911,21.999052695930004
sample,D,float,vienot,1,65536,false,3,19.396972656,27.217826619744301
sample,D,float,vienot,1,65536,false,4,19.397163391,21.424986116588116
sample,D,float,vienot,1,65536,false,5,19.363975525,24.098198719322681
sample,D,float,vienot,1,65536,false,6,19.363594055,21.634132286533713
sample,D,float,vienot,1,65536,false,7,19.390678406,25.871293731033802
sample,D,float,vienot,1,65536,false,8,19.853687286,26.16298907622695
sample,D,float,prepared,1,65536,false,0,18.381595612,25.315822660923004
sample,D,float,prepared,1,65536,false,1,22.714042664,25.037795731797814
sample,D,float,prepared,1,65536,false,2,23.411464691,21.752644658088684
sample,D,float,prepared,1,65536,false,3,22.847747803,27.078401461243629
sample,D,float,prepared,1,65536,false,4,16.969490051,21.281259275972843
sample,D,float,prepared,1,65536,false,5,15.748119354,24.330453272908926
sample,D,float,prepared,1,65536,false,6,15.629291534,21.591436324641109
sample,D,float,prepared,1,65536,false,7,15.610504150,25.360435828566551
sample,D,float,prepared,1,65536,false,8,15.633392334,26.491253614425659
sample,D,float,lookupApply,1,65536,false,0,42.343902588,25.511553540825844
sample,D,float,lookupApply,1,65536,false,1,42.288494110,25.766479931771755
sample,D,float,lookupApply,1,65536,false,2,42.323398590,22.710754968225956
sample,D,float,lookupApply,1,65536,false,3,42.340660095,27.202172718942165
sample,D,float,lookupApply,1,65536,false,4,42.241096497,22.147948361933231
sample,D,float,lookupApply,1,65536,false,5,42.262935638,24.00140992179513
sample,D,float,lookupApply,1,65536,false,6,42.273616791,21.981695827096701
sample,D,float,lookupApply,1,65536,false,7,42.296791077,25.37197882682085
sample,D,float,lookupApply,1,65536,false,8,42.290878296,26.533491566777229
sample,D,float,lookup,1,65536,false,0,29.190921783,33.289563864469528
sample,D,float,lookup,1,65536,false,1,29.223728180,44.51472681760788
sample,D,float,lookup,1,65536,false,2,29.227924347,46.302706003189087
sample,D,float,lookup,1,65536,false,3,29.169654846,45.11287534236908
sample,D,float,lookup,1,65536,false,4,29.273128510,44.0771404504776
sample,D,float,lookup,1,65536,false,5,29.180240631,43.11059045791626
sample,D,float,lookup,1,65536,false,6,29.201984406,42.185777962207794
sample,D,float,lookup,1,65536,false,7,29.172706604,41.377827763557434
sample,D,float,lookup,1,65536,false,8,29.269123077,40.587369799613953
sample,D,float,brettel,2,65536,false,0,42.541313171,26.502421341836452
sample,D,float,brettel,2,65536,false,1,42.523765564,24.719619728624821
sample,D,float,brettel,2,65536,false,2,42.768192291,21.066840212792158
sample,D,float,brettel,2,65536,false,3,45.293998718,27.536288402974606
sample,D,float,brettel,2,65536,false,4,42.708301544,20.923758588731289
sample,D,float,brettel,2,65536,false,5,42.998695374,26.735652305185795
sample,D,float,brettel,2,65536,false,6,42.694568634,22.039111934602261
sample,D,float,brettel,2,65536,false,7,42.673397064,24.7457105666399
sample,D,float,brettel,2,65536,false,8,43.324375153,28.633668217808008
sample,D,float,prepared,2,65536,false,0,15.637874603,24.282835682854056
sample,D,float,prepared,2,65536,false,1,15.621757507,24.840979125350714
sample,D,float,prepared,2,65536,false,2,15.648365021,21.953707084059715
sample,D,float,prepared,2,65536,false,3,15.676403046,26.872324626892805
sample,D,float,prepared,2,65536,false,4,15.650844574,21.787784215062857
sample,D,float,prepared,2,65536,false,5,15.660667419,24.456511905882508
sample,D,float,prepared,2,65536,false,6,15.635585785,21.978596644476056
sample,D,float,prepared,2,65536,false,7,15.609645844,24.376592082902789
sample,D,float,prepared,2,65536,false,8,15.630817413,27.184410942718387
sample,D,float,lookupApply,2,65536,false,0,42.312431335,24.654002986848354
sample,D,float,lookupApply,2,65536,false,1,42.321395874,26.126933362334967
sample,D,float,lookupApply,2,65536,false,2,42.257308960,22.691785180941224
sample,D,float,lookupApply,2,65536,false,3,42.232322693,27.161613024771214
sample,D,float,lookupApply,2,65536,false,4,42.274379730,22.173848301172256
sample,D,float,lookupApply,2,65536,false,5,42.224311829,24.032991722226143
sample,D,float,lookupApply,2,65536,false,6,42.342090607,22.034040294587612
sample,D,float,lookupApply,2,65536,false,7,42.276000977,25.090091709047556
sample,D,float,lookupApply,2,65536,false,8,42.221069336,26.749319061636925
sample,D,float,lookup,2,65536,false,0,29.309272766,40.857734709978104
sample,D,float,lookup,2,65536,false,1,29.187011719,46.036463290452957
sample,D,float,lookup,2,65536,false,2,29.153633118,46.527020871639252
sample,D,float,lookup,2,65536,false,3,29.217433929,45.507808744907379
sample,D,float,lookup,2,65536,false,4,29.254627228,44.753353238105774
sample,D,float,lookup,2,65536,false,5,29.160022736,44.117768347263336
sample,D,float,lookup,2,65536,false,6,29.218864441,43.578705310821533
sample,D,float,lookup,2,65536,false,7,29.206275940,43.3099045753479
sample,D,float,lookup,2,65536,false,8,29.295253754,43.081173896789551
sample,D,double,brettel,0,65536,false,0,29.133987427,26.546345526970324
sample,D,double,brettel,0,65536,false,1,29.168891907,24.735647214923322
sample,D,double,brettel,0,65536,false,2,29.157352448,20.691973585564966
sample,D,double,brettel,0,65536,false,3,29.191207886,27.118657208514538
sample,D,double,brettel,0,65536,false,4,29.149341583,19.981191364766918
sample,D,double,brettel,0,65536,false,5,29.185962677,24.873532426947431
sample,D,double,brettel,0,65536,false,6,29.122924805,20.825579886015106
sample,D,double,brettel,0,65536,false,7,29.196166992,25.732820218051423
sample,D,double,brettel,0,65536,false,8,29.188728333,26.265389947661554
sample,D,double,vienot,0,65536,false,0,22.180175781,26.449062417486839
sample,D,double,vienot,0,65536,false,1,22.200489044,25.150692779278241
sample,D,double,vienot,0,65536,false,2,22.259998322,21.379792035553521
sample,D,double,vienot,0,65536,false,3,22.224903107,27.25941137560082
sample,D,double,vienot,0,65536,false,4,22.197151184,20.586748521705957
sample,D,double,vienot,0,65536,false,5,22.212123871,24.295159063553825
sample,D,double,vienot,0,65536,false,6,22.217464447,21.09505684748607
sample,D,double,vienot,0,65536,false,7,22.189044952,26.304007936980238
sample,D,double,vienot,0,65536,false,8,22.212409973,25.810235525749594
sample,D,double,prepared,0,65536,false,0,26.635360718,25.892547822980088
sample,D,double,prepared,0,65536,false,1,26.552200317,25.137708251041428
sample,D,double,prepared,0,65536,false,2,26.532745361,21.62565024170291
sample,D,double,prepared,0,65536,false,3,26.609325409,27.189095090333414
sample,D,double,prepared,0,65536,false,4,26.565361023,20.985025676256964
sample,D,double,prepared,0,65536,false,5,26.533699036,24.270047646395057
sample,D,double,prepared,0,65536,false,6,26.553249359,21.368348666475931
sample,D,double,prepared,0,65536,false,7,26.567935944,25.896581830243385
sample,D,double,prepared,0,65536,false,8,26.538848877,26.1119497292134
sample,D,double,lookupApply,0,65536,false,0,55.830001831,26.219325416278018
sample,D,double,lookupApply,0,65536,false,1,55.921268463,25.715705691447777
sample,D,double,lookupApply,0,65536,false,2,55.865097046,22.719300417329979
sample,D,double,lookupApply,0,65536,false,3,55.944824219,27.228463872184328
sample,D,double,lookupApply,0,65536,false,4,56.056118011,22.122360872154424
sample,D,double,lookupApply,0,65536,false,5,55.905246735,23.985236724559542
sample,D,double,lookupApply,0,65536,false,6,55.784034729,21.944273643942932
sample,D,double,lookupApply,0,65536,false,7,56.331062317,25.559802903837348
sample,D,double,lookupApply,0,65536,false,8,55.848979950,26.387423194872969
sample,D,double,lookup,0,65536,false,0,46.916198730,33.045182099999998
sample,D,double,lookup,0,65536,false,1,46.858310699,44.497450619999995
sample,D,double,lookup,0,65536,false,2,46.858787537,46.422605999999995
sample,D,double,lookup,0,65536,false,3,46.808052063,45.314874399999994
sample,D,double,lookup,0,65536,false,4,46.862792969,44.331214719999998
sample,D,double,lookup,0,65536,false,5,46.894454956,43.403260799999998
sample,D,double,lookup,0,65536,false,6,46.843433380,42.509996679999993
sample,D,double,lookup,0,65536,false,7,46.832847595,41.713863999999994
sample,D,double,lookup,0,65536,false,8,46.830177307,40.932294199999994
sample,D,double,brettel,1,65536,false,0,29.472923279,25.534799323720147
sample,D,double,brettel,1,65536,false,1,29.425621033,25.076469247272449
sample,D,double,brettel,1,65536,false,2,29.445552826,21.689719175402452
sample,D,double,brettel,1,65536,false,3,29.453182220,27.13774279056992
sample,D,double,brettel,1,65536,false,4,29.441165924,21.176441111772334
sample,D,double,brettel,1,65536,false,5,29.438686371,24.382196438086517
sample,D,double,brettel,1,65536,false,6,29.449081421,21.53210809887846
sample,D,double,brettel,1,65536,false,7,29.493904114,25.524098570687425
sample,D,double,brettel,1,65536,false,8,29.445075989,26.428643046005952
sample,D,double,vienot,1,65536,false,0,22.223091125,25.574443903868165
sample,D,double,vienot,1,65536,false,1,22.182941437,25.287831713130387
sample,D,double,vienot,1,65536,false,2,22.227382660,21.999052619211106
sample,D,double,vienot,1,65536,false,3,22.199726105,27.217826291294731
sample,D,double,vienot,1,65536,false,4,22.206687927,21.424986464637218
sample,D,double,vienot,1,65536,false,5,22.181415558,24.098198837872889
sample,D,double,vienot,1,65536,false,6,22.237491608,21.634132204165713
sample,D,double,vienot,1,65536,false,7,22.203159332,25.871293449301898
sample,D,double,vienot,1,65536,false,8,22.229766846,26.1629892948806
sample,D,double,prepared,1,65536,false,0,26.550960541,25.315822750286102
sample,D,double,prepared,1,65536,false,1,26.581001282,25.037795568154415
sample,D,double,prepared,1,65536,false,2,26.561450958,21.752644545738917
sample,D,double,prepared,1,65536,false,3,26.601886749,27.078401579812311
sample,D,double,prepared,1,65536,false,4,26.565837860,21.281259329419392
sample,D,double,prepared,1,65536,false,5,26.572799683,24.330453277401389
sample,D,double,prepared,1,65536,false,6,26.536941528,21.591436470901044
sample,D,double,prepared,1,65536,false,7,40.343093872,25.360436297245741
sample,D,double,prepared,1,65536,false,8,45.924854279,26.491253204577703
sample,D,double,lookupApply,1,65536,false,0,55.850696564,25.511553337206681
sample,D,double,lookupApply,1,65536,false,1,55.814075470,25.766479506335848
sample,D,double,lookupApply,1,65536,false,2,55.842876434,22.710754769346458
sample,D,double,lookupApply,1,65536,false,3,55.834579468,27.202172980226443
sample,D,double,lookupApply,1,65536,false,4,55.858898163,22.147948448048218
sample,D,double,lookupApply,1,65536,false,5,55.912685394,24.001410025886777
sample,D,double,lookupApply,1,65536,false,6,55.794429779,21.981695656654303
sample,D,double,lookupApply,1,65536,false,7,71.080684662,25.371978782699628
sample,D,double,lookupApply,1,65536,false,8,65.378475189,26.533491654536967
sample,D,double,lookup,1,65536,false,0,48.027133942,33.289563600000001
sample,D,double,lookup,1,65536,false,1,48.455333710,44.514726719999992
sample,D,double,lookup,1,65536,false,2,49.571132660,46.30270608
sample,D,double,lookup,1,65536,false,3,47.194385529,45.112875519999996
sample,D,double,lookup,1,65536,false,4,48.130416870,44.077140159999992
sample,D,double,lookup,1,65536,false,5,46.820163727,43.1105904
sample,D,double,lookup,1,65536,false,6,46.818542480,42.185777440000003
sample,D,double,lookup,1,65536,false,7,47.025299072,41.377827520000004
sample,D,double,lookup,1,65536,false,8,46.889495850,40.58736983
sample,D,double,brettel,2,65536,false,0,29.332637787,26.502420949263751
sample,D,double,brettel,2,65536,false,1,29.367160797,24.719619299000534
sample,D,double,brettel,2,65536,false,2,29.309844971,21.066839966887922
sample,D,double,brettel,2,65536,false,3,29.361820221,27.536287824826427
sample,D,double,brettel,2,65536,false,4,29.377651215,20.923758282597085
sample,D,double,brettel,2,65536,false,5,29.335689545,26.735651752956432
sample,D,double,brettel,2,65536,false,6,29.271602631,22.039111659876401
sample,D,double,brettel,2,65536,false,7,29.301834106,24.745709838406956
sample,D,double,brettel,2,65536,false,8,29.334831238,28.63366751659418
sample,D,double,prepared,2,65536,false,0,26.579380035,24.282834379774165
sample,D,double,prepared,2,65536,false,1,26.534938812,24.840977925947964
sample,D,double,prepared,2,65536,false,2,26.590251923,21.953706132753485
sample,D,double,prepared,2,65536,false,3,26.549148560,26.872323485038528
sample,D,double,prepared,2,65536,false,4,26.681613922,21.787783263805604
sample,D,double,prepared,2,65536,false,5,32.526683807,24.456510970969706
sample,D,double,prepared,2,65536,false,6,26.576423645,21.978595940749219
sample,D,double,prepared,2,65536,false,7,26.535224915,24.376591198809795
sample,D,double,prepared,2,65536,false,8,26.586818695,27.184409762706952
sample,D,double,lookupApply,2,65536,false,0,55.793571472,24.65400314768215
sample,D,double,lookupApply,2,65536,false,1,55.951499939,26.12693338831555
sample,D,double,lookupApply,2,65536,false,2,55.792427063,22.691785298781411
sample,D,double,lookupApply,2,65536,false,3,55.993652344,27.16161314815351
sample,D,double,lookupApply,2,65536,false,4,55.827426910,22.173848318690773
sample,D,double,lookupApply,2,65536,false,5,55.834102631,24.032991671904171
sample,D,double,lookupApply,2,65536,false,6,55.919265747,22.034040523355156
sample,D,double,lookupApply,2,65536,false,7,55.818843842,25.090091496262463
sample,D,double,lookupApply,2,65536,false,8,55.806350708,26.749319196254216
sample,D,double,lookup,2,65536,false,0,46.838855743,40.857734549999996
sample,D,double,lookup,2,65536,false,1,46.860122681,46.036463310000002
sample,D,double,lookup,2,65536,false,2,46.794033051,46.527020879999995
sample,D,double,lookup,2,65536,false,3,46.899795532,45.50780872
sample,D,double,lookup,2,65536,false,4,46.816444397,44.753353359999998
sample,D,double,lookup,2,65536,false,5,46.825504303,44.117768400000003
sample,D,double,lookup,2,65536,false,6,47.116279602,43.578705589999984
sample,D,double,lookup,2,65536,false,7,46.919536591,43.309904799999998
sample,D,double,lookup,2,65536,false,8,46.830654144,43.081174050000001
