variant,scalar,mode,deficiency,n,block,samples,min_ns,median_ns,max_ns
index,double,brettel,0,1024,0,18,3.778076172,3.784179688,5.438232422
index,double,brettel,0,1024,1,18,3.778076172,3.80859375,4.840087891
index,double,brettel,0,1024,2,18,3.765869141,3.80859375,4.870605469
index,double,brettel,0,65536,0,18,3.845310211,3.8682937625,3.919124603
index,double,brettel,0,65536,1,18,3.848934174,3.8701057435,3.91254425
index,double,brettel,0,65536,2,18,3.847694397,3.8601875305,3.904914856
index,double,brettel,0,8191,0,18,3.780826517,3.8598003910000003,4.578195581
index,double,brettel,0,8191,1,18,3.780063484,3.850262483,4.570565255
index,double,brettel,0,8191,2,18,3.783878647,3.86094494,4.531650592
index,double,brettel,1,1024,0,18,3.778076172,3.790283203,6.109619141
index,double,brettel,1,1024,1,18,3.778076172,3.7811279300000002,4.937744141
index,double,brettel,1,1024,2,18,3.778076172,3.80859375,5.242919922
index,double,brettel,1,65536,0,18,3.846645355,3.856372833,3.934001923
index,double,brettel,1,65536,1,18,3.846645355,3.863239288,3.896141052
index,double,brettel,1,65536,2,18,3.847312927,3.8593292235,3.91330719
index,double,brettel,1,8191,0,18,3.780063484,3.86094494,4.324105726
index,double,brettel,1,8191,1,18,3.774722256,3.8598003910000003,3.918172384
index,double,brettel,1,8191,2,18,3.778537419,3.830805152,3.950219753
index,double,brettel,2,1024,0,18,3.778076172,3.8024902345,24.938964844
index,double,brettel,2,1024,1,18,3.778076172,3.80859375,6.93359375
index,double,brettel,2,1024,2,18,3.80859375,3.814697266,14.959716797
index,double,brettel,2,65536,0,18,3.831100464,3.854417801,3.890991211
index,double,brettel,2,65536,1,18,3.83644104,3.856420517,3.90253067
index,double,brettel,2,65536,2,18,3.828620911,3.8524627684999997,3.880405426
index,double,brettel,2,8191,0,18,3.779300452,3.856366744,3.96395434
index,double,brettel,2,8191,1,18,3.780826517,3.8483549019999996,4.009736296
index,double,brettel,2,8191,2,18,3.780063484,3.8605634230000003,3.98455622
index,double,lookup,0,1024,0,18,8.386230469,8.3984375,9.039306641
index,double,lookup,0,1024,1,18,8.392333984,8.520507812,11.566162109
index,double,lookup,0,1024,2,18,8.380126953,8.395385742,9.875488281
index,double,lookup,0,65536,0,18,8.517837524,8.551359177,8.626365662
index,double,lookup,0,65536,1,18,8.528804779,8.567714690999999,9.169101715
index,double,lookup,0,65536,2,18,8.512496948,8.5453510285,8.644485474
index,double,lookup,0,8191,0,18,8.491789769,8.557792089,8.954187523
index,double,lookup,0,8191,1,18,8.513154682,8.561225736,8.930533512
index,double,lookup,0,8191,2,18,8.535282627,8.561988768500001,8.690178244
index,double,lookup,1,1024,0,18,8.374023438,8.395385742,9.722900391
index,double,lookup,1,1024,1,18,8.386230469,8.514404297,26.623535156
index,double,lookup,1,1024,2,18,8.374023438,8.386230469,10.101318359
index,double,lookup,1,65536,0,18,8.525753021,8.569669723499999,8.642482758
index,double,lookup,1,65536,1,18,8.530426025,8.559179306,8.663654327
index,double,lookup,1,65536,2,18,8.524799347,8.551931381500001,8.668804169
index,double,lookup,1,8191,0,18,8.503998291,8.588694909,8.658893908
index,double,lookup,1,8191,1,18,8.493315834,8.540242338999999,9.111372238
index,double,lookup,1,8191,2,18,8.520785008,8.5493987305,8.780979123
index,double,lookup,2,1024,0,18,8.374023438,8.3892822265,9.924316406
index,double,lookup,2,1024,1,18,8.374023438,8.410644531,9.991455078
index,double,lookup,2,1024,2,18,8.380126953,8.3892822265,193.591308594
index,double,lookup,2,65536,0,18,8.520030975,8.554840087999999,8.737468719
index,double,lookup,2,65536,1,18,8.518505096,8.573246002000001,8.754920959
index,double,lookup,2,65536,2,18,8.515453339,8.563709259,8.856868744
index,double,lookup,2,8191,0,18,8.516206812,8.598614333,9.553931144
index,double,lookup,2,8191,1,18,8.513154682,8.642488707,9.276950311
index,double,lookup,2,8191,2,18,8.504761323,8.578775485,9.372329386
index,double,lookupApply,0,1024,0,18,11.395263672,11.444091796999999,14.324951172
index,double,lookupApply,0,1024,1,18,11.389160156,11.4044189455,13.4765625
index,double,lookupApply,0,1024,2,18,11.383056641,11.437988281,12.738037109
index,double,lookupApply,0,65536,0,18,11.604881287,11.6200447085,11.715984344
index,double,lookupApply,0,65536,1,18,11.602020264,11.64393425,11.761569977
index,double,lookupApply,0,65536,2,18,11.60697937,11.6499900815,11.708927155
index,double,lookupApply,0,8191,0,18,11.53628983,11.617934318,12.329080698
index,double,lookupApply,0,8191,1,18,11.569100232,11.643495909999999,12.278720547
index,double,lookupApply,0,8191,2,18,11.527896472,11.610303992,12.242094982
index,double,lookupApply,1,1024,0,18,11.383056641,11.401367188,12.683105469
index,double,lookupApply,1,1024,1,18,11.395263672,11.419677734,12.847900391
index,double,lookupApply,1,1024,2,18,11.383056641,11.4501953125,59.057617188
index,double,lookupApply,1,65536,0,18,11.620044708,11.650466919,11.710357666
index,double,lookupApply,1,65536,1,18,11.6065979,11.634159088,11.778259277
index,double,lookupApply,1,65536,2,18,11.606025696,11.6264343265,11.749649048
index,double,lookupApply,1,8191,0,18,11.539341961,11.631668905,13.982572335
index,double,lookupApply,1,8191,1,18,11.553076547,11.6263276765,11.799536076
index,double,lookupApply,1,8191,2,18,11.53018557,11.606870345499999,11.761384446
index,double,lookupApply,2,1024,0,18,11.267089844,11.450195312,16.632080078
index,double,lookupApply,2,1024,1,18,11.395263672,11.468505859499999,14.630126953
index,double,lookupApply,2,1024,2,18,11.431884766,11.508178711,13.342285156
index,double,lookupApply,2,65536,0,18,11.605739594,11.632728577,11.689758301
index,double,lookupApply,2,65536,1,18,11.602210999,11.644744873,11.722278595
index,double,lookupApply,2,65536,2,18,11.609649658,11.6304397585,11.73324585
index,double,lookupApply,2,8191,0,18,11.359266268,11.534000733,11.728574045
index,double,lookupApply,2,8191,1,18,11.434043462,11.601910633500001,12.254303504
index,double,lookupApply,2,8191,2,18,11.403522158,11.601529117,11.901782444
index,double,prepared,0,1024,0,18,1.892089844,1.904296875,5.151367188
index,double,prepared,0,1024,1,18,1.892089844,1.898193359,2.996826172
index,double,prepared,0,1024,2,18,1.879882812,1.9104003905,1.947021484
index,double,prepared,0,65536,0,18,1.924419403,1.9389152525,1.960754395
index,double,prepared,0,65536,1,18,1.941680908,1.9613742825,1.98802948
index,double,prepared,0,65536,2,18,1.919460297,1.9443511965,1.998901367
index,double,prepared,0,8191,0,18,1.906055427,1.9445885729999999,2.074685631
index,double,prepared,0,8191,1,18,1.905292394,1.936195214,2.028140642
index,double,prepared,0,8191,2,18,1.907581492,1.925894274,2.101391771
index,double,prepared,1,1024,0,18,1.898193359,1.904296875,2.374267578
index,double,prepared,1,1024,1,18,1.885986328,1.892089844,1.898193359
index,double,prepared,1,1024,2,18,1.879882812,1.910400391,1.953125
index,double,prepared,1,65536,0,18,1.912021637,1.9304275510000002,1.991653442
index,double,prepared,1,65536,1,18,1.93605423,1.957988739,1.980304718
index,double,prepared,1,65536,2,18,1.918029785,1.9455432890000002,1.999950409
index,double,prepared,1,8191,0,18,1.906818459,1.9354321815,2.156330118
index,double,prepared,1,8191,1,18,1.903766329,1.915211818,2.061714076
index,double,prepared,1,8191,2,18,1.893846905,1.9094890735,2.028140642
index,double,prepared,2,1024,0,18,1.885986328,1.922607422,3.3203125
index,double,prepared,2,1024,1,18,1.885986328,1.9134521485,1.989746094
index,double,prepared,2,1024,2,18,1.910400391,1.940917969,22.076416016
index,double,prepared,2,65536,0,18,1.913452148,1.9337177275,1.95684433
index,double,prepared,2,65536,1,18,1.931858063,1.954317093,1.975154877
index,double,prepared,2,65536,2,18,1.917076111,1.940393448,2.010631561
index,double,prepared,2,8191,0,18,1.908344524,1.9415364425,4.142503968
index,double,prepared,2,8191,1,18,1.908344524,1.936958247,4.335551215
index,double,prepared,2,8191,2,18,1.908344524,1.915593334,3.748779148
index,double,vienot,0,1024,0,18,1.049804688,1.055908203,1.110839844
index,double,vienot,0,1024,1,18,1.049804688,1.055908203,2.618408203
index,double,vienot,0,1024,2,18,1.049804688,1.0620117185,1.080322266
index,double,vienot,0,65536,0,18,1.0887146,1.1113643645,1.233482361
index,double,vienot,0,65536,1,18,1.072502136,1.0943889615,1.218032837
index,double,vienot,0,65536,2,18,1.081085205,1.1101245885000002,1.262569427
index,double,vienot,0,8191,0,18,1.056800147,1.0743498965,1.229245513
index,double,vienot,0,8191,1,18,1.057563179,1.079309608,1.287235991
index,double,vienot,0,8191,2,18,1.049932853,1.059852277,1.220852155
index,double,vienot,1,1024,0,18,1.049804688,1.055908203,1.055908203
index,double,vienot,1,1024,1,18,1.049804688,1.055908203,2.520751953
index,double,vienot,1,1024,2,18,1.049804688,1.068115234,2.600097656
index,double,vienot,1,65536,0,18,1.071071625,1.1155605315,1.231575012
index,double,vienot,1,65536,1,18,1.083278656,1.1262893675,1.543903351
index,double,vienot,1,65536,2,18,1.080036163,1.1206150055,1.244354248
index,double,vienot,1,8191,0,18,1.054511049,1.0594707605,1.77481382
index,double,vienot,1,8191,1,18,1.051458918,1.062141375,1.764894396
index,double,vienot,1,8191,2,18,1.054511049,1.083124771,1.781681113
index,float,brettel,0,1024,0,18,2.355957031,2.4200439449999998,3.41796875
index,float,brettel,0,1024,1,18,2.349853516,2.4169921875,2.453613281
index,float,brettel,0,1024,2,18,2.337646484,2.4200439455,2.453613281
index,float,brettel,0,65536,0,18,2.410030365,2.45847702,2.485084534
index,float,brettel,0,65536,1,18,2.407741547,2.4677753449999997,2.554607391
index,float,brettel,0,65536,2,18,2.388095856,2.4575710295,2.492904663
index,float,brettel,0,8191,0,18,2.323434257,2.4252991085,3.565651325
index,float,brettel,0,8191,1,18,2.323434257,2.4352185325,3.168111342
index,float,brettel,0,8191,2,18,2.372268343,2.4275882065000003,3.267305579
index,float,brettel,1,1024,0,18,2.386474609,2.438354492,24.151611328
index,float,brettel,1,1024,1,18,2.386474609,2.438354492,3.753662109
index,float,brettel,1,1024,2,18,2.380371094,2.438354492,3.668212891
index,float,brettel,1,65536,0,18,2.443218231,2.4633407595,2.501487732
index,float,brettel,1,65536,1,18,2.451896667,2.464532852,2.499961853
index,float,brettel,1,65536,2,18,2.441692352,2.4654388425000002,2.514839172
index,float,brettel,1,8191,0,18,2.424917592,2.7072396535,3.190239287
index,float,brettel,1,8191,1,18,2.421102429,2.4249175925,2.592784764
index,float,brettel,1,8191,2,18,2.421865462,2.428351239,2.543950678
index,float,brettel,2,1024,0,18,2.386474609,2.392578125,2.435302734
index,float,brettel,2,1024,1,18,2.386474609,2.392578125,2.398681641
index,float,brettel,2,1024,2,18,2.380371094,2.4200439455,2.453613281
index,float,brettel,2,65536,0,18,2.444267273,2.4618148805,2.478027344
index,float,brettel,2,65536,1,18,2.447986603,2.4654388430000003,2.485275269
index,float,brettel,2,65536,2,18,2.449798584,2.4656295774999997,2.478790283
index,float,brettel,2,8191,0,18,2.420339397,2.4264436575,2.756836772
index,float,brettel,2,8191,1,18,2.420339397,2.42415456,2.518007569
index,float,brettel,2,8191,2,18,2.421865462,2.426443658,2.583628373
index,float,lookup,0,1024,0,18,6.701660156,7.12890625,12.145996094
index,float,lookup,0,1024,1,18,6.707763672,6.994628906,8.099365234
index,float,lookup,0,1024,2,18,6.884765625,6.997680664,8.380126953
index,float,lookup,0,65536,0,18,6.978034973,7.0095539095,7.29932785
index,float,lookup,0,65536,1,18,6.806659698,7.041978836,7.173347473
index,float,lookup,0,65536,2,18,6.799697876,6.962108612,7.169532776
index,float,lookup,0,8191,0,18,6.704767428,6.7875564645,11.110517641
index,float,lookup,0,8191,1,18,6.717738982,6.795186790500001,7.330454157
index,float,lookup,0,8191,2,18,6.732236601,6.8363905505,8.719936516
index,float,lookup,1,1024,0,18,6.683349609,7.000732422,9.9609375
index,float,lookup,1,1024,1,18,6.695556641,7.015991211,8.197021484
index,float,lookup,1,1024,2,18,6.848144531,6.991577148499999,9.796142578
index,float,lookup,1,65536,0,18,6.977844238,7.016468048,7.075500488
index,float,lookup,1,65536,1,18,6.789016724,6.990671158,7.28521347
index,float,lookup,1,65536,2,18,6.809806824,7.0071220400000005,7.317256927
index,float,lookup,1,8191,0,18,6.725369308,6.8142626055,8.914509828
index,float,lookup,1,8191,1,18,6.711634721,6.813881089,10.062110853
index,float,lookup,1,8191,2,18,6.718502014,6.811591991,7.444146014
index,float,lookup,2,1024,0,18,6.689453125,6.9976806645,8.49609375
index,float,lookup,2,1024,1,18,6.677246094,6.869506836,8.093261719
index,float,lookup,2,1024,2,18,6.677246094,6.997680664,8.386230469
index,float,lookup,2,65536,0,18,6.805229187,6.936740875,7.090568542
index,float,lookup,2,65536,1,18,6.785488129,6.9280147549999995,7.079029083
index,float,lookup,2,65536,2,18,7.032203674,7.1170330045,7.408046722
index,float,lookup,2,8191,0,18,6.717738982,6.9798406790000005,7.483823709
index,float,lookup,2,8191,1,18,6.803961665,6.948174826,7.230496887
index,float,lookup,2,8191,2,18,6.731473569,6.807395312,7.127487486
index,float,lookupApply,0,1024,0,18,9.527587891,9.6099853515,10.687255859
index,float,lookupApply,0,1024,1,18,9.515380859,9.573364258,10.748291016
index,float,lookupApply,0,1024,2,18,9.552001953,9.573364258,11.9140625
index,float,lookupApply,0,65536,0,18,9.718322754,9.756326675,9.836387634
index,float,lookupApply,0,65536,1,18,9.703731537,9.7496986385,9.84621048
index,float,lookupApply,0,65536,2,18,9.709358215,9.7710609435,9.885978699
index,float,lookupApply,0,8191,0,18,9.634812599,9.7019594675,10.442864119
index,float,lookupApply,0,8191,1,18,9.634812599,9.717601636,10.270418752
index,float,lookupApply,0,8191,2,18,9.64396899,9.724087413,10.499328531
index,float,lookupApply,1,1024,0,18,9.521484375,9.585571289,11.700439453
index,float,lookupApply,1,1024,1,18,9.515380859,9.5703125,15.002441406
index,float,lookupApply,1,1024,2,18,9.515380859,9.576416016,32.427978516
index,float,lookupApply,1,65536,0,18,9.708786011,9.745645523,9.823322296
index,float,lookupApply,1,65536,1,18,9.70582962,9.754562378,9.849452972
index,float,lookupApply,1,65536,2,18,9.701824188,9.756422043,11.173725128
index,float,lookupApply,1,8191,0,18,9.653125382,9.7683433035,10.503143694
index,float,lookupApply,1,8191,1,18,9.644732023,9.750030521500001,10.35206324
index,float,lookupApply,1,8191,2,18,9.666859968,9.7244689295,10.64888292
index,float,lookupApply,2,1024,0,18,9.527587891,9.606933594,11.645507812
index,float,lookupApply,2,1024,1,18,9.509277344,9.564208984,10.9375
index,float,lookupApply,2,1024,2,18,9.521484375,9.729003906,11.370849609
index,float,lookupApply,2,65536,0,18,9.713363647,9.740352630499999,9.811401367
index,float,lookupApply,2,65536,1,18,9.702396393,9.741067886,9.967422485
index,float,lookupApply,2,65536,2,18,9.703731537,9.764862060999999,12.046527863
index,float,lookupApply,2,8191,0,18,9.636338664,9.7027225005,10.487883042
index,float,lookupApply,2,8191,1,18,9.651599316,9.7172201195,10.355878403
index,float,lookupApply,2,8191,2,18,9.639390795,9.712641924,11.365370529
index,float,prepared,0,1024,0,18,2.136230469,2.1575927735000002,3.839111328
index,float,prepared,0,1024,1,18,2.136230469,2.1484375,3.277587891
index,float,prepared,0,1024,2,18,2.130126953,2.1636962889999998,3.515625
index,float,prepared,0,65536,0,18,2.152442932,2.175569534,2.212142944
index,float,prepared,0,65536,1,18,2.17590332,2.1883010865,2.216625214
index,float,prepared,0,65536,2,18,2.154445648,2.177619934,2.203559875
index,float,prepared,0,8191,0,18,2.13038701,2.152133439,2.366164083
index,float,prepared,0,8191,1,18,2.13038701,2.154422537,2.295202051
index,float,prepared,0,8191,2,18,2.131913075,2.1536595045,2.352429496
index,float,prepared,1,1024,0,18,2.136230469,2.154541016,2.203369141
index,float,prepared,1,1024,1,18,2.130126953,2.1514892574999998,21.917724609
index,float,prepared,1,1024,2,18,2.136230469,2.1484375,2.172851562
index,float,prepared,1,65536,0,18,2.17590332,2.187490463,2.245521545
index,float,prepared,1,65536,1,18,2.175617218,2.185821533,2.213478088
index,float,prepared,1,65536,2,18,2.17666626,2.187204361,2.266216278
index,float,prepared,1,8191,0,18,2.151751923,2.156330118,3.577859846
index,float,prepared,1,8191,1,18,2.154804053,2.156330118,2.3829508
index,float,prepared,1,8191,2,18,2.151751923,2.1612898305000003,2.266206812
index,float,prepared,2,1024,0,18,2.130126953,2.136230469,2.1484375
index,float,prepared,2,1024,1,18,2.130126953,2.142333984,3.527832031
index,float,prepared,2,1024,2,18,2.130126953,2.154541016,4.309082031
index,float,prepared,2,65536,0,18,2.175617218,2.1877765655,2.200603485
index,float,prepared,2,65536,1,18,2.176189423,2.1841526030000002,2.203083038
index,float,prepared,2,65536,2,18,2.176094055,2.1860599515,2.253055573
index,float,prepared,2,8191,0,18,2.152514955,2.154804053,2.259339519
index,float,prepared,2,8191,1,18,2.152514955,2.155948602,2.242552802
index,float,prepared,2,8191,2,18,2.153277988,2.1567116349999997,2.311225736
index,float,vienot,0,1024,0,18,1.062011719,1.0650634765,1.07421875
index,float,vienot,0,1024,1,18,1.062011719,1.068115234,1.07421875
index,float,vienot,0,1024,2,18,1.055908203,1.0650634765,1.824951172
index,float,vienot,0,65536,0,18,1.073741913,1.0875701905,1.115989685
index,float,vienot,0,65536,1,18,1.086902618,1.09705925,1.153945923
index,float,vienot,0,65536,2,18,1.072692871,1.088523865,1.118183136
index,float,vienot,0,8191,0,18,1.059089244,1.078165059,1.805335124
index,float,vienot,0,8191,1,18,1.059852277,1.078165059,1.206354535
index,float,vienot,0,8191,2,18,1.059852277,1.078165059,1.154468319
index,float,vienot,1,1024,0,18,1.055908203,1.068115234,1.116943359
index,float,vienot,1,1024,1,18,1.055908203,1.068115234,2.972412109
index,float,vienot,1,1024,2,18,1.055908203,1.068115234,1.080322266
index,float,vienot,1,65536,0,18,1.090431213,1.0961532594999999,1.120471954
index,float,vienot,1,65536,1,18,1.089382172,1.092243195,1.118373871
index,float,vienot,1,65536,2,18,1.089668274,1.1002063755,1.128196716
index,float,vienot,1,8191,0,18,1.070534733,1.3017336099999999,1.724453669
index,float,vienot,1,8191,1,18,1.068245635,1.078165059,1.171255036
index,float,vienot,1,8191,2,18,1.077402027,1.08426932,1.300970577
lookup,double,lookup,0,1024,0,18,8.380126953,8.392333984,9.637451172
lookup,double,lookup,0,1024,1,18,8.386230469,8.392333984,14.044189453
lookup,double,lookup,0,1024,2,18,8.380126953,8.392333984,10.510253906
lookup,double,lookup,0,65536,0,18,8.53805542,8.581066132,8.627414703
lookup,double,lookup,0,65536,1,18,8.517360687,8.5517406465,8.658790588
lookup,double,lookup,0,65536,2,18,8.535766602,8.568429947,8.656597137
lookup,double,lookup,0,8191,0,18,8.523074106,8.601666463,10.899920645
lookup,double,lookup,0,8191,1,18,8.502472226,8.617308631499998,11.392839702
lookup,double,lookup,0,8191,2,18,8.516969845,8.581446099,11.035740447
lookup,double,lookup,1,1024,0,18,8.380126953,8.392333984,12.823486328
lookup,double,lookup,1,1024,1,18,8.374023438,8.392333984,11.779785156
lookup,double,lookup,1,1024,2,18,8.380126953,8.3984375,9.893798828
lookup,double,lookup,1,65536,0,18,8.554935455,8.599805832,8.808135986
lookup,double,lookup,1,65536,1,18,8.524513245,8.562088012499999,8.712768555
lookup,double,lookup,1,65536,2,18,8.55255127,8.5893154145,8.68806839
lookup,double,lookup,1,8191,0,18,8.517732878,8.648592967999999,10.992247589
lookup,double,lookup,1,8191,1,18,8.499420095,8.609678305500001,11.226498596
lookup,double,lookup,1,8191,2,18,8.508576486,8.5585551215,11.017427665
lookup,double,lookup,2,1024,0,18,8.380126953,8.416748046999999,10.089111328
lookup,double,lookup,2,1024,1,18,8.386230469,8.404541016,10.021972656
lookup,double,lookup,2,1024,2,18,8.374023438,8.3984375,10.131835938
lookup,double,lookup,2,65536,0,18,8.538532257,8.5828781125,8.74414444
lookup,double,lookup,2,65536,1,18,8.516597748,8.565759659,8.675193787
lookup,double,lookup,2,65536,2,18,8.522033691,8.5744857785,8.713722229
lookup,double,lookup,2,8191,0,18,8.51544378,8.676062141,9.332651691
lookup,double,lookup,2,8191,1,18,8.508576486,8.601666463499999,9.093822488
lookup,double,lookup,2,8191,2,18,8.514680747,8.565422415,8.844310829
lookup,float,lookup,0,1024,0,18,6.689453125,7.000732422,8.850097656
lookup,float,lookup,0,1024,1,18,6.695556641,6.713867188,7.788085938
lookup,float,lookup,0,1024,2,18,6.726074219,6.86340332,8.392333984
lookup,float,lookup,0,65536,0,18,6.787490845,6.962490082,7.244300842
lookup,float,lookup,0,65536,1,18,6.81219101,7.030534744500001,7.18421936
lookup,float,lookup,0,65536,2,18,6.798458099,6.9761276245,7.071018219
lookup,float,lookup,0,8191,0,18,6.700189232,6.8180777685,7.351056037
lookup,float,lookup,0,8191,1,18,6.877212795,7.072167623,7.534946893
lookup,float,lookup,0,8191,2,18,6.695611037,6.945504212,7.55173361
lookup,float,lookup,1,1024,0,18,6.719970703,7.0068359375,8.251953125
lookup,float,lookup,1,1024,1,18,6.689453125,6.701660156,8.538818359
lookup,float,lookup,1,1024,2,18,6.683349609,6.893920898499999,8.062744141
lookup,float,lookup,1,65536,0,18,6.813240051,6.9243907925,7.107925415
lookup,float,lookup,1,65536,1,18,6.804180145,7.001066208,7.256126404
lookup,float,lookup,1,65536,2,18,6.793785095,6.9479465485,7.124900818
lookup,float,lookup,1,8191,0,18,6.728421438,6.8539403005,7.06110365
lookup,float,lookup,1,8191,1,18,6.868056403,7.0687339765,7.21371017
lookup,float,lookup,1,8191,2,18,6.680350385,7.038594188499999,7.195397387
lookup,float,lookup,2,1024,0,18,6.689453125,7.0098876955,8.142089844
lookup,float,lookup,2,1024,1,18,6.689453125,6.7932128904999995,8.0078125
lookup,float,lookup,2,1024,2,18,6.683349609,6.866455078,8.526611328
lookup,float,lookup,2,65536,0,18,6.776428223,6.9705486295,7.067012787
lookup,float,lookup,2,65536,1,18,6.809616089,7.0016860965,7.156467438
lookup,float,lookup,2,65536,2,18,6.805038452,6.9276332855,6.998634338
lookup,float,lookup,2,8191,0,18,6.695611037,6.7879379805,7.07560127
lookup,float,lookup,2,8191,1,18,7.000061043,7.1225277745,7.21981443
lookup,float,lookup,2,8191,2,18,6.691795874,7.037831156,7.388444634
oldindex,double,brettel,0,1024,0,18,3.784179688,3.790283203,4.443359375
oldindex,double,brettel,0,1024,1,18,3.771972656,3.7872314455,5.194091797
oldindex,double,brettel,0,1024,2,18,3.778076172,3.784179688,5.163574219
oldindex,double,brettel,0,65536,0,18,3.860378265,3.8863658905,4.016399384
oldindex,double,brettel,0,65536,1,18,3.837108612,3.8595199585,3.954124451
oldindex,double,brettel,0,65536,2,18,3.841304779,3.856945038,3.885269165
oldindex,double,brettel,0,8191,0,18,3.777774387,3.8002838480000003,4.625503602
oldindex,double,brettel,0,8191,1,18,3.780063484,3.8586558415,4.521731168
oldindex,double,brettel,0,8191,2,18,3.78158955,3.855222195,4.530124527
oldindex,double,brettel,1,1024,0,18,3.771972656,3.784179688,5.169677734
oldindex,double,brettel,1,1024,1,18,3.778076172,3.784179688,7.995605469
oldindex,double,brettel,1,1024,2,18,3.778076172,3.7933349610000002,3.802490234
oldindex,double,brettel,1,65536,0,18,3.8438797,3.857183456,3.909778595
oldindex,double,brettel,1,65536,1,18,3.839111328,3.8563251495,3.886604309
oldindex,double,brettel,1,65536,2,18,3.838920593,3.8538455965000002,3.933811188
oldindex,double,brettel,1,8191,0,18,3.780063484,3.8601819070000003,3.989897448
oldindex,double,brettel,1,8191,1,18,3.780826517,3.804099011,3.956324014
oldindex,double,brettel,1,8191,2,18,3.78158955,3.8266084730000003,3.949456721
oldindex,double,brettel,2,1024,0,18,3.771972656,3.80859375,24.169921875
oldindex,double,brettel,2,1024,1,18,3.790283203,3.80859375,25.073242188
oldindex,double,brettel,2,1024,2,18,3.778076172,3.8024902345,3.820800781
oldindex,double,brettel,2,65536,0,18,3.83644104,3.8537979125,3.891086578
oldindex,double,brettel,2,65536,1,18,3.831863403,3.8535118105,3.923606873
oldindex,double,brettel,2,65536,2,18,3.843975067,3.86428833,3.929233551
oldindex,double,brettel,2,8191,0,18,3.783878647,3.8647601025,4.159290685
oldindex,double,brettel,2,8191,1,18,3.780063484,3.828516054,3.928854841
oldindex,double,brettel,2,8191,2,18,3.783115615,3.8273715055000004,3.973110731
oldindex,double,lookup,0,1024,0,18,8.374023438,8.386230469,9.637451172
oldindex,double,lookup,0,1024,1,18,8.380126953,8.416748047,10.504150391
oldindex,double,lookup,0,1024,2,18,8.386230469,8.3984375,13.146972656
oldindex,double,lookup,0,65536,0,18,8.541107178,8.592414856,8.659267426
oldindex,double,lookup,0,65536,1,18,8.517169952,8.5579395295,8.639240265
oldindex,double,lookup,0,65536,2,18,8.523082733,8.561325072999999,8.777332306
oldindex,double,lookup,0,8191,0,18,8.510865584,8.591365523,8.700097668
oldindex,double,lookup,0,8191,1,18,8.532230497,8.598995849000001,8.805396167
oldindex,double,lookup,0,8191,2,18,8.503998291,8.5558845075,8.968685142
oldindex,double,lookup,1,1024,0,18,8.374023438,8.386230469,9.527587891
oldindex,double,lookup,1,1024,1,18,8.380126953,8.401489258,14.056396484
oldindex,double,lookup,1,1024,2,18,8.386230469,8.3984375,10.229492188
oldindex,double,lookup,1,65536,0,18,8.52022171,8.564901352,8.633804321
oldindex,double,lookup,1,65536,1,18,8.519268036,8.595895767,8.719730377
oldindex,double,lookup,1,65536,2,18,8.533000946,8.583545684499999,8.633232117
oldindex,double,lookup,1,8191,0,18,8.482633378,8.5738157735,9.359357832
oldindex,double,lookup,1,8191,1,18,8.508576486,8.5467281165,8.648211452
oldindex,double,lookup,1,8191,2,18,8.503235258,8.563133317,10.780124527
oldindex,double,lookup,2,1024,0,18,8.380126953,8.3984375,10.44921875
oldindex,double,lookup,2,1024,1,18,8.386230469,8.410644531,10.089111328
oldindex,double,lookup,2,1024,2,18,8.374023438,8.395385742,11.077880859
oldindex,double,lookup,2,65536,0,18,8.5313797,8.579349518,8.743667603
oldindex,double,lookup,2,65536,1,18,8.51688385,8.5566043855,8.840656281
oldindex,double,lookup,2,65536,2,18,8.54434967,8.600616455,8.774089813
oldindex,double,lookup,2,8191,0,18,8.503235258,8.6451593215,9.32654743
oldindex,double,lookup,2,8191,1,18,8.520785008,8.623031376,8.877884263
oldindex,double,lookup,2,8191,2,18,8.483396411,8.5738157735,9.076272738
oldindex,double,lookupApply,0,1024,0,18,11.383056641,11.401367188,13.470458984
oldindex,double,lookupApply,0,1024,1,18,11.401367188,11.468505859,12.725830078
oldindex,double,lookupApply,0,1024,2,18,11.395263672,11.407470703,13.653564453
oldindex,double,lookupApply,0,65536,0,18,11.605453491,11.636066437,11.727905273
oldindex,double,lookupApply,0,65536,1,18,11.603927612,11.628437042,11.711120605
oldindex,double,lookupApply,0,65536,2,18,11.619567871,11.6585731505,11.759567261
oldindex,double,lookupApply,0,8191,0,18,11.527896472,11.590846661,12.266512025
oldindex,double,lookupApply,0,8191,1,18,11.549261384,11.626327676999999,12.205469418
oldindex,double,lookupApply,0,8191,2,18,11.543157124,11.6362471005,12.892198755
oldindex,double,lookupApply,1,1024,0,18,11.376953125,11.395263672,14.221191406
oldindex,double,lookupApply,1,1024,1,18,11.383056641,11.4166259765,13.848876953
oldindex,double,lookupApply,1,1024,2,18,11.383056641,11.407470703,13.726806641
oldindex,double,lookupApply,1,65536,0,18,11.605358124,11.6374015805,11.703491211
oldindex,double,lookupApply,1,65536,1,18,11.599254608,11.613035202,11.722278595
oldindex,double,lookupApply,1,65536,2,18,11.608886719,11.660718918,11.761474609
oldindex,double,lookupApply,1,8191,0,18,11.530948602,11.6034366985,11.67439873
oldindex,double,lookupApply,1,8191,1,18,11.523318276,11.601147601,11.690422415
oldindex,double,lookupApply,1,8191,2,18,11.525607374,11.6454034915,12.194786961
oldindex,double,lookupApply,2,1024,0,18,11.260986328,11.511230468499999,18.762207031
oldindex,double,lookupApply,2,1024,1,18,11.260986328,11.45324707,13.024902344
oldindex,double,lookupApply,2,1024,2,18,11.267089844,11.608886718499999,12.622070312
oldindex,double,lookupApply,2,65536,0,18,11.622619629,11.661624908,11.792850494
oldindex,double,lookupApply,2,65536,1,18,11.611175537,11.673116684,11.720466614
oldindex,double,lookupApply,2,65536,2,18,11.615943909,11.64894104,11.754226685
oldindex,double,lookupApply,2,8191,0,18,11.373000855,11.595806373,12.644213161
oldindex,double,lookupApply,2,8191,1,18,11.494323037,11.582453302000001,11.776645098
oldindex,double,lookupApply,2,8191,2,18,11.386735441,11.580927237000001,11.88575876
oldindex,double,prepared,0,1024,0,18,1.879882812,1.8920898435,1.904296875
oldindex,double,prepared,0,1024,1,18,1.892089844,1.904296875,1.910400391
oldindex,double,prepared,0,1024,2,18,1.898193359,1.9134521485,4.144287109
oldindex,double,prepared,0,65536,0,18,1.918792725,1.945447922,1.984214783
oldindex,double,prepared,0,65536,1,18,1.938056946,1.966333389,2.025032043
oldindex,double,prepared,0,65536,2,18,1.932621002,1.956987381,2.065372467
oldindex,double,prepared,0,8191,0,18,1.920553046,1.9285648885,2.178458064
oldindex,double,prepared,0,8191,1,18,1.906055427,1.925512758,2.022799414
oldindex,double,prepared,0,8191,2,18,1.907581492,1.914067269,2.0716335
oldindex,double,prepared,1,1024,0,18,1.885986328,1.9073486325,1.934814453
oldindex,double,prepared,1,1024,1,18,1.892089844,1.898193359,3.131103516
oldindex,double,prepared,1,1024,2,18,1.892089844,1.901245117,3.41796875
oldindex,double,prepared,1,65536,0,18,1.925563812,1.9389152525,1.973056793
oldindex,double,prepared,1,65536,1,18,1.923656464,1.953125,2.158069611
oldindex,double,prepared,1,65536,2,18,1.927471161,1.9451618195,2.032756805
oldindex,double,prepared,1,8191,0,18,1.898425101,1.9201715295000001,2.096050543
oldindex,double,prepared,1,8191,1,18,1.890794775,1.926657307,2.013643023
oldindex,double,prepared,1,8191,2,18,1.893846905,1.9110151385,2.107496032
oldindex,double,prepared,2,1024,0,18,1.892089844,1.9256591795,1.959228516
oldindex,double,prepared,2,1024,1,18,1.885986328,1.9134521485,1.940917969
oldindex,double,prepared,2,1024,2,18,1.885986328,1.934814453,21.575927734
oldindex,double,prepared,2,65536,0,18,1.920986176,1.9423961639999998,1.988697052
oldindex,double,prepared,2,65536,1,18,1.927947998,1.94940567,1.997470856
oldindex,double,prepared,2,65536,2,18,1.920032501,1.952123642,1.985168457
oldindex,double,prepared,2,8191,0,18,1.921316079,1.9285648885,4.31952753
oldindex,double,prepared,2,8191,1,18,1.896899036,1.9232236600000001,4.655261873
oldindex,double,prepared,2,8191,2,18,1.897662068,1.907581492,4.165394946
oldindex,double,vienot,0,1024,0,18,1.049804688,1.055908203,1.062011719
oldindex,double,vienot,0,1024,1,18,1.049804688,1.0528564455,1.055908203
oldindex,double,vienot,0,1024,2,18,1.049804688,1.055908203,1.062011719
oldindex,double,vienot,0,65536,0,18,1.083850861,1.1114120485,1.18265152
oldindex,double,vienot,0,65536,1,18,1.076221466,1.107168198,1.228809357
oldindex,double,vienot,0,65536,2,18,1.089191437,1.1210441590000002,1.210689545
oldindex,double,vienot,0,8191,0,18,1.047643755,1.057563179,1.168202906
oldindex,double,vienot,0,8191,1,18,1.054511049,1.060233793,1.205591503
oldindex,double,vienot,0,8191,2,18,1.049169821,1.075112929,1.18422659
oldindex,double,vienot,1,1024,0,18,1.049804688,1.055908203,1.062011719
oldindex,double,vienot,1,1024,1,18,1.049804688,1.055908203,1.062011719
oldindex,double,vienot,1,1024,2,18,1.049804688,1.055908203,3.082275391
oldindex,double,vienot,1,65536,0,18,1.078510284,1.126432419,1.277446747
oldindex,double,vienot,1,65536,1,18,1.089477539,1.1163234709999998,1.163578033
oldindex,double,vienot,1,65536,2,18,1.078605652,1.135540009,1.30147934
oldindex,double,vienot,1,8191,0,18,1.054511049,1.058707728,2.093761445
oldindex,double,vienot,1,8191,1,18,1.054511049,1.0617598584999999,1.828989134
oldindex,double,vienot,1,8191,2,18,1.049169821,1.05641863,1.809913319
oldindex,float,brettel,0,1024,0,18,2.368164062,2.44140625,4.095458984
oldindex,float,brettel,0,1024,1,18,2.349853516,2.423095703,2.453613281
oldindex,float,brettel,0,1024,2,18,2.349853516,2.4200439455,2.453613281
oldindex,float,brettel,0,65536,0,18,2.390384674,2.4744510650000002,2.521419525
oldindex,float,brettel,0,65536,1,18,2.407932281,2.460384369,2.491188049
oldindex,float,brettel,0,65536,2,18,2.420520782,2.4601459505,2.514076233
oldindex,float,brettel,0,8191,0,18,2.324960322,2.4237730435,3.115462093
oldindex,float,brettel,0,8191,1,18,2.323434257,2.460017092,3.159717983
oldindex,float,brettel,0,8191,2,18,2.32419729,2.4237730435,3.077310463
oldindex,float,brettel,1,1024,0,18,2.410888672,2.4322509764999998,2.453613281
oldindex,float,brettel,1,1024,1,18,2.386474609,2.4139404300000002,2.447509766
oldindex,float,brettel,1,1024,2,18,2.392578125,2.435302734,2.453613281
oldindex,float,brettel,1,65536,0,18,2.452945709,2.472639084,2.504920959
oldindex,float,brettel,1,65536,1,18,2.443027496,2.466106415,2.492523193
oldindex,float,brettel,1,65536,2,18,2.452468872,2.467441559,2.516555786
oldindex,float,brettel,1,8191,0,18,2.421102429,2.424917592,2.630173361
oldindex,float,brettel,1,8191,1,18,2.416524234,2.426443658,2.524874863
oldindex,float,brettel,1,8191,2,18,2.421102429,2.426443658,2.586680503
oldindex,float,brettel,2,1024,0,18,2.380371094,2.392578125,2.960205078
oldindex,float,brettel,2,1024,1,18,2.380371094,2.392578125,3.601074219
oldindex,float,brettel,2,1024,2,18,2.380371094,2.398681641,3.497314453
oldindex,float,brettel,2,65536,0,18,2.456760406,2.4730682375,2.516937256
oldindex,float,brettel,2,65536,1,18,2.451515198,2.4652004245,2.488994598
oldindex,float,brettel,2,65536,2,18,2.449417114,2.4625301365,2.510738373
oldindex,float,brettel,2,8191,0,18,2.422628495,2.437889147,2.592784764
oldindex,float,brettel,2,8191,1,18,2.421865462,2.425680625,2.680533512
oldindex,float,brettel,2,8191,2,18,2.421102429,2.425680625,2.517244537
oldindex,float,lookup,0,1024,0,18,6.872558594,6.985473633,9.558105469
oldindex,float,lookup,0,1024,1,18,6.683349609,6.994628906,26.745605469
oldindex,float,lookup,0,1024,2,18,6.671142578,6.692504883,8.190917969
oldindex,float,lookup,0,65536,0,18,6.800937653,6.9328308105000005,7.050418854
oldindex,float,lookup,0,65536,1,18,6.985282898,7.078647613499999,7.157325745
oldindex,float,lookup,0,65536,2,18,6.795978546,6.9306373595,7.028675079
oldindex,float,lookup,0,8191,0,18,6.874160664,7.053091808,8.08356733
oldindex,float,lookup,0,8191,1,18,6.74673422,7.004257722,9.381485777
oldindex,float,lookup,0,8191,2,18,6.688743743,6.799001952999999,9.276950311
oldindex,float,lookup,1,1024,0,18,6.878662109,7.000732422,8.123779297
oldindex,float,lookup,1,1024,1,18,6.677246094,6.997680664,8.447265625
oldindex,float,lookup,1,1024,2,18,6.683349609,6.71081543,8.093261719
oldindex,float,lookup,1,65536,0,18,6.810379028,6.9373607635,7.026481628
oldindex,float,lookup,1,65536,1,18,6.965732574,7.063436508000001,7.219409943
oldindex,float,lookup,1,65536,2,18,6.782436371,6.9198131565,7.050514221
oldindex,float,lookup,1,8191,0,18,6.958857282,7.0817055305,7.666951532
oldindex,float,lookup,1,8191,1,18,6.739866927,7.098492247499999,7.458643633
oldindex,float,lookup,1,8191,2,18,6.684165548,6.7734403615000005,7.489164937
oldindex,float,lookup,2,1024,0,18,6.683349609,7.0007324220000005,8.10546875
oldindex,float,lookup,2,1024,1,18,6.677246094,6.866455078,8.270263672
oldindex,float,lookup,2,1024,2,18,6.689453125,6.701660156,8.184814453
oldindex,float,lookup,2,65536,0,18,6.804084778,6.845378876,6.977939606
oldindex,float,lookup,2,65536,1,18,6.972026825,7.005548477,7.061672211
oldindex,float,lookup,2,65536,2,18,6.806087494,6.94770813,7.049465179
oldindex,float,lookup,2,8191,0,18,6.9405445,6.9600018315,7.424307166
oldindex,float,lookup,2,8191,1,18,6.736051764,6.9592387989999995,7.026767183
oldindex,float,lookup,2,8191,2,18,6.703241362,6.8463099745000005,9.422689537
oldindex,float,lookupApply,0,1024,0,18,9.539794922,10.9130859375,12.347412109
oldindex,float,lookupApply,0,1024,1,18,9.521484375,9.594726562,10.754394531
oldindex,float,lookupApply,0,1024,2,18,9.521484375,9.548950195,10.925292969
oldindex,float,lookupApply,0,65536,0,18,9.707736969,9.745121002,10.298252106
oldindex,float,lookupApply,0,65536,1,18,9.717941284,9.748029709,9.838199615
oldindex,float,lookupApply,0,65536,2,18,9.712409973,9.739637375000001,9.823894501
oldindex,float,lookupApply,0,8191,0,18,9.642442925,9.749649005,10.282627274
oldindex,float,lookupApply,0,8191,1,18,9.637101697,9.7549902335,10.202508851
oldindex,float,lookupApply,0,8191,2,18,9.653125382,9.7069191795,10.13154682
oldindex,float,lookupApply,1,1024,0,18,9.515380859,10.5773925785,11.694335938
oldindex,float,lookupApply,1,1024,1,18,9.515380859,9.567260742,11.102294922
oldindex,float,lookupApply,1,1024,2,18,9.515380859,9.545898438,11.505126953
oldindex,float,lookupApply,1,65536,0,18,9.720802307,9.7404479985,9.886074066
oldindex,float,lookupApply,1,65536,1,18,9.731769562,9.7437858585,9.835147858
oldindex,float,lookupApply,1,65536,2,18,9.697914124,9.723854065000001,9.821224213
oldindex,float,lookupApply,1,8191,0,18,9.647021121,9.6973812725,10.392503968
oldindex,float,lookupApply,1,8191,1,18,9.654651447,9.722561347500001,10.300177024
oldindex,float,lookupApply,1,8191,2,18,9.644732023,9.7042485655,10.493987303
oldindex,float,lookupApply,2,1024,0,18,9.545898438,10.906982422,13.140869141
oldindex,float,lookupApply,2,1024,1,18,9.527587891,9.606933593499999,10.803222656
oldindex,float,lookupApply,2,1024,2,18,9.515380859,9.6099853515,13.568115234
oldindex,float,lookupApply,2,65536,0,18,9.717178345,9.772205353,10.363006592
oldindex,float,lookupApply,2,65536,1,18,9.714508057,9.731531143,9.844207764
oldindex,float,lookupApply,2,65536,2,18,9.699726105,9.7272396085,9.999752045
oldindex,float,lookupApply,2,8191,0,18,9.647021121,9.695092174500001,10.345195947
oldindex,float,lookupApply,2,8191,1,18,9.63786473,9.688224881,10.342143816
oldindex,float,lookupApply,2,8191,2,18,9.643205958,9.701196435,10.344432914
oldindex,float,prepared,0,1024,0,18,2.130126953,2.1484375,2.777099609
oldindex,float,prepared,0,1024,1,18,2.130126953,2.1545410155,2.716064453
oldindex,float,prepared,0,1024,2,18,2.136230469,2.160644531,3.747558594
oldindex,float,prepared,0,65536,0,18,2.176856995,2.187252045,2.246284485
oldindex,float,prepared,0,65536,1,18,2.153682709,2.1795749664999997,2.1941185
oldindex,float,prepared,0,65536,2,18,2.152824402,2.176618576,2.20708847
oldindex,float,prepared,0,8191,0,18,2.131913075,2.1536595045,2.279178366
oldindex,float,prepared,0,8191,1,18,2.131913075,2.154804053,2.331064583
oldindex,float,prepared,0,8191,2,18,2.128860945,2.154804053,2.376083506
oldindex,float,prepared,1,1024,0,18,2.130126953,2.160644531,20.153808594
oldindex,float,prepared,1,1024,1,18,2.136230469,2.160644531,3.656005859
oldindex,float,prepared,1,1024,2,18,2.130126953,2.1484375,2.166748047
oldindex,float,prepared,1,65536,0,18,2.178001404,2.1914482115,2.254295349
oldindex,float,prepared,1,65536,1,18,2.17666626,2.192401886,2.235507965
oldindex,float,prepared,1,65536,2,18,2.175331116,2.188682556,2.22530365
oldindex,float,prepared,1,8191,0,18,2.152514955,2.155567086,2.276126236
oldindex,float,prepared,1,8191,1,18,2.155567086,2.173498352,2.279178366
oldindex,float,prepared,1,8191,2,18,2.155567086,2.1567116345,2.258576486
oldindex,float,prepared,2,1024,0,18,2.130126953,2.136230469,3.375244141
oldindex,float,prepared,2,1024,1,18,2.130126953,2.136230469,2.142333984
oldindex,float,prepared,2,1024,2,18,2.130126953,2.142333984,7.604980469
oldindex,float,prepared,2,65536,0,18,2.178001404,2.191877365,2.241897583
oldindex,float,prepared,2,65536,1,18,2.176856995,2.1875381469999997,2.27022171
oldindex,float,prepared,2,65536,2,18,2.176475525,2.1857261655,2.208518982
oldindex,float,prepared,2,8191,0,18,2.153277988,2.154804053,2.333353681
oldindex,float,prepared,2,8191,1,18,2.154041021,2.1567116345,2.372268343
oldindex,float,prepared,2,8191,2,18,2.153277988,2.1567116345,2.577524112
oldindex,float,vienot,0,1024,0,18,1.055908203,1.0650634765,1.07421875
oldindex,float,vienot,0,1024,1,18,1.055908203,1.068115234,2.648925781
oldindex,float,vienot,0,1024,2,18,1.055908203,1.068115234,2.215576172
oldindex,float,vienot,0,65536,0,18,1.080322266,1.0969161989999998,1.111316681
oldindex,float,vienot,0,65536,1,18,1.073455811,1.0848522185,1.107215881
oldindex,float,vienot,0,65536,2,18,1.080036163,1.096725464,1.143932343
oldindex,float,vienot,0,8191,0,18,1.064430472,1.077783543,1.279605665
oldindex,float,vienot,0,8191,1,18,1.059852277,1.079309608,1.255188622
oldindex,float,vienot,0,8191,2,18,1.059852277,1.077783543,1.614576975
oldindex,float,vienot,1,1024,0,18,1.055908203,1.068115234,2.014160156
oldindex,float,vienot,1,1024,1,18,1.062011719,1.068115234,1.07421875
oldindex,float,vienot,1,1024,2,18,1.055908203,1.0650634765,1.07421875
oldindex,float,vienot,1,65536,0,18,1.090908051,1.0979652405,1.127147675
oldindex,float,vienot,1,65536,1,18,1.090908051,1.1008262635000001,1.132106781
oldindex,float,vienot,1,65536,2,18,1.090431213,1.095199585,1.121139526
oldindex,float,vienot,1,8191,0,18,1.069008668,1.079309608,1.292577219
oldindex,float,vienot,1,8191,1,18,1.069771701,1.079691124,1.22543035
oldindex,float,vienot,1,8191,2,18,1.069008668,1.0785465754999999,1.316994262
oldreference,double,brettel,0,1024,0,18,3.778076172,3.784179688,4.937744141
oldreference,double,brettel,0,1024,1,18,3.784179688,3.784179688,4.888916016
oldreference,double,brettel,0,1024,2,18,3.778076172,3.784179688,3.833007812
oldreference,double,brettel,0,65536,0,18,3.838348389,3.8712024685,4.203510284
oldreference,double,brettel,0,65536,1,18,3.853416443,3.868055344,3.915309906
oldreference,double,brettel,0,65536,2,18,3.848934174,3.860473633,3.893661499
oldreference,double,brettel,0,8191,0,18,3.783878647,3.8433951895,4.604138689
oldreference,double,brettel,0,8191,1,18,3.779300452,3.870101331,4.684257111
oldreference,double,brettel,0,8191,2,18,3.779300452,3.8403430595000003,4.564460994
oldreference,double,brettel,1,1024,0,18,3.771972656,3.784179688,5.462646484
oldreference,double,brettel,1,1024,1,18,3.778076172,3.784179688,3.790283203
oldreference,double,brettel,1,1024,2,18,3.778076172,3.784179688,6.73828125
oldreference,double,brettel,1,65536,0,18,3.827953339,3.8565635685000004,3.907966614
oldreference,double,brettel,1,65536,1,18,3.841209412,3.8611888885,3.899383545
oldreference,double,brettel,1,65536,2,18,3.847503662,3.871536255,3.903865814
oldreference,double,brettel,1,8191,0,18,3.779300452,3.7846416795,4.051703089
oldreference,double,brettel,1,8191,1,18,3.777774387,3.8342387985,4.055518252
oldreference,double,brettel,1,8191,2,18,3.779300452,3.8414876085,4.02270785
oldreference,double,brettel,2,1024,0,18,3.784179688,3.80859375,3.869628906
oldreference,double,brettel,2,1024,1,18,3.778076172,3.811645508,10.034179688
oldreference,double,brettel,2,1024,2,18,3.784179688,3.811645508,5.310058594
oldreference,double,brettel,2,65536,0,18,3.841209412,3.8703918455000004,3.921127319
oldreference,double,brettel,2,65536,1,18,3.84054184,3.863811493,3.92665863
oldreference,double,brettel,2,65536,2,18,3.846359253,3.854608536,3.89919281
oldreference,double,brettel,2,8191,0,18,3.778537419,3.790364424,3.897570504
oldreference,double,brettel,2,8191,1,18,3.78158955,3.859037358,3.973873764
oldreference,double,brettel,2,8191,2,18,3.779300452,3.8296606035,3.935722134
oldreference,double,lookup,0,1024,0,18,8.367919922,8.471679688,9.985351562
oldreference,double,lookup,0,1024,1,18,8.386230469,8.3984375,10.412597656
oldreference,double,lookup,0,1024,2,18,8.386230469,8.3984375,10.388183594
oldreference,double,lookup,0,65536,0,18,8.507728577,8.5768222805,9.792709351
oldreference,double,lookup,0,65536,1,18,8.527755737,8.568239212,8.706665039
oldreference,double,lookup,0,65536,2,18,8.504772186,8.546590805000001,8.677387238
oldreference,double,lookup,0,8191,0,18,8.51849591,8.6180716645,8.650500549
oldreference,double,lookup,0,8191,1,18,8.528415334,8.6104413385,8.829050177
oldreference,double,lookup,0,8191,2,18,8.508576486,8.589839458,8.841258699
oldreference,double,lookup,1,1024,0,18,8.374023438,8.392333984,9.710693359
oldreference,double,lookup,1,1024,1,18,8.374023438,8.395385742,11.016845703
oldreference,double,lookup,1,1024,2,18,8.392333984,8.3984375,31.115722656
oldreference,double,lookup,1,65536,0,18,8.509922028,8.543395996000001,8.704185486
oldreference,double,lookup,1,65536,1,18,8.520698547,8.559560776,8.61825943
oldreference,double,lookup,1,65536,2,18,8.513259888,8.546066284,8.652019501
oldreference,double,lookup,1,8191,0,18,8.519258943,8.5776309365,8.792424612
oldreference,double,lookup,1,8191,1,18,8.499420095,8.55664754,8.716884385
oldreference,double,lookup,1,8191,2,18,8.501709193,8.543294469500001,8.700097668
oldreference,double,lookup,2,1024,0,18,8.374023438,8.392333984,10.406494141
oldreference,double,lookup,2,1024,1,18,8.380126953,8.471679688,10.076904297
oldreference,double,lookup,2,1024,2,18,8.380126953,8.392333984,11.437988281
oldreference,double,lookup,2,65536,0,18,8.514881134,8.5675239565,8.843231201
oldreference,double,lookup,2,65536,1,18,8.546543121,8.577203750999999,8.714580536
oldreference,double,lookup,2,65536,2,18,8.513832092,8.5564613345,9.702587128
oldreference,double,lookup,2,8191,0,18,8.520021975,8.61540105,9.180045172
oldreference,double,lookup,2,8191,1,18,8.49789403,8.6047185935,9.145708705
oldreference,double,lookup,2,8191,2,18,8.507813454,8.6676687825,14.490752045
oldreference,double,lookupApply,0,1024,0,18,11.376953125,11.413574218499999,16.241455078
oldreference,double,lookupApply,0,1024,1,18,11.389160156,11.401367188,12.884521484
oldreference,double,lookupApply,0,1024,2,18,11.395263672,11.474609375,12.878417969
oldreference,double,lookupApply,0,65536,0,18,11.602878571,11.658334732,13.695144653
oldreference,double,lookupApply,0,65536,1,18,11.602973938,11.628103256,11.69424057
oldreference,double,lookupApply,0,65536,2,18,11.599636078,11.6335392,11.757850647
oldreference,double,lookupApply,0,8191,0,18,11.55383958,11.646929557,12.190208766
oldreference,double,lookupApply,0,8191,1,18,11.546972287,11.635865584,12.304663655
oldreference,double,lookupApply,0,8191,2,18,11.532474667,11.629379807,12.209284581
oldreference,double,lookupApply,1,1024,0,18,11.376953125,11.4044189455,12.908935547
oldreference,double,lookupApply,1,1024,1,18,11.389160156,11.407470703,12.652587891
oldreference,double,lookupApply,1,1024,2,18,11.401367188,11.569213867,15.228271484
oldreference,double,lookupApply,1,65536,0,18,11.604881287,11.7006778715,15.102958679
oldreference,double,lookupApply,1,65536,1,18,11.599445343,11.630010604999999,11.689567566
oldreference,double,lookupApply,1,65536,2,18,11.604404449,11.653566360500001,11.760616302
oldreference,double,lookupApply,1,8191,0,18,11.547735319,11.623275546,11.96511415
oldreference,double,lookupApply,1,8191,1,18,11.523318276,11.60534428,11.844554999
oldreference,double,lookupApply,1,8191,2,18,11.523318276,11.6122115735,11.875839336
oldreference,double,lookupApply,2,1024,0,18,11.254882812,11.4440917965,16.6015625
oldreference,double,lookupApply,2,1024,1,18,11.267089844,11.462402343499999,13.226318359
oldreference,double,lookupApply,2,1024,2,18,11.267089844,11.450195312,18.579101562
oldreference,double,lookupApply,2,65536,0,18,11.603832245,11.628627777,11.91034317
oldreference,double,lookupApply,2,65536,1,18,11.602306366,11.644840240499999,11.717414856
oldreference,double,lookupApply,2,65536,2,18,11.607265472,11.636352539,11.690235138
oldreference,double,lookupApply,2,8191,0,18,11.375289952,11.521410695,11.75375412
oldreference,double,lookupApply,2,8191,1,18,11.548498352,11.629761323499999,12.238279819
oldreference,double,lookupApply,2,8191,2,18,11.371474789,11.548879868,11.756043218
oldreference,double,prepared,0,1024,0,18,1.885986328,1.898193359,3.399658203
oldreference,double,prepared,0,1024,1,18,1.892089844,1.898193359,8.013916016
oldreference,double,prepared,0,1024,2,18,1.885986328,1.898193359,2.947998047
oldreference,double,prepared,0,65536,0,18,1.916313171,1.9493579865,1.986598969
oldreference,double,prepared,0,65536,1,18,1.924037933,1.949071884,1.984214783
oldreference,double,prepared,0,65536,2,18,1.926136017,1.9630908965,2.008628845
oldreference,double,prepared,0,8191,0,18,1.89537297,1.9312355024999999,2.111311195
oldreference,double,prepared,0,8191,1,18,1.91292272,1.936958247,2.17159077
oldreference,double,prepared,0,8191,2,18,1.903766329,1.906818459,2.052557685
oldreference,double,prepared,1,1024,0,18,1.885986328,1.8951416015,3.063964844
oldreference,double,prepared,1,1024,1,18,1.898193359,1.904296875,3.247070312
oldreference,double,prepared,1,1024,2,18,1.885986328,1.8951416015,1.934814453
oldreference,double,prepared,1,65536,0,18,1.923656464,1.946592331,1.990032196
oldreference,double,prepared,1,65536,1,18,1.914691925,1.9515037535,2.016353607
oldreference,double,prepared,1,65536,2,18,1.946640015,1.978111267,2.08940506
oldreference,double,prepared,1,8191,0,18,1.898425101,1.9388658285,2.16548651
oldreference,double,prepared,1,8191,1,18,1.906818459,1.95412648,2.613386644
oldreference,double,prepared,1,8191,2,18,1.897662068,1.907581492,2.055609816
oldreference,double,prepared,2,1024,0,18,1.885986328,1.9195556645,1.934814453
oldreference,double,prepared,2,1024,1,18,1.885986328,1.92565918,21.258544922
oldreference,double,prepared,2,1024,2,18,1.885986328,1.910400391,1.977539062
oldreference,double,prepared,2,65536,0,18,1.914215088,1.961135864,2.014160156
oldreference,double,prepared,2,65536,1,18,1.925945282,1.949453354,2.405166626
oldreference,double,prepared,2,65536,2,18,1.943969727,1.959657669,2.03704834
oldreference,double,prepared,2,8191,0,18,1.898425101,1.938102796,4.261537053
oldreference,double,prepared,2,8191,1,18,1.903003296,1.9289464045,4.472897082
oldreference,double,prepared,2,8191,2,18,1.897662068,1.910252106,4.549200342
oldreference,double,vienot,0,1024,0,18,1.068115234,1.07421875,1.080322266
oldreference,double,vienot,0,1024,1,18,1.068115234,1.07421875,1.080322266
oldreference,double,vienot,0,1024,2,18,1.068115234,1.071166992,1.123046875
oldreference,double,vienot,0,65536,0,18,1.117706299,1.140785217,1.235771179
oldreference,double,vienot,0,65536,1,18,1.100826263,1.14235878,1.247596741
oldreference,double,vienot,0,65536,2,18,1.118659973,1.1507987975,1.265907288
oldreference,double,vienot,0,8191,0,18,1.074349896,1.088084483,1.269686241
oldreference,double,vienot,0,8191,1,18,1.088084483,1.1044896835,1.280368697
oldreference,double,vienot,0,8191,2,18,1.08732145,1.103345135,1.255951654
oldreference,double,vienot,1,1024,0,18,1.068115234,1.07421875,2.673339844
oldreference,double,vienot,1,1024,1,18,1.068115234,1.07421875,1.07421875
oldreference,double,vienot,1,1024,2,18,1.068115234,1.07421875,1.080322266
oldreference,double,vienot,1,65536,0,18,1.104736328,1.137208939,1.316547394
oldreference,double,vienot,1,65536,1,18,1.108551025,1.1449813839999998,1.27248764
oldreference,double,vienot,1,65536,2,18,1.113319397,1.1401176455000002,1.316452026
oldreference,double,vienot,1,8191,0,18,1.076638994,1.0903735805,1.864851666
oldreference,double,vienot,1,8191,1,18,1.085032353,1.089229032,1.90987059
oldreference,double,vienot,1,8191,2,18,1.075112929,1.089610548,1.878586253
oldreference,float,brettel,0,1024,0,18,2.349853516,2.44140625,2.545166016
oldreference,float,brettel,0,1024,1,18,2.331542969,2.4200439455,2.453613281
oldreference,float,brettel,0,1024,2,18,2.349853516,2.423095703,2.459716797
oldreference,float,brettel,0,65536,0,18,2.401733398,2.4740695954999996,2.778339386
oldreference,float,brettel,0,65536,1,18,2.390861511,2.4615764615,2.504062653
oldreference,float,brettel,0,65536,2,18,2.412223816,2.456283569,2.487945557
oldreference,float,brettel,0,8191,0,18,2.32724942,2.437126114,3.147509462
oldreference,float,brettel,0,8191,1,18,2.32419729,2.4207209130000003,3.115462093
oldreference,float,brettel,0,8191,2,18,2.322671225,2.4233915274999998,3.168874374
oldreference,float,brettel,1,1024,0,18,2.386474609,2.447509766,3.393554688
oldreference,float,brettel,1,1024,1,18,2.386474609,2.435302734,3.729248047
oldreference,float,brettel,1,1024,2,18,2.386474609,2.4353027345,3.491210938
oldreference,float,brettel,1,65536,0,18,2.467727661,2.4761199950000004,2.541160583
oldreference,float,brettel,1,65536,1,18,2.451705933,2.46591568,2.507209778
oldreference,float,brettel,1,65536,2,18,2.449512482,2.47631073,2.52828598
oldreference,float,brettel,1,8191,0,18,2.420339397,2.4252991085,2.521822732
oldreference,float,brettel,1,8191,1,18,2.421102429,2.424536076,2.548528873
oldreference,float,brettel,1,8191,2,18,2.419576364,2.429495788,2.555396167
oldreference,float,brettel,2,1024,0,18,2.386474609,2.398681641,2.44140625
oldreference,float,brettel,2,1024,1,18,2.386474609,2.392578125,2.404785156
oldreference,float,brettel,2,1024,2,18,2.380371094,2.392578125,2.508544922
oldreference,float,brettel,2,65536,0,18,2.455806732,2.4661540984999997,2.503013611
oldreference,float,brettel,2,65536,1,18,2.450084686,2.463722229,2.483558655
oldreference,float,brettel,2,65536,2,18,2.452468872,2.469587326,2.535152435
oldreference,float,brettel,2,8191,0,18,2.421865462,2.42415456,2.637803687
oldreference,float,brettel,2,8191,1,18,2.419576364,2.4249175925,2.563789525
oldreference,float,brettel,2,8191,2,18,2.421102429,2.425299109,2.581339275
oldreference,float,lookup,0,1024,0,18,6.689453125,7.015991211,8.013916016
oldreference,float,lookup,0,1024,1,18,6.713867188,7.015991211,9.509277344
oldreference,float,lookup,0,1024,2,18,6.701660156,6.71081543,8.599853516
oldreference,float,lookup,0,65536,0,18,6.989765167,7.022237778,7.234191895
oldreference,float,lookup,0,65536,1,18,6.788539886,6.942129135,7.048130035
oldreference,float,lookup,0,65536,2,18,7.098770142,7.1373462675,7.200717926
oldreference,float,lookup,0,8191,0,18,6.72002808,6.903155903,9.089244293
oldreference,float,lookup,0,8191,1,18,6.685691613,7.087428274500001,9.138078379
oldreference,float,lookup,0,8191,2,18,6.785648883,6.8344829695,9.347912343
oldreference,float,lookup,1,1024,0,18,6.695556641,7.015991211,9.289550781
oldreference,float,lookup,1,1024,1,18,6.695556641,7.00378418,8.117675781
oldreference,float,lookup,1,1024,2,18,6.689453125,6.704711914,8.410644531
oldreference,float,lookup,1,65536,0,18,6.989860535,7.0284843445,8.254146576
oldreference,float,lookup,1,65536,1,18,6.814575195,6.936836243,7.055664062
oldreference,float,lookup,1,65536,2,18,7.104873657,7.1622371675,7.387256622
oldreference,float,lookup,1,8191,0,18,6.747497253,6.95084544,7.518160176
oldreference,float,lookup,1,8191,1,18,6.690269808,6.996627396,8.264406055
oldreference,float,lookup,1,8191,2,18,6.70553046,6.7928976925,7.47543035
oldreference,float,lookup,2,1024,0,18,7.000732422,7.019042969,8.764648438
oldreference,float,lookup,2,1024,1,18,6.695556641,7.00378418,8.532714844
oldreference,float,lookup,2,1024,2,18,6.695556641,6.997680664,8.740234375
oldreference,float,lookup,2,65536,0,18,6.788825989,6.9211483005000005,7.427978516
oldreference,float,lookup,2,65536,1,18,6.822109222,6.959676742499999,7.034015656
oldreference,float,lookup,2,65536,2,18,6.983470917,7.0697784425000005,7.200336456
oldreference,float,lookup,2,8191,0,18,6.708582591,6.7925161764999995,6.958857282
oldreference,float,lookup,2,8191,1,18,6.771914296,7.1003998290000006,7.224392626
oldreference,float,lookup,2,8191,2,18,6.792516176,6.969539739,7.266359419
oldreference,float,lookupApply,0,1024,0,18,9.552001953,9.573364258,12.091064453
oldreference,float,lookupApply,0,1024,1,18,9.515380859,9.552001953,10.913085938
oldreference,float,lookupApply,0,1024,2,18,9.515380859,9.555053711,12.194824219
oldreference,float,lookupApply,0,65536,0,18,9.728527069,9.760951996,9.822654724
oldreference,float,lookupApply,0,65536,1,18,9.700489044,9.73072052,9.795856476
oldreference,float,lookupApply,0,65536,2,18,9.729766846,9.7497463225,9.83133316
oldreference,float,lookupApply,0,8191,0,18,9.663807838,9.757660847499999,10.263551459
oldreference,float,lookupApply,0,8191,1,18,9.663044805,9.7443077765,11.321114638
oldreference,float,lookupApply,0,8191,2,18,9.619551947,9.7320992555,11.466853864
oldreference,float,lookupApply,1,1024,0,18,9.503173828,9.573364258,10.925292969
oldreference,float,lookupApply,1,1024,1,18,9.509277344,9.585571289,11.181640625
oldreference,float,lookupApply,1,1024,2,18,9.503173828,9.5611572265,11.303710938
oldreference,float,lookupApply,1,65536,0,18,9.727478027,9.754705429,9.800720215
oldreference,float,lookupApply,1,65536,1,18,9.708404541,9.7430706025,10.22195816
oldreference,float,lookupApply,1,65536,2,18,9.715461731,9.752988814999998,9.837532043
oldreference,float,lookupApply,1,8191,0,18,9.63786473,9.6989073375,10.352826273
oldreference,float,lookupApply,1,8191,1,18,9.653888414,9.709589794,10.354352338
oldreference,float,lookupApply,1,8191,2,18,9.622604078,9.7233243805,10.343669882
oldreference,float,lookupApply,2,1024,0,18,9.521484375,9.5794677735,11.03515625
oldreference,float,lookupApply,2,1024,1,18,9.515380859,9.564208984,10.906982422
oldreference,float,lookupApply,2,1024,2,18,9.521484375,9.622192383,13.928222656
oldreference,float,lookupApply,2,65536,0,18,9.722709656,9.757757187,10.739040375
oldreference,float,lookupApply,2,65536,1,18,9.71364975,9.755516052499999,9.806346893
oldreference,float,lookupApply,2,65536,2,18,9.7032547,9.747266769500001,9.886646271
oldreference,float,lookupApply,2,8191,0,18,9.648547186,9.706156147000002,10.687797583
oldreference,float,lookupApply,2,8191,1,18,9.647021121,9.715312538,10.439811989
oldreference,float,lookupApply,2,8191,2,18,9.651599316,9.698144305,10.277286046
oldreference,float,prepared,0,1024,0,18,2.130126953,2.160644531,3.851318359
oldreference,float,prepared,0,1024,1,18,2.136230469,2.154541016,3.729248047
oldreference,float,prepared,0,1024,2,18,2.136230469,2.160644531,3.686523438
oldreference,float,prepared,0,65536,0,18,2.155685425,2.1820545195000003,2.210140228
oldreference,float,prepared,0,65536,1,18,2.153015137,2.179765701,2.217292786
oldreference,float,prepared,0,65536,2,18,2.161216736,2.184486389,2.252483368
oldreference,float,prepared,0,8191,0,18,2.128097912,2.154041021,2.229581248
oldreference,float,prepared,0,8191,1,18,2.128097912,2.157856184,2.912495422
oldreference,float,prepared,0,8191,2,18,2.132676108,2.154041021,2.307410573
oldreference,float,prepared,1,1024,0,18,2.136230469,2.145385742,2.166748047
oldreference,float,prepared,1,1024,1,18,2.1484375,2.160644531,3.894042969
oldreference,float,prepared,1,1024,2,18,2.136230469,2.1545410155,2.166748047
oldreference,float,prepared,1,65536,0,18,2.182674408,2.193117142,2.239704132
oldreference,float,prepared,1,65536,1,18,2.176189423,2.190256119,2.327537537
oldreference,float,prepared,1,65536,2,18,2.176761627,2.191877365,2.271175385
oldreference,float,prepared,1,8191,0,18,2.152514955,2.157093151,2.231107313
oldreference,float,prepared,1,8191,1,18,2.15098889,2.155948602,2.232633378
oldreference,float,prepared,1,8191,2,18,2.152514955,2.1590007325,3.451196435
oldreference,float,prepared,2,1024,0,18,2.130126953,2.136230469,5.126953125
oldreference,float,prepared,2,1024,1,18,2.142333984,2.1484375,3.369140625
oldreference,float,prepared,2,1024,2,18,2.130126953,2.136230469,6.872558594
oldreference,float,prepared,2,65536,0,18,2.179050446,2.1897792815,2.244472504
oldreference,float,prepared,2,65536,1,18,2.178859711,2.1956443785,2.252674103
oldreference,float,prepared,2,65536,2,18,2.177524567,2.1902084349999997,2.292060852
oldreference,float,prepared,2,8191,0,18,2.153277988,2.157093151,2.267732878
oldreference,float,prepared,2,8191,1,18,2.15098889,2.1551855695,2.360822854
oldreference,float,prepared,2,8191,2,18,2.155567086,2.1639604445,2.364638017
oldreference,float,vienot,0,1024,0,18,1.116943359,1.141357422,1.159667969
oldreference,float,vienot,0,1024,1,18,1.116943359,1.138305664,1.159667969
oldreference,float,vienot,0,1024,2,18,1.116943359,1.141357422,1.159667969
oldreference,float,vienot,0,65536,0,18,1.141548157,1.1758327485,1.219654083
oldreference,float,vienot,0,65536,1,18,1.138591766,1.171207428,1.200199127
oldreference,float,vienot,0,65536,2,18,1.140022278,1.1694431305,1.278591156
oldreference,float,vienot,0,8191,0,18,1.124710048,1.155994384,1.30173361
oldreference,float,vienot,0,8191,1,18,1.12547308,1.1556128675,1.26052985
oldreference,float,vienot,0,8191,2,18,1.124710048,1.155994384,1.787785374
oldreference,float,vienot,1,1024,0,18,1.123046875,1.141357422,1.159667969
oldreference,float,vienot,1,1024,1,18,1.116943359,1.1383056645,1.159667969
oldreference,float,vienot,1,1024,2,18,1.116943359,1.141357422,3.234863281
oldreference,float,vienot,1,65536,0,18,1.171970367,1.1757850644999999,1.227855682
oldreference,float,vienot,1,65536,1,18,1.168823242,1.178979874,1.218605042
oldreference,float,vienot,1,65536,2,18,1.167869568,1.1799812315,1.209163666
oldreference,float,vienot,1,8191,0,18,1.155994384,1.157520449,1.436027347
oldreference,float,vienot,1,8191,1,18,1.151416188,1.156757417,1.420003663
oldreference,float,vienot,1,8191,2,18,1.143785863,1.156757417,1.236875839
prepared,double,prepared,0,1024,0,18,1.885986328,1.892089844,1.940917969
prepared,double,prepared,0,1024,1,18,1.873779297,1.885986328,3.363037109
prepared,double,prepared,0,1024,2,18,1.879882812,1.898193359,4.4921875
prepared,double,prepared,0,65536,0,18,1.92861557,1.9538879395,2.048778534
prepared,double,prepared,0,65536,1,18,1.939582825,1.962184906,2.007293701
prepared,double,prepared,0,65536,2,18,1.93605423,1.948308945,1.984405518
prepared,double,prepared,0,8191,0,18,1.89537297,1.921316079,2.134965206
prepared,double,prepared,0,8191,1,18,1.870192895,1.9419179585,2.121993652
prepared,double,prepared,0,8191,2,18,1.861799536,1.9266573065,4.462214626
prepared,double,prepared,1,1024,0,18,1.879882812,1.885986328,1.892089844
prepared,double,prepared,1,1024,1,18,1.873779297,1.879882812,1.892089844
prepared,double,prepared,1,1024,2,18,1.879882812,1.885986328,1.898193359
prepared,double,prepared,1,65536,0,18,1.927089691,1.950597763,1.982688904
prepared,double,prepared,1,65536,1,18,1.927947998,1.9566059115,2.003765106
prepared,double,prepared,1,65536,2,18,1.925754547,1.9537448885,2.021408081
prepared,double,prepared,1,8191,0,18,1.879349286,1.941917959,4.45763643
prepared,double,prepared,1,8191,1,18,1.877823221,1.91292272,4.345470639
prepared,double,prepared,1,8191,2,18,1.883164449,1.905292394,4.36073129
prepared,double,prepared,2,1024,0,18,1.849365234,1.885986328,3.643798828
prepared,double,prepared,2,1024,1,18,1.837158203,1.885986328,1.965332031
prepared,double,prepared,2,1024,2,18,1.849365234,1.8951416015,3.582763672
prepared,double,prepared,2,65536,0,18,1.925563812,1.947259903,2.219772339
prepared,double,prepared,2,65536,1,18,1.911640167,1.940345764,2.192974091
prepared,double,prepared,2,65536,2,18,1.914787292,1.948595047,2.225112915
prepared,double,prepared,2,8191,0,18,1.872481992,1.917882432,2.223476987
prepared,double,prepared,2,8191,1,18,1.884690514,1.9186454645,2.207453302
prepared,double,prepared,2,8191,2,18,1.832804297,1.927801856,2.113600293
prepared,float,prepared,0,1024,0,18,2.05078125,2.1057128905,2.142333984
prepared,float,prepared,0,1024,1,18,2.056884766,2.130126953,4.705810547
prepared,float,prepared,0,1024,2,18,2.056884766,2.1118164065,3.472900391
prepared,float,prepared,0,65536,0,18,2.129268646,2.1897792815,2.231025696
prepared,float,prepared,0,65536,1,18,2.168464661,2.1848201749999996,2.212524414
prepared,float,prepared,0,65536,2,18,2.152919769,2.1844387055,2.475357056
prepared,float,prepared,0,8191,0,18,2.043401294,2.1536595045,2.743865218
prepared,float,prepared,0,8191,1,18,2.047216457,2.153277988,2.958277378
prepared,float,prepared,0,8191,2,18,2.151751923,3.2318245635,4.607953852
prepared,float,prepared,1,1024,0,18,2.075195312,2.1087646485000002,2.142333984
prepared,float,prepared,1,1024,1,18,2.069091797,2.1057128905,3.515625
prepared,float,prepared,1,1024,2,18,2.075195312,2.136230469,2.325439453
prepared,float,prepared,1,65536,0,18,2.152633667,2.1748065945,2.222251892
prepared,float,prepared,1,65536,1,18,2.151870728,2.181959152,2.207565308
prepared,float,prepared,1,65536,2,18,2.15549469,2.181148529,2.240180969
prepared,float,prepared,1,8191,0,18,2.067818337,2.157856184,2.34479917
prepared,float,prepared,1,8191,1,18,2.069344402,2.157856184,2.727078501
prepared,float,prepared,1,8191,2,18,2.15098889,2.964763155,3.817452082
prepared,float,prepared,2,1024,0,18,2.075195312,2.1392822264999998,4.260253906
prepared,float,prepared,2,1024,1,18,2.069091797,2.1057128905,2.142333984
prepared,float,prepared,2,1024,2,18,2.069091797,2.1331787110000002,3.454589844
prepared,float,prepared,2,65536,0,18,2.151870728,2.1809577945000003,2.195453644
prepared,float,prepared,2,65536,1,18,2.15473175,2.1797180175,2.380466461
prepared,float,prepared,2,65536,2,18,2.152729034,2.1809101105,2.22492218
prepared,float,prepared,2,8191,0,18,2.070107435,2.152514955,2.391344158
prepared,float,prepared,2,8191,1,18,2.067818337,2.1551855695,2.373794408
prepared,float,prepared,2,8191,2,18,2.0716335,2.154041021,2.357770724
reference,double,brettel,0,1024,0,18,3.771972656,3.784179688,4.998779297
reference,double,brettel,0,1024,1,18,3.771972656,3.784179688,5.914306641
reference,double,brettel,0,1024,2,18,3.778076172,3.784179688,4.949951172
reference,double,brettel,0,65536,0,18,3.845787048,3.8678169249999996,3.903007507
reference,double,brettel,0,65536,1,18,3.847122192,3.8722515105,3.884410858
reference,double,brettel,0,65536,2,18,3.859615326,3.874921799,3.969955444
reference,double,brettel,0,8191,0,18,3.780826517,3.8586558415,4.906299597
reference,double,brettel,0,8191,1,18,3.783115615,3.85674826,4.503418386
reference,double,brettel,0,8191,2,18,3.782352582,3.8582743255,4.498077158
reference,double,brettel,1,1024,0,18,3.778076172,3.784179688,3.826904297
reference,double,brettel,1,1024,1,18,3.771972656,3.7811279300000002,5.212402344
reference,double,brettel,1,1024,2,18,3.771972656,3.784179688,5.023193359
reference,double,brettel,1,65536,0,18,3.845977783,3.8701057435,3.948307037
reference,double,brettel,1,65536,1,18,3.845214844,3.8651943209999997,3.886032104
reference,double,brettel,1,65536,2,18,3.851699829,3.8707733155,3.912639618
reference,double,brettel,1,8191,0,18,3.779300452,3.8617079724999996,3.992949579
reference,double,brettel,1,8191,1,18,3.778537419,3.859037358,3.970821634
reference,double,brettel,1,8191,2,18,3.777774387,3.80524356,3.966243438
reference,double,brettel,2,1024,0,18,3.778076172,3.796386719,3.857421875
reference,double,brettel,2,1024,1,18,3.771972656,3.814697266,23.101806641
reference,double,brettel,2,1024,2,18,3.784179688,3.80859375,5.487060547
reference,double,brettel,2,65536,0,18,3.868579865,3.940963745,4.600429535
reference,double,brettel,2,65536,1,18,3.846549988,3.865289688,3.898334503
reference,double,brettel,2,65536,2,18,3.848648071,3.8647174834999998,3.928470612
reference,double,brettel,2,8191,0,18,3.783115615,3.8273715055,3.94640459
reference,double,brettel,2,8191,1,18,3.782352582,3.8647601025,3.98455622
reference,double,brettel,2,8191,2,18,3.780063484,3.8620894885,3.972347699
reference,double,lookup,0,1024,0,18,8.380126953,8.392333984,9.613037109
reference,double,lookup,0,1024,1,18,8.380126953,8.392333984,14.758300781
reference,double,lookup,0,1024,2,18,8.380126953,8.392333984,14.837646484
reference,double,lookup,0,65536,0,18,8.52098465,8.557128905999999,8.635425568
reference,double,lookup,0,65536,1,18,8.52098465,8.5909843445,8.745956421
reference,double,lookup,0,65536,2,18,8.519458771,8.563518524,8.651924133
reference,double,lookup,0,8191,0,18,8.521548041,8.5459650835,8.676443658
reference,double,lookup,0,8191,1,18,8.538334758,8.5646593825,8.719173483
reference,double,lookup,0,8191,2,18,8.511628617,8.583353681,9.057196923
reference,double,lookup,1,1024,0,18,8.374023438,8.401489258,10.498046875
reference,double,lookup,1,1024,1,18,8.374023438,8.386230469,10.015869141
reference,double,lookup,1,1024,2,18,8.392333984,8.483886719,29.656982422
reference,double,lookup,1,65536,0,18,8.534049988,8.586597443,12.083530426
reference,double,lookup,1,65536,1,18,8.52689743,8.560180664,8.665657043
reference,double,lookup,1,65536,2,18,8.519458771,8.5547447205,8.641147614
reference,double,lookup,1,8191,0,18,8.514680747,8.579538518,9.985807594
reference,double,lookup,1,8191,1,18,8.527652301,8.548254181,9.063301184
reference,double,lookup,1,8191,2,18,8.50094616,8.5982328165,8.742827494
reference,double,lookup,2,1024,0,18,8.367919922,8.392333984,10.223388672
reference,double,lookup,2,1024,1,18,8.374023438,8.514404297,10.400390625
reference,double,lookup,2,1024,2,18,8.374023438,8.3892822265,10.900878906
reference,double,lookup,2,65536,0,18,8.540058136,8.585500717,8.813858032
reference,double,lookup,2,65536,1,18,8.533382416,8.5680961605,8.727169037
reference,double,lookup,2,65536,2,18,8.530521393,8.567714690999999,8.671283722
reference,double,lookup,2,8191,0,18,8.512391649,8.594036137,9.353253571
reference,double,lookup,2,8191,1,18,8.53604566,8.610059822,9.62031498
reference,double,lookup,2,8191,2,18,8.513917715,8.5669484805,9.318154072
reference,double,lookupApply,0,1024,0,18,11.376953125,11.407470703,12.823486328
reference,double,lookupApply,0,1024,1,18,11.383056641,11.401367188,12.780761719
reference,double,lookupApply,0,1024,2,18,11.395263672,11.413574219,13.830566406
reference,double,lookupApply,0,65536,0,18,11.604404449,11.633825302,11.748504639
reference,double,lookupApply,0,65536,1,18,11.610889435,11.6590976715,11.815738678
reference,double,lookupApply,0,65536,2,18,11.618232727,11.6518974305,11.757278442
reference,double,lookupApply,0,8191,0,18,11.517214015,11.5965694055,12.42064461
reference,double,lookupApply,0,8191,1,18,11.55078745,11.6320504215,12.435142229
reference,double,lookupApply,0,8191,2,18,11.603436699,11.7297185935,13.923055793
reference,double,lookupApply,1,1024,0,18,11.395263672,11.474609375,12.768554688
reference,double,lookupApply,1,1024,1,18,11.383056641,11.407470703,12.738037109
reference,double,lookupApply,1,1024,2,18,11.389160156,11.608886718499999,14.947509766
reference,double,lookupApply,1,65536,0,18,11.625766754,11.6447925565,11.994171143
reference,double,lookupApply,1,65536,1,18,11.609745026,11.661005020000001,11.715698242
reference,double,lookupApply,1,65536,2,18,11.614608765,11.64355278,11.74287796
reference,double,lookupApply,1,8191,0,18,11.529422537,11.6083964105,11.854474423
reference,double,lookupApply,1,8191,1,18,11.559180808,11.631668905000002,11.843028934
reference,double,lookupApply,1,8191,2,18,11.527133439,11.6041997315,11.756806251
reference,double,lookupApply,2,1024,0,18,11.260986328,11.441040039,12.6953125
reference,double,lookupApply,2,1024,1,18,11.260986328,11.444091797,12.731933594
reference,double,lookupApply,2,1024,2,18,11.279296875,11.4471435545,12.591552734
reference,double,lookupApply,2,65536,0,18,11.625862122,11.6632938385,12.447357178
reference,double,lookupApply,2,65536,1,18,11.610031128,11.6485118865,11.733150482
reference,double,lookupApply,2,65536,2,18,11.614608765,11.64894104,11.73658371
reference,double,lookupApply,2,8191,0,18,11.507294592,11.571770846,11.763673544
reference,double,lookupApply,2,8191,1,18,11.534763765,11.640825296,12.073464778
reference,double,lookupApply,2,8191,2,18,11.398943963,11.570244781,13.158497131
reference,double,prepared,0,1024,0,18,1.892089844,1.898193359,4.455566406
reference,double,prepared,0,1024,1,18,1.879882812,1.892089844,1.898193359
reference,double,prepared,0,1024,2,18,1.892089844,1.901245117,3.259277344
reference,double,prepared,0,65536,0,18,1.936435699,1.9554138184999998,2.01253891
reference,double,prepared,0,65536,1,18,1.933860779,1.9651412965000001,2.011585236
reference,double,prepared,0,65536,2,18,1.928424835,1.9687175749999999,2.023029327
reference,double,prepared,0,8191,0,18,1.923605176,1.928183372,2.029666707
reference,double,prepared,0,8191,1,18,1.908344524,1.920553046,2.098339641
reference,double,prepared,0,8191,2,18,1.909107557,1.914448785,2.106733
reference,double,prepared,1,1024,0,18,1.892089844,1.904296875,6.213378906
reference,double,prepared,1,1024,1,18,1.885986328,1.898193359,3.082275391
reference,double,prepared,1,1024,2,18,1.892089844,1.898193359,3.485107422
reference,double,prepared,1,65536,0,18,1.917266846,1.9608974455000001,1.996803284
reference,double,prepared,1,65536,1,18,1.937103271,1.956796646,1.990127563
reference,double,prepared,1,65536,2,18,1.92861557,1.958179474,2.004337311
reference,double,prepared,1,8191,0,18,1.918263948,1.939247345,2.138780369
reference,double,prepared,1,8191,1,18,1.906818459,1.928183372,2.103680869
reference,double,prepared,1,8191,2,18,1.89232084,1.9121596875,2.038823099
reference,double,prepared,2,1024,0,18,1.885986328,1.940917969,21.459960938
reference,double,prepared,2,1024,1,18,1.873779297,1.9287109375,3.723144531
reference,double,prepared,2,1024,2,18,1.898193359,1.9256591795,1.947021484
reference,double,prepared,2,65536,0,18,1.941871643,2.002286911,2.455329895
reference,double,prepared,2,65536,1,18,1.934337616,1.956319809,1.999950409
reference,double,prepared,2,65536,2,18,1.933479309,1.9566059115,1.976108551
reference,double,prepared,2,8191,0,18,1.902240264,1.921316079,4.217281162
reference,double,prepared,2,8191,1,18,1.893083873,1.912159687,4.425589061
reference,double,prepared,2,8191,2,18,1.899188133,1.9213160784999999,3.888414113
reference,double,vienot,0,1024,0,18,1.068115234,1.07421875,1.080322266
reference,double,vienot,0,1024,1,18,1.068115234,1.07421875,1.080322266
reference,double,vienot,0,1024,2,18,1.068115234,1.07421875,2.502441406
reference,double,vienot,0,65536,0,18,1.108646393,1.1312007904999999,1.806163788
reference,double,vienot,0,65536,1,18,1.11618042,1.160097122,1.28660202
reference,double,vienot,0,65536,2,18,1.117515564,1.156234741,1.289176941
reference,double,vienot,0,8191,0,18,1.08732145,1.089610548,1.255951654
reference,double,vienot,0,8191,1,18,1.095714809,1.111356977,1.564979856
reference,double,vienot,0,8191,2,18,1.085795385,1.1037266515000002,1.294866317
reference,double,vienot,1,1024,0,18,1.068115234,1.07421875,1.080322266
reference,double,vienot,1,1024,1,18,1.068115234,1.07421875,1.07421875
reference,double,vienot,1,1024,2,18,1.068115234,1.07421875,1.080322266
reference,double,vienot,1,65536,0,18,1.103019714,1.121377945,1.177501678
reference,double,vienot,1,65536,1,18,1.108169556,1.149177551,1.265144348
reference,double,vienot,1,65536,2,18,1.105213165,1.1534214020000002,1.239204407
reference,double,vienot,1,8191,0,18,1.086558418,1.1041081675000002,1.891557807
reference,double,vienot,1,8191,1,18,1.086558418,1.0972408745,1.868666829
reference,double,vienot,1,8191,2,18,1.086558418,1.089610548,1.828226102
reference,float,brettel,0,1024,0,18,2.34375,2.4169921875,2.447509766
reference,float,brettel,0,1024,1,18,2.34375,2.438354492,4.046630859
reference,float,brettel,0,1024,2,18,2.34375,2.438354492,4.1015625
reference,float,brettel,0,65536,0,18,2.421665192,2.4608135224999996,2.493572235
reference,float,brettel,0,65536,1,18,2.409934998,2.4559497835,2.488613129
reference,float,brettel,0,65536,2,18,2.417182922,2.4608135224999996,2.504920959
reference,float,brettel,0,8191,0,18,2.328775485,2.4451379565,3.161244048
reference,float,brettel,0,8191,1,18,2.363111952,2.4279697230000004,3.146746429
reference,float,brettel,0,8191,2,18,2.363874985,2.425680625,3.265016482
reference,float,brettel,1,1024,0,18,2.392578125,2.435302734,3.515625
reference,float,brettel,1,1024,1,18,2.386474609,2.4200439449999998,2.453613281
reference,float,brettel,1,1024,2,18,2.386474609,2.4169921875,2.453613281
reference,float,brettel,1,65536,0,18,2.447891235,2.4723529815000003,2.515602112
reference,float,brettel,1,65536,1,18,2.449131012,2.4718284605000003,2.491378784
reference,float,brettel,1,65536,2,18,2.45475769,2.469062805,2.507686615
reference,float,brettel,1,8191,0,18,2.421102429,2.428732755,2.526400928
reference,float,brettel,1,8191,1,18,2.420339397,2.42415456,2.523348797
reference,float,brettel,1,8191,2,18,2.421102429,2.425680625,2.576761079
reference,float,brettel,2,1024,0,18,2.380371094,2.392578125,2.44140625
reference,float,brettel,2,1024,1,18,2.386474609,2.389526367,2.398681641
reference,float,brettel,2,1024,2,18,2.386474609,2.392578125,8.081054688
reference,float,brettel,2,65536,0,18,2.449512482,2.46462822,2.502822876
reference,float,brettel,2,65536,1,18,2.453994751,2.4653434755,2.49786377
reference,float,brettel,2,65536,2,18,2.448272705,2.466440201,2.490615845
reference,float,brettel,2,8191,0,18,2.421865462,2.430640337,2.656879502
reference,float,brettel,2,8191,1,18,2.421102429,2.42415456,2.736234892
reference,float,brettel,2,8191,2,18,2.421865462,2.4260621415,2.509614211
reference,float,lookup,0,1024,0,18,6.799316406,7.028198242,9.259033203
reference,float,lookup,0,1024,1,18,6.860351562,6.893920898499999,26.477050781
reference,float,lookup,0,1024,2,18,6.671142578,6.701660156,7.873535156
reference,float,lookup,0,65536,0,18,6.81142807,6.9933414460000005,7.234954834
reference,float,lookup,0,65536,1,18,6.831455231,7.0096492765,7.216072083
reference,float,lookup,0,65536,2,18,7.106304169,7.1383953095,7.205295563
reference,float,lookup,0,8191,0,18,7.028293249,7.1057410574999995,8.809974362
reference,float,lookup,0,8191,1,18,6.720791112,6.814644122000001,9.18843853
reference,float,lookup,0,8191,2,18,6.697900134,6.904300451999999,9.298315224
reference,float,lookup,1,1024,0,18,6.695556641,6.988525391,8.038330078
reference,float,lookup,1,1024,1,18,6.683349609,6.8572998045,9.234619141
reference,float,lookup,1,1024,2,18,6.677246094,6.73828125,8.093261719
reference,float,lookup,1,65536,0,18,6.805610657,7.002496719,7.615184784
reference,float,lookup,1,65536,1,18,6.824874878,7.008075714,7.212257385
reference,float,lookup,1,65536,2,18,7.110023499,7.1450710295,7.256603241
reference,float,lookup,1,8191,0,18,7.000824075,7.101925894,7.837107801
reference,float,lookup,1,8191,1,18,6.700189232,6.79518679,7.531894763
reference,float,lookup,1,8191,2,18,6.693321939,6.9184165545,7.473141253
reference,float,lookup,2,1024,0,18,6.683349609,6.872558594,7.568359375
reference,float,lookup,2,1024,1,18,6.689453125,6.860351562,8.123779297
reference,float,lookup,2,1024,2,18,6.689453125,6.707763672,8.673095703
reference,float,lookup,2,65536,0,18,6.797885895,6.9487094875,7.019233704
reference,float,lookup,2,65536,1,18,7.111358643,7.1350097654999995,7.253837585
reference,float,lookup,2,65536,2,18,7.00378418,7.1037292480000005,7.161808014
reference,float,lookup,2,8191,0,18,6.875686729,7.114134416000001,7.202264681
reference,float,lookup,2,8191,1,18,6.715449884,6.808158344500001,7.332743255
reference,float,lookup,2,8191,2,18,6.691032841,6.778018557,7.233549017
reference,float,lookupApply,0,1024,0,18,9.552001953,9.558105469,11.096191406
reference,float,lookupApply,0,1024,1,18,9.515380859,9.5703125,10.998535156
reference,float,lookupApply,0,1024,2,18,9.509277344,9.5520019535,11.358642578
reference,float,lookupApply,0,65536,0,18,9.715080261,9.74650383,9.818172455
reference,float,lookupApply,0,65536,1,18,9.707832336,9.738540649499999,9.832954407
reference,float,lookupApply,0,65536,2,18,9.737300873,9.771633148,9.933185577
reference,float,lookupApply,0,8191,0,18,9.654651447,9.7225613475,11.503479429
reference,float,lookupApply,0,8191,1,18,9.629471371,9.714549505499999,10.129257722
reference,float,lookupApply,0,8191,2,18,9.655414479,9.741637163,9.930869247
reference,float,lookupApply,1,1024,0,18,9.497070312,9.606933594,11.566162109
reference,float,lookupApply,1,1024,1,18,9.503173828,9.588623047,11.419677734
reference,float,lookupApply,1,1024,2,18,9.509277344,9.5703125,12.164306641
reference,float,lookupApply,1,65536,0,18,9.69953537,9.7485542295,9.816074371
reference,float,lookupApply,1,65536,1,18,9.708976746,9.744358063,9.839344025
reference,float,lookupApply,1,65536,2,18,9.713840485,9.7357749935,10.031509399
reference,float,lookupApply,1,8191,0,18,9.646258088,9.7118788915,10.441338054
reference,float,lookupApply,1,8191,1,18,9.630997436,9.663807838,10.338328653
reference,float,lookupApply,1,8191,2,18,9.634812599,9.731717739,10.382584544
reference,float,lookupApply,2,1024,0,18,9.509277344,9.606933594,11.322021484
reference,float,lookupApply,2,1024,1,18,9.515380859,9.558105469,11.071777344
reference,float,lookupApply,2,1024,2,18,9.503173828,9.5520019535,11.077880859
reference,float,lookupApply,2,65536,0,18,9.684658051,9.7388744355,9.812736511
reference,float,lookupApply,2,65536,1,18,9.709835052,9.747505188,9.810161591
reference,float,lookupApply,2,65536,2,18,9.725475311,9.778499603,9.956455231
reference,float,lookupApply,2,8191,0,18,9.638627762,9.692803076499999,10.502380662
reference,float,lookupApply,2,8191,1,18,9.62336711,9.7290471245,10.668721768
reference,float,lookupApply,2,8191,2,18,9.639390795,9.7210352825,10.639726529
reference,float,prepared,0,1024,0,18,2.136230469,2.166748047,3.784179688
reference,float,prepared,0,1024,1,18,2.130126953,2.1484375,3.594970703
reference,float,prepared,0,1024,2,18,2.130126953,2.1484375,3.546142578
reference,float,prepared,0,65536,0,18,2.165699005,2.182149887,2.227687836
reference,float,prepared,0,65536,1,18,2.157592773,2.1783828735000004,2.253341675
reference,float,prepared,0,65536,2,18,2.159404755,2.1779537205,2.221107483
reference,float,prepared,0,8191,0,18,2.129623978,2.154041021,2.760651935
reference,float,prepared,0,8191,1,18,2.128860945,2.1540410205000002,2.315040899
reference,float,prepared,0,8191,2,18,2.128097912,2.1528964715,2.734708827
reference,float,prepared,1,1024,0,18,2.136230469,2.1484375,2.331542969
reference,float,prepared,1,1024,1,18,2.142333984,2.1545410155,3.759765625
reference,float,prepared,1,1024,2,18,2.130126953,2.160644531,22.827148438
reference,float,prepared,1,65536,0,18,2.177524567,2.195596695,2.265834808
reference,float,prepared,1,65536,1,18,2.177619934,2.1909713745,2.256584167
reference,float,prepared,1,65536,2,18,2.17628479,2.1934986115,2.22454071
reference,float,prepared,1,8191,0,18,2.152514955,2.157856184,2.349377365
reference,float,prepared,1,8191,1,18,2.154041021,2.1567116345,2.238737639
reference,float,prepared,1,8191,2,18,2.152514955,2.157856184,2.71792211
reference,float,prepared,2,1024,0,18,2.130126953,2.142333984,3.680419922
reference,float,prepared,2,1024,1,18,2.130126953,2.136230469,3.259277344
reference,float,prepared,2,1024,2,18,2.136230469,2.142333984,3.369140625
reference,float,prepared,2,65536,0,18,2.175426483,2.1863937375,2.208995819
reference,float,prepared,2,65536,1,18,2.176475525,2.1896362305,2.221298218
reference,float,prepared,2,65536,2,18,2.176380157,2.1965503695,2.225494385
reference,float,prepared,2,8191,0,18,2.152514955,2.157093151,2.263917715
reference,float,prepared,2,8191,1,18,2.151751923,2.154422537,2.477566842
reference,float,prepared,2,8191,2,18,2.152514955,2.1574746675,2.322671225
reference,float,vienot,0,1024,0,18,1.116943359,1.141357422,1.202392578
reference,float,vienot,0,1024,1,18,1.116943359,1.1383056645,1.159667969
reference,float,vienot,0,1024,2,18,1.116943359,1.141357422,1.599121094
reference,float,vienot,0,65536,0,18,1.140880585,1.173305511,1.197147369
reference,float,vienot,0,65536,1,18,1.141166687,1.1662960055,1.205825806
reference,float,vienot,0,65536,2,18,1.141929626,1.1680126190000002,1.194286346
reference,float,vienot,0,8191,0,18,1.124710048,1.155994384,1.300207545
reference,float,vienot,0,8191,1,18,1.123947015,1.156757417,1.296392382
reference,float,vienot,0,8191,2,18,1.124710048,1.155994384,1.268160176
reference,float,vienot,1,1024,0,18,1.116943359,1.141357422,19.061279297
reference,float,vienot,1,1024,1,18,1.116943359,1.153564453,2.166748047
reference,float,vienot,1,1024,2,18,1.110839844,1.153564453,2.996826172
reference,float,vienot,1,65536,0,18,1.169109344,1.1838912965000001,1.281261444
reference,float,vienot,1,65536,1,18,1.167964935,1.1744022369999998,1.198482513
reference,float,vienot,1,65536,2,18,1.169776917,1.1805534364999999,1.212024689
reference,float,vienot,1,8191,0,18,1.14607496,1.156757417,1.249847393
reference,float,vienot,1,8191,1,18,1.14302283,1.156757417,1.297155414
reference,float,vienot,1,8191,2,18,1.144548895,1.156757417,1.361250153
