compiler,variant,scalar,mode,deficiency,n,speedup,block_speedup_min,block_speedup_max,D_over_CPP
0,prepared,double,brettel,0,1024,0.7775368211767956,0.7530386740501444,0.8326785714322286,7.199500387538852
0,prepared,double,brettel,1,1024,0.7049767275456204,0.7036290322468035,0.7145407480107906,7.260249936271252
0,prepared,double,brettel,2,1024,0.7392475531877688,0.7150572082468252,0.7474675033713646,7.141025148163805
0,prepared,double,vienot,0,1024,2.0644825792598853,2.0142059867670166,2.0825927862219817,8.819078190062715
0,prepared,double,vienot,1,1024,2.0847633905453686,2.0362087326499454,2.297191887656367,8.821707915879824
0,prepared,float,brettel,0,1024,6.104516979880912,5.055762758101724,6.321085693842652,12.020291424156172
0,prepared,float,brettel,1,1024,6.235366674239583,6.175254312313944,6.2613228309575195,11.796608376199783
0,prepared,float,brettel,2,1024,6.334629460205965,6.2273084258518345,6.474595579902948,11.553758539522175
0,prepared,float,vienot,0,1024,2.3176187199014078,2.2989336084656204,2.3705839941971525,10.993833466653358
0,prepared,float,vienot,1,1024,2.3717728054434835,2.099299421272899,2.458057779286438,10.956062606092193
0,inline,double,brettel,0,1024,0.6474793077506427,0.6335605825979842,0.6785506402823748,8.632897249715771
0,inline,double,brettel,1,1024,0.5925368642890806,0.5826714275355233,0.6022419500473108,8.873045754219449
0,inline,double,brettel,2,1024,0.6165193949320692,0.6044568245227048,0.6292355294100889,8.896972603687107
0,inline,double,vienot,0,1024,1.3331094694471606,1.29231770832,1.3378106111668224,13.480297854897682
0,inline,double,vienot,1,1024,1.3457536086048605,1.314089347060541,1.4476486973410194,13.369835962508148
0,inline,float,brettel,0,1024,5.135922330131945,5.000269905534905,5.34367945824313,14.287224063217703
0,inline,float,brettel,1,1024,5.246438343280001,5.140266912157183,5.432090545950171,14.001321004260642
0,inline,float,brettel,2,1024,5.295411089828601,5.058694859680497,5.433460803028468,13.818249071038053
0,inline,float,vienot,0,1024,1.4808707124142202,1.433812486566403,1.5239367623885263,16.85130979289473
0,inline,float,vienot,1,1024,1.4833153928933085,1.4509473684257872,1.5298960138736915,17.49660991539043
0,bv_direct,double,brettel,0,1024,1.939373450533973,1.6743267504684989,1.944681807915643,2.8380634390427146
0,bv_direct,double,brettel,1,1024,1.7908140064351918,1.779679857726193,1.8164470694817616,2.805061611816317
0,bv_direct,double,brettel,2,1024,1.8660471440944544,1.5704761904355315,1.8859986428775175,2.8739488135494016
0,bv_direct,double,vienot,0,1024,4.381898454899031,4.182872927904137,4.3973509935762864,4.052422060856893
0,bv_direct,double,vienot,1,1024,4.424944812629896,4.320903954902251,4.875827814801274,4.056867793251464
0,bv_direct,float,brettel,0,1024,15.097852677626815,13.236008573692807,15.57828352097562,4.86453609060475
0,bv_direct,float,brettel,1,1024,14.99649406657872,14.585792634622727,15.390191322641241,4.956225355817738
0,bv_direct,float,brettel,2,1024,14.998646087286252,14.431617264536893,15.389656106265383,4.881111301701845
0,bv_direct,float,vienot,0,1024,4.27347715776569,4.240482233852412,4.444155844339056,5.880816445404136
0,bv_direct,float,vienot,1,1024,4.371827411596016,4.370323399194319,4.4809644674969045,5.8409309902021675
0,bv_split,double,brettel,0,1024,4.39928425375251,4.250519750764595,4.67000500757967,1.2457487867370904
0,bv_split,double,brettel,1,1024,4.028644501278472,4.0368033650752695,4.050658561254308,1.246223083449871
0,bv_split,double,brettel,2,1024,4.149697580593548,3.5355917665908594,4.196275792670831,1.2923902705338677
0,bv_split,double,vienot,0,1024,4.2780172413351725,4.266523374532755,4.316359696545613,4.213011304993845
0,bv_split,double,vienot,1,1024,4.357608695718956,4.320903954902251,4.760237068976552,4.118542395070595
0,bv_split,float,brettel,0,1024,27.828156311513904,27.609538003322562,28.49247743290271,2.614379085197348
0,bv_split,float,brettel,1,1024,27.66517412996794,27.70287698415746,28.414427861224603,2.6554985994618394
0,bv_split,float,brettel,2,1024,27.543510690938273,27.28810226210311,28.14957899928003,2.6879995721159866
0,bv_split,float,vienot,0,1024,4.185829708121311,4.1380804954246955,4.328905755854988,5.979634310483829
0,bv_split,float,vienot,1,1024,4.271543707406399,4.270136307686886,4.405489706769018,6.021128074074146
0,ma_fixed,double,lookup,0,1024,0.9817027377453481,0.9614305750434585,0.9830682050933115,5.742277700991246
0,ma_fixed,double,lookup,1,1024,0.9701796001355887,0.9434791161209231,0.9928885878725645,5.506624370289099
0,ma_fixed,double,lookup,2,1024,0.9621497844855172,0.941979522186934,0.9714171497113434,5.7040779084837965
0,ma_fixed,double,lookupApply,0,1024,0.8209468279517385,0.8118207980700229,0.8240076518345713,5.476507636156284
0,ma_fixed,double,lookupApply,1,1024,0.8131406044699349,0.8134729052983216,0.8236682253193695,5.427340674450672
0,ma_fixed,double,lookupApply,2,1024,0.8174135390430388,0.7975457535617542,0.8240166529286059,5.478912101029014
0,ma_fixed,float,lookup,0,1024,1.0373038056352346,0.8499561018460602,1.0306251315532757,4.7816834075236185
0,ma_fixed,float,lookup,1,1024,1.0046463603489535,0.7789608518087493,1.041034058285515,4.971127935485897
0,ma_fixed,float,lookup,2,1024,1.0363598150437223,1.0044676909553587,1.0272173181856252,4.897757510722265
0,ma_fixed,float,lookupApply,0,1024,0.8198950230820409,0.8030942334734646,0.8181072555187426,3.6948419884423793
0,ma_fixed,float,lookupApply,1,1024,0.8006458295251275,0.7242787002806462,0.8091554248417803,3.775099477995736
0,ma_fixed,float,lookupApply,2,1024,0.8229367498010175,0.8145135257141272,0.8229367498010175,3.7048984661469557
0,ma_bounded,double,lookup,0,1024,0.9757736156254505,0.9722484807550931,0.9893916432113857,5.566257960808419
0,ma_bounded,double,lookup,1,1024,0.9932005828100201,0.9725262931843636,1.0011609642762807,5.869273965894956
0,ma_bounded,double,lookup,2,1024,0.9647487844436088,0.9572697003329633,0.9812895409852116,5.6696748207946275
0,ma_bounded,double,lookupApply,0,1024,0.830815976046391,0.8261428309192067,0.841607460030977,5.355719386657999
0,ma_bounded,double,lookupApply,1,1024,0.8163947403168653,0.828374280312447,0.8524349881847965,5.365008883062469
0,ma_bounded,double,lookupApply,2,1024,0.8304054946474927,0.82172223728419,0.8326949324180108,5.277061406492224
0,ma_bounded,float,lookup,0,1024,0.9845918367574239,0.9867495668169637,1.0015976142403273,5.014275334719313
0,ma_bounded,float,lookup,1,1024,1.0229184188350546,1.0115396610810192,1.02411948734513,4.864801280679764
0,ma_bounded,float,lookup,2,1024,1.0266500104100467,0.9931049342813745,1.0185474627445472,4.914434809077268
0,ma_bounded,float,lookupApply,0,1024,0.8155113850806971,0.8109212934789584,0.8117057902966154,3.8210743135419043
0,ma_bounded,float,lookupApply,1,1024,0.8286669189061333,0.8074912356261087,0.828001308473468,3.5796678117501055
0,ma_bounded,float,lookupApply,2,1024,0.8171432100259245,0.8147281571300994,0.8253303676437495,3.6374214359421817
0,ma_direct,double,lookup,0,1024,1.822433460029493,1.8070066848479283,1.8251996450741867,3.03008191590823
0,ma_direct,double,lookup,1,1024,1.805853412404621,1.7573277967556866,1.8725252267155996,3.042351902591917
0,ma_direct,double,lookup,2,1024,1.776202909362748,1.7674869681293577,1.832912737440256,3.091856151639714
0,ma_direct,double,lookupApply,0,1024,1.1777153558004996,1.1439985472942191,1.1860450563079126,4.032187021108366
0,ma_direct,double,lookupApply,1,1024,1.173748103203985,1.1624862982891977,1.1917046029460832,3.732768162897932
0,ma_direct,double,lookupApply,2,1024,1.1632539780394642,1.1427110897276407,1.1728140314791073,3.8235786563450076
0,ma_direct,float,lookup,0,1024,1.2699394577806646,1.2440246723220874,1.2683590208770004,3.807109142548635
0,ma_direct,float,lookup,1,1024,1.2667621403308438,1.1090846916655368,1.3036998972630418,3.9463003114410697
0,ma_direct,float,lookup,2,1024,1.286627527718449,1.240813030015406,1.2828083989282775,3.9241685780131057
0,ma_direct,float,lookupApply,0,1024,0.9307918730649962,0.9308632826984982,0.9380742241078277,3.132886195845543
0,ma_direct,float,lookupApply,1,1024,0.9469625999855094,0.9241869632566229,0.9405351833500237,3.11750922758376
0,ma_direct,float,lookupApply,2,1024,0.9556550628312045,0.9362523191072639,0.9566223250433776,3.0822108396249304
0,prepared,double,brettel,0,8191,0.7382058482799448,0.7118925947163158,0.7590141874720638,7.595875235334419
0,prepared,double,brettel,1,8191,0.7398833878879435,0.7395113575120466,0.7491528604573775,7.779964522329646
0,prepared,double,brettel,2,8191,0.7445692345589147,0.7288228991260958,0.7773796853321603,7.709317694596523
0,prepared,double,vienot,0,8191,1.9844821020486267,1.9782533328624328,2.02703830960377,8.552422670857272
0,prepared,double,vienot,1,8191,2.010454948678637,1.9913021395679575,2.03707904103239,8.65134509061293
0,prepared,float,brettel,0,8191,5.916203793636688,5.470345215704708,6.023338195467979,12.699407079463382
0,prepared,float,brettel,1,8191,5.944745072118966,5.644696627438584,5.978041681884895,12.67394375586679
0,prepared,float,brettel,2,8191,5.962846035373313,5.692563980025687,6.040188785308389,12.592694811989917
0,prepared,float,vienot,0,8191,2.3973891924668806,2.2584958217520503,2.4331741729875946,10.906098201503095
0,prepared,float,vienot,1,8191,2.4175257732370823,2.3310285221619877,2.4390818380029367,11.006936072328447
0,inline,double,brettel,0,8191,0.6068918165066197,0.5995416153838473,0.6212545638973344,9.255522809926807
0,inline,double,brettel,1,8191,0.6270459116519433,0.6181681408986767,0.6372107239524359,9.12871542473122
0,inline,double,brettel,2,8191,0.6280155170329873,0.618502866434408,0.6475116299479756,9.041818980216856
0,inline,double,vienot,0,8191,1.2728993649351987,1.2657827515082787,1.289692512020971,13.262281542071491
0,inline,double,vienot,1,8191,1.3210508785011157,1.2816950330118455,1.352584349575558,12.963747603145764
0,inline,float,brettel,0,8191,4.968823740497133,4.836294143562985,5.035501160969145,15.131635240406176
0,inline,float,brettel,1,8191,5.00812261546842,4.898577573393819,5.048560777543912,15.05577217795344
0,inline,float,brettel,2,8191,4.916910499143742,4.848010400156857,4.941314880350554,15.320871388037805
0,inline,float,vienot,0,8191,1.5171117271423782,1.4869928333653046,1.5165424420001936,17.23376278980167
0,inline,float,vienot,1,8191,1.5394294154943726,1.5112638310180155,1.534740795571473,17.30013911420558
0,bv_direct,double,brettel,0,8191,1.5506337441513853,1.5302298377553314,1.6028730936953606,3.6500025211545397
0,bv_direct,double,brettel,1,8191,1.609286699586676,1.570295255401927,1.646330182057458,3.55629052632744
0,bv_direct,double,brettel,2,8191,1.5676768113599835,1.573080481005984,1.600107677398973,3.7331835669322553
0,bv_direct,double,vienot,0,8191,4.325287038265623,4.15602742463427,4.436214573246172,3.9204627115803645
0,bv_direct,double,vienot,1,8191,4.429568616557991,4.350912778890826,4.575967730416203,3.880670598261465
0,bv_direct,float,brettel,0,8191,11.540004040820296,10.770555793559012,11.795057509487659,6.613298414447397
0,bv_direct,float,brettel,1,8191,11.772318445811013,10.9452718371724,11.901935517348265,6.402034753294067
0,bv_direct,float,brettel,2,8191,11.956889109806784,10.77687591063674,12.034918374375136,6.315224304732635
0,bv_direct,float,vienot,0,8191,4.359542586682702,4.070595504808758,4.515366807970851,6.113082383978015
0,bv_direct,float,vienot,1,8191,4.493054447159962,4.203553615774874,4.590923746721235,6.033079345649768
0,bv_split,double,brettel,0,8191,2.954951943238015,2.9429976249737226,3.0949192085578057,1.8866704720559313
0,bv_split,double,brettel,1,8191,3.065912173563875,3.0179830299752024,3.107113513504078,1.8686806681571972
0,bv_split,double,brettel,2,8191,2.9766878719452246,2.9081395822953535,3.1121751602093273,1.9578222491893387
0,bv_split,double,vienot,0,8191,4.314246291803934,4.219697478881067,4.458854277184126,3.9194425445616905
0,bv_split,double,vienot,1,8191,4.357481288027839,3.9898192137960735,4.534564160596737,3.9450088040609033
0,bv_split,float,brettel,0,8191,18.856800924919867,17.75670513932332,19.060413158984815,3.977218638789956
0,bv_split,float,brettel,1,8191,18.796487772901514,18.382638048269058,19.059403479334385,4.0004267645514355
0,bv_split,float,brettel,2,8191,18.775714754498352,17.811072347804416,18.682060099175118,4.0050276719038065
0,bv_split,float,vienot,0,8191,4.369190641859018,4.206940971565958,4.494914176544328,5.980788864600442
0,bv_split,float,vienot,1,8191,4.4666666662159455,4.345498404729432,4.519520710653479,5.861064853159561
0,ma_fixed,double,lookup,0,8191,0.9699940833345916,0.9592842828068665,0.9759363034599406,5.5296855448531455
0,ma_fixed,double,lookup,1,8191,0.9643234672240606,0.952958764170998,0.9788016019114509,5.483155647256793
0,ma_fixed,double,lookup,2,8191,0.9412868410155141,0.9210376030499501,0.9444407216845948,5.6195973485753665
0,ma_fixed,double,lookupApply,0,8191,0.8091504258971796,0.7895575800414972,0.8335899276183633,5.35865488231083
0,ma_fixed,double,lookupApply,1,8191,0.8114927684530111,0.7931603997601516,0.8226242868823349,5.291794201923538
0,ma_fixed,double,lookupApply,2,8191,0.7909854318093158,0.7682119551543157,0.7953537813906937,5.401710263852545
0,ma_fixed,float,lookup,0,8191,1.0109835310863011,0.9515372457023878,1.03007254855562,4.987980960860787
0,ma_fixed,float,lookup,1,8191,1.0257459816612253,0.9558148666208822,1.0475909846799933,4.8779014424215585
0,ma_fixed,float,lookup,2,8191,1.0329896359898503,1.0158543285583501,1.0556499460663076,4.700819245157584
0,ma_fixed,float,lookupApply,0,8191,0.8055282462333704,0.7884433888074603,0.8099824999473796,3.7058305384384886
0,ma_fixed,float,lookupApply,1,8191,0.8173165040483381,0.7994713722022506,0.8283407723704422,3.6421921310041747
0,ma_fixed,float,lookupApply,2,8191,0.8355431842168981,0.8087641026827966,0.8676679729567263,3.6730653585963484
0,ma_bounded,double,lookup,0,8191,0.9689457775359583,0.9578344788009672,0.9822962703331507,5.56417370832766
0,ma_bounded,double,lookup,1,8191,0.952845843472487,0.9316021895335309,0.987958485777819,5.5449763029377275
0,ma_bounded,double,lookup,2,8191,0.959480730511264,0.93650988377867,0.9874076196847563,5.608050579944501
0,ma_bounded,double,lookupApply,0,8191,0.8108364761095206,0.7958227664059727,0.8353604735544925,5.348997525673334
0,ma_bounded,double,lookupApply,1,8191,0.8050476645454065,0.7970598393943088,0.8396688582649712,5.410093511531706
0,ma_bounded,double,lookupApply,2,8191,0.7918947521068863,0.7952055684268046,0.7964769821629333,5.522891766427403
0,ma_bounded,float,lookup,0,8191,0.9996333569218464,0.9794531332091921,1.0107416108610014,5.066505247667749
0,ma_bounded,float,lookup,1,8191,0.9948038484436249,0.9818867068429787,1.0252454790513779,5.191079667352141
0,ma_bounded,float,lookup,2,8191,0.9885453044682292,0.9750517923406081,1.0207806501409058,5.025310025739004
0,ma_bounded,float,lookupApply,0,8191,0.8224715457191966,0.8163063111164566,0.8209789043552717,3.6433630706612603
0,ma_bounded,float,lookupApply,1,8191,0.8141939839386229,0.8082635864353785,0.8365358964608401,3.6838217173806598
0,ma_bounded,float,lookupApply,2,8191,0.8171605165423991,0.8060324364006831,0.8434703799641365,3.713624540242663
0,ma_direct,double,lookup,0,8191,1.7721088960577782,1.776259922468353,1.792360125425615,3.007138581722694
0,ma_direct,double,lookup,1,8191,1.730309751422521,1.6960123496394583,1.8148903862541237,3.0481862884570883
0,ma_direct,double,lookup,2,8191,1.7399671582771006,1.7004177411709627,1.7742458998340789,3.0342017647205983
0,ma_direct,double,lookupApply,0,8191,1.1419651659511447,1.1313956336670254,1.1622728296911085,3.7858300376668477
0,ma_direct,double,lookupApply,1,8191,1.1343976622466114,1.119684621508152,1.1921011605798473,3.7699240097083027
0,ma_direct,double,lookupApply,2,8191,1.1247758642981858,1.0685406741984154,1.154287441948277,3.783641931797254
0,ma_direct,float,lookup,0,8191,1.3095549629768335,1.201319600915249,1.3253981531207653,3.771740277971894
0,ma_direct,float,lookup,1,8191,1.2600041634117045,1.2199753351982223,1.2761213590583953,3.8949002496184106
0,ma_direct,float,lookup,2,8191,1.27346344495029,1.2684424569418589,1.2907271492022736,3.810480238823291
0,ma_direct,float,lookupApply,0,8191,0.9669556533880053,0.8756747785638084,0.9821559565760446,3.0458729396965647
0,ma_direct,float,lookupApply,1,8191,0.9356684416492899,0.8951342934934686,0.9869300269373942,3.131762758260881
0,ma_direct,float,lookupApply,2,8191,0.9523388206634709,0.8962750122915291,0.9833187084730117,3.0702027566931323
0,prepared,double,brettel,0,65536,0.743822768307247,0.7274848980757341,0.7474640126532089,7.81356535641896
0,prepared,double,brettel,1,65536,0.7529901634517326,0.7129572125666088,0.7819094052000806,7.622274845485558
0,prepared,double,brettel,2,65536,0.7821834708844077,0.7668509339475229,0.8235777491037568,8.087048541856797
0,prepared,double,vienot,0,65536,2.0237973769319084,1.9251128210221373,2.0668295475237675,8.433116505416903
0,prepared,double,vienot,1,65536,2.0576219356901193,1.9171091038727694,2.1846612434594346,8.342591329577537
0,prepared,float,brettel,0,65536,5.732693993741007,5.573197396066854,5.831457251023806,13.179619675389757
0,prepared,float,brettel,1,65536,5.761480852346637,5.699651519592896,5.941087406995644,12.840161862169998
0,prepared,float,brettel,2,65536,5.674713367246961,5.65567897528731,5.739858902329805,13.0467875859837
0,prepared,float,vienot,0,65536,2.348308380593552,2.320459199486979,2.3391577644405843,10.425172146243417
0,prepared,float,vienot,1,65536,2.3887598868470894,2.338426590773424,2.5185120700981245,10.6095366761811
0,inline,double,brettel,0,65536,0.6348784717703191,0.6164794063505216,0.6528440832909441,8.981464670269668
0,inline,double,brettel,1,65536,0.636782719828519,0.6063655820493595,0.6622296228045225,8.49077692309038
0,inline,double,brettel,2,65536,0.6611445270908397,0.654394300534701,0.6726779139481766,8.668020081354069
0,inline,double,vienot,0,65536,1.3050079712657565,1.2989049190085182,1.3467811021624383,12.849368734832822
0,inline,double,vienot,1,65536,1.3270112625837678,1.2520050833749632,1.354764756894003,12.602938325652943
0,inline,float,brettel,0,65536,4.869066777320939,4.6624518613593695,4.974119788750269,15.338492424870296
0,inline,float,brettel,1,65536,4.888406866456465,4.737353416727636,4.965904077768386,15.387919076997711
0,inline,float,brettel,2,65536,4.920450171725467,4.8800231672097585,4.9912456591481975,14.893715613123234
0,inline,float,vienot,0,65536,1.508166842390831,1.4986477572204338,1.5184509266248825,16.510893333572973
0,inline,float,vienot,1,65536,1.5290314019026356,1.5251908547820703,1.5505316476278639,16.79112687539678
0,bv_direct,double,brettel,0,65536,1.4755949969564461,1.4309307186689535,1.500653489009314,3.7601619233515455
0,bv_direct,double,brettel,1,65536,1.4998897126882422,1.43874543184906,1.5360240270718308,3.844908400547189
0,bv_direct,double,brettel,2,65536,1.569388527302573,1.4895454707384426,1.5508559613484638,3.7780735828934544
0,bv_direct,double,vienot,0,65536,4.320000000031622,4.148146017128761,4.503274949502798,3.8409537856408162
0,bv_direct,double,vienot,1,65536,4.442338045989288,4.169949507742984,4.593768876172877,3.856163358887264
0,bv_direct,float,brettel,0,65536,10.570598771764818,10.27650064943074,10.676035272952365,7.16897036073102
0,bv_direct,float,brettel,1,65536,10.43878491994294,10.182028182565418,10.55548892449106,7.077068751071242
0,bv_direct,float,brettel,2,65536,10.39013442756168,10.31390114445987,10.471810823273596,7.069582718700271
0,bv_direct,float,vienot,0,65536,4.323528570428929,4.30776675769747,4.406975278166634,5.8036270132350465
0,bv_direct,float,vienot,1,65536,4.376803198701885,4.310154804997523,4.466173902247631,5.769779763658697
0,bv_split,double,brettel,0,65536,2.7113864843268924,2.6608474317748296,2.769358525660207,1.9898254170835716
0,bv_split,double,brettel,1,65536,2.7166341309144837,2.595753629082783,2.8256899283347754,2.0739080299820016
0,bv_split,double,brettel,2,65536,2.8740633632034216,2.7985313146643565,2.94319583797375,1.984541977868923
0,bv_split,double,vienot,0,65536,4.293063833806589,4.113320889646869,4.378717884242421,3.9083589957907723
0,bv_split,double,vienot,1,65536,4.346043685219084,4.090135665026819,4.502097650383854,3.9025681460115034
0,bv_split,float,brettel,0,65536,16.066776845199673,15.244630456138209,16.30317393070364,4.678208131610664
0,bv_split,float,brettel,1,65536,16.334740904777853,16.044770082434507,16.50839623116791,4.506940821275775
0,bv_split,float,brettel,2,65536,16.01968711931112,15.889488663010273,16.756392015939877,4.584393529346496
0,bv_split,float,vienot,0,65536,4.32534315170702,4.2828597011558305,4.509393170504424,5.8393367763665065
0,bv_split,float,vienot,1,65536,4.4374446371483565,4.328993518233591,4.494567486479644,5.704198896736295
0,ma_fixed,double,lookup,0,65536,0.9550196207622841,0.936146301582292,0.968141893448962,5.484780196716602
0,ma_fixed,double,lookup,1,65536,0.953121336418043,0.9278095009207059,0.9697680036695301,5.521030539926511
0,ma_fixed,double,lookup,2,65536,0.9663272148669034,0.9396069520310495,1.027980967339595,5.412895793970571
0,ma_fixed,double,lookupApply,0,65536,0.7947378141874638,0.7746424998531756,0.8170036871049632,5.369399747183933
0,ma_fixed,double,lookupApply,1,65536,0.805387156420032,0.8000788547659708,0.837108374374572,5.422141129571149
0,ma_fixed,double,lookupApply,2,65536,0.8021969713327194,0.7887765023626195,0.8055202788229886,5.420551204813227
0,ma_fixed,float,lookup,0,65536,1.0115338062939319,0.9856219352458443,1.0230028376710854,5.076214095555413
0,ma_fixed,float,lookup,1,65536,0.9998121007106824,0.9923852271159995,1.0050185525790674,5.086567786296758
0,ma_fixed,float,lookup,2,65536,1.02251424178022,1.0152785467912313,1.0803777238629408,4.87030657740233
0,ma_fixed,float,lookupApply,0,65536,0.8050830442534338,0.8048666583158262,0.8373429119460138,3.790671169968559
0,ma_fixed,float,lookupApply,1,65536,0.8171167402620506,0.7971026712676375,0.8345194008451097,3.7231588370866753
0,ma_fixed,float,lookupApply,2,65536,0.8073866854736402,0.7597937820354251,0.8174242374153162,3.769493348526502
0,ma_bounded,double,lookup,0,65536,0.9798636379716796,0.9672389777018825,0.9972185180510844,5.454763298593569
0,ma_bounded,double,lookup,1,65536,0.973825442793277,0.9479882739773109,0.999609600872185,5.5328419485124645
0,ma_bounded,double,lookup,2,65536,0.9873984400048652,0.962161215149681,1.0645021496045635,5.198532885017426
0,ma_bounded,double,lookupApply,0,65536,0.8169335713720961,0.8052547868154569,0.8446424226053253,5.259334823406591
0,ma_bounded,double,lookupApply,1,65536,0.8118837967091797,0.8076471415059012,0.8230935741081736,5.326380735394674
0,ma_bounded,double,lookupApply,2,65536,0.818475217633986,0.813039100653047,0.8175796067463011,5.2916705729606415
0,ma_bounded,float,lookup,0,65536,1.0044380566101743,0.9634137319827739,1.031473998818601,5.0626888501618525
0,ma_bounded,float,lookup,1,65536,0.9962507196690106,0.9787485681828305,1.018662229437741,5.106934200911746
0,ma_bounded,float,lookup,2,65536,1.0151370533980144,0.9865508070274478,1.063399150838118,4.882052666041831
0,ma_bounded,float,lookupApply,0,65536,0.8212179107301685,0.8162200272606939,0.8274453788030521,3.762747290993609
0,ma_bounded,float,lookupApply,1,65536,0.8357050764534713,0.8145524343879686,0.8426359362611375,3.685667543710696
0,ma_bounded,float,lookupApply,2,65536,0.8225600535950711,0.774055650186443,0.8581103877839613,3.595615145744184
0,ma_direct,double,lookup,0,65536,1.7594365671938221,1.7103794864544317,1.7712195057879436,2.9874694605015946
0,ma_direct,double,lookup,1,65536,1.7813953047327027,1.7583601078900173,1.8661779699415921,3.069345816650003
0,ma_direct,double,lookup,2,65536,1.7832812357909529,1.775853479226186,1.863538558582115,3.0782953606017536
0,ma_direct,double,lookupApply,0,65536,1.1579337974406954,1.129898912098205,1.2268509742534806,3.7284108836151613
0,ma_direct,double,lookupApply,1,65536,1.155936314528845,1.1480031190490332,1.2111276637838202,3.7411095166073842
0,ma_direct,double,lookupApply,2,65536,1.1592927439538545,1.1388106210400966,1.211301593536508,3.785343634806423
0,ma_direct,float,lookup,0,65536,1.2629961326820187,1.217415097915575,1.3429564004958137,3.945201424326066
0,ma_direct,float,lookup,1,65536,1.2461333994261257,1.228617353939803,1.2979326146727108,3.9723982432291636
0,ma_direct,float,lookup,2,65536,1.2808752686181206,1.2458880007412434,1.346311616586762,3.860767712073993
0,ma_direct,float,lookupApply,0,65536,0.9305572268411904,0.9172095935317938,0.9679096428261827,3.2179328452069664
0,ma_direct,float,lookupApply,1,65536,0.9511011534690628,0.9146944550188925,0.9624017957411236,3.1351134098449474
0,ma_direct,float,lookupApply,2,65536,0.9267700157476687,0.8575365700805028,0.977924696936957,3.176549174342749
1,prepared,double,brettel,0,1024,2.2962406011992167,2.2251506024250602,2.4644194754357183,0.8444658912532956
1,prepared,double,brettel,1,1024,1.660902255531841,1.6601503757864668,1.6973180075358445,0.8446589610949945
1,prepared,double,brettel,2,1024,1.5945121951843904,1.4315789472361562,1.8990963855113254,0.8347755267812883
1,prepared,double,vienot,0,1024,0.9878048777990244,0.9817073174478049,1.006250000384,0.73422425155799
1,prepared,double,vienot,1,1024,0.9818181816918038,0.9666666670969536,1.0062111794858284,0.7391148539448892
1,prepared,float,brettel,0,1024,1.2285854135349772,1.1921418304136298,1.4345124282714745,2.6510088888560706
1,prepared,float,brettel,1,1024,0.8024509803176698,0.7799043062549784,0.7995098038272394,2.6483875993159933
1,prepared,float,brettel,2,1024,0.7313218391868869,0.6739894551548038,0.7526987241640283,2.6963506285003573
1,prepared,float,vienot,0,1024,1.0,0.9712946689743106,1.0499706055147227,6.123201770635258
1,prepared,float,vienot,1,1024,1.0,0.9752650176937571,1.0089126560322148,6.1038913234097985
1,inline,double,brettel,0,1024,2.2962406011992167,2.2335369994485776,2.263711495066236,0.8487230866503737
1,inline,double,brettel,1,1024,1.683689024437073,1.6601503757864668,1.6850574713495097,0.8409555613982845
1,inline,double,brettel,2,1024,1.5729323307433372,1.4315789472361562,1.8962406012977673,0.8396517655423235
1,inline,double,vienot,0,1024,0.9788519634381665,0.7019027484963956,0.9877300620989334,0.7510607883461149
1,inline,double,vienot,1,1024,0.9818181816918038,0.7449209931010926,0.9938650307981783,0.7502557688229751
1,inline,float,brettel,0,1024,1.190702087181963,1.1786565030656986,1.3331852511117572,2.7344307374971337
1,inline,float,brettel,1,1024,0.7828790052431787,0.7776717557447329,0.7887931034807452,2.7298006505124546
1,inline,float,brettel,2,1024,0.7313218391868869,0.7223837209401549,0.7346743295007132,2.757709832989437
1,inline,float,vienot,0,1024,0.9764705883305368,0.9747207524861861,1.0084697910436966,6.2592047115673894
1,inline,float,vienot,1,1024,0.9764428738745907,0.9438576988220514,0.9863013699004424,6.183539693164469
1,bv_direct,double,brettel,0,1024,2.27232142848,2.1970260222196987,2.498101746401064,0.8535392665667512
1,bv_direct,double,brettel,1,1024,1.6534431136156735,1.6505216096433502,1.7010785822734757,0.8362910244061166
1,bv_direct,double,brettel,2,1024,1.5553903345623472,1.4156133828349626,1.7121520706954274,0.853870668804626
1,bv_direct,double,vienot,0,1024,0.9788519634381665,0.7612293145270216,1.0246913585366133,0.7482255073033957
1,bv_direct,double,vienot,1,1024,0.9938650307981783,0.9666666670969536,1.031249999872,0.7285893078557192
1,bv_direct,float,brettel,0,1024,3.285340313623017,3.0653728294164053,3.3252688171492473,0.9861118284151195
1,bv_direct,float,brettel,1,1024,2.1426701568115085,2.1348167536173768,2.190860215591278,0.9859591162517425
1,bv_direct,float,brettel,2,1024,2.003937008116117,1.6931567328327504,2.0317880792523297,0.9828453501471744
1,bv_direct,float,vienot,0,1024,5.460526316058948,4.920110192447042,5.5083056480792365,1.0981468767995421
1,bv_direct,float,vienot,1,1024,5.4900662242853215,5.4117647042445824,5.697986578376743,1.0905676730414025
1,bv_split,double,brettel,0,1024,2.2757078987755284,2.1970260222196987,2.521072796784786,0.8391276073250146
1,bv_split,double,brettel,1,1024,1.641158989494632,1.4808853118508862,1.6431750740385398,0.8472122563361879
1,bv_split,double,brettel,2,1024,1.580060422924835,1.4219566840708575,1.9281345566643677,0.8407630370139032
1,bv_split,double,vienot,0,1024,0.987804878292445,0.9387755102820682,1.0278637772782333,0.7303495877501588
1,bv_split,double,vienot,1,1024,0.9818181816918038,0.8188585606507934,0.9938650307981783,0.7462855330593534
1,bv_split,float,brettel,0,1024,3.285340313623017,3.2395833333333335,4.006675567614816,0.985704701686092
1,bv_split,float,brettel,1,1024,2.1914323961641755,2.1733333337440257,2.1872509962317856,0.9632495163020661
1,bv_split,float,brettel,2,1024,2.0360000004701115,1.980079681571368,2.048064085339205,0.9680167271576545
1,bv_split,float,vienot,0,1024,5.514950166760353,5.453947368286316,5.993288591290352,1.0864857064432116
1,bv_split,float,vienot,1,1024,5.453947368286316,5.447368421591579,5.697986578376743,1.0954560190167801
1,ma_fixed,double,lookup,0,1024,1.1042763158366316,1.0484567901171358,1.0918065153366372,1.1363423979611071
1,ma_fixed,double,lookup,1,1024,1.0907894736572632,1.0854896823272553,1.117434210519579,1.138073810089534
1,ma_fixed,double,lookup,2,1024,1.0900723207705891,1.0664473684075788,1.3690165361724724,1.1388054896593678
1,ma_fixed,double,lookupApply,0,1024,1.0761245674966076,1.0738636363686955,1.1024245422764263,0.9258941423275485
1,ma_fixed,double,lookupApply,1,1024,1.0743577075048223,1.0688468158344209,1.1019297377748876,0.9329661085497784
1,ma_fixed,double,lookupApply,2,1024,1.0751730959430865,1.0660564077246872,1.2590301831056432,0.9362649880113488
1,ma_fixed,float,lookup,0,1024,1.1249999999649316,1.0789895749704428,1.1558497011795519,1.1737867687639967
1,ma_fixed,float,lookup,1,1024,1.1529562982699892,1.125214408193749,1.1833761783497398,1.1725814878447154
1,ma_fixed,float,lookup,2,1024,1.151541095872877,0.9917325664622353,1.1857876712854793,1.1733151175244372
1,ma_fixed,float,lookupApply,0,1024,1.0609293504181925,1.0350918511488654,1.0810810810915792,0.9481378913480453
1,ma_fixed,float,lookupApply,1,1024,1.0526066350409504,1.044135001223796,1.078454610101653,0.9478907185281195
1,ma_fixed,float,lookupApply,2,1024,1.0616113743869746,1.0464617583649252,1.1999526178834434,0.9480525607876319
1,ma_bounded,double,lookup,0,1024,1.159986178398721,1.1150533929952942,1.1749291785529252,1.0846019503260842
1,ma_bounded,double,lookup,1,1024,1.1458189357494397,1.1447322971306433,1.1742136190817725,1.0847361062506589
1,ma_bounded,double,lookup,2,1024,1.1462150017081074,1.1202487906346565,1.171742209692457,1.0831879347548232
1,ma_bounded,double,lookupApply,0,1024,1.1297353399319827,1.1276264591672531,1.1568016614566266,0.8910364598639974
1,ma_bounded,double,lookupApply,1,1024,1.1290238836674535,1.1279190451891745,1.156883116906064,0.894885769668997
1,ma_bounded,double,lookupApply,2,1024,1.1287642782942502,1.127041742274108,1.321474941582544,0.8946612968619687
1,ma_bounded,float,lookup,0,1024,1.272023233185757,1.2862745098039217,1.3374751490610903,1.0353035504160593
1,ma_bounded,float,lookup,1,1024,1.302516940881136,1.270087124803452,1.3146120895525004,1.035334679809468
1,ma_bounded,float,lookup,2,1024,1.2907869482076688,0.8862833279422123,1.3407550822643408,1.0451039586466584
1,ma_bounded,float,lookupApply,0,1024,1.1497944501836255,1.112095141705587,1.2063492063753503,0.8749822957665694
1,ma_bounded,float,lookupApply,1,1024,1.1451405001364778,1.1160443996146352,1.2030671602304819,0.8713897081925578
1,ma_bounded,float,lookupApply,2,1024,1.1478349986888192,1.117483577537339,1.127889060038511,0.8769269138020632
1,ma_direct,double,lookup,0,1024,0.9583214388245044,0.923801369857169,0.9696084161777047,1.3423153118820301
1,ma_direct,double,lookup,1,1024,0.9684579439013085,0.9455064194193403,0.9712609970324492,1.3118924738418378
1,ma_direct,double,lookup,2,1024,0.969590643227676,0.9460169244060886,1.2470930232828752,1.3126280963569064
1,ma_direct,double,lookupApply,0,1024,1.084703537597063,1.079195630569035,1.1044472681135697,0.9468589005685344
1,ma_direct,double,lookupApply,1,1024,1.0907950840123353,1.079195630569035,1.1057596822121094,0.9404743652094049
1,ma_direct,double,lookupApply,2,1024,1.1057985757861986,1.077857674176607,1.1459130826370265,0.9351907128107952
1,ma_direct,float,lookup,0,1024,0.7482915716957518,0.7475783475696237,0.7666666666635547,1.7971456496619194
1,ma_direct,float,lookup,1,1024,0.7662300683072154,0.746939937362399,0.7866704642672528,1.7975135760141288
1,ma_direct,float,lookup,2,1024,0.7547699214077468,0.7481481481744261,0.774825174872863,1.8210896902753548
1,ma_direct,float,lookupApply,0,1024,1.080395943982672,1.049677573441362,1.0841654778781722,0.95311511248798
1,ma_direct,float,lookupApply,1,1024,1.0614097968682978,1.0566037736188683,1.0851419031658214,0.96266426825257
1,ma_direct,float,lookupApply,2,1024,1.06921241053255,1.0520932445349067,1.075828377262016,0.9625788843417442
1,prepared,double,brettel,0,8191,2.4856846862848663,2.438898450772956,2.4912848842872006,0.8609261321787657
1,prepared,double,brettel,1,8191,2.4862046079240394,2.4729115363574024,2.535223286280387,0.8699884106385118
1,prepared,double,brettel,2,8191,2.4084012894048326,2.3265131330710003,2.4844149690437805,0.861298023372397
1,prepared,double,vienot,0,8191,0.9911446380623073,0.9503635787621268,1.004267892853566,0.8441213276162493
1,prepared,double,vienot,1,8191,1.0006736273985135,1.0026908847281106,1.0093302229486636,0.8111068919378109
1,prepared,float,brettel,0,8191,1.1180088907745491,1.0726980620485564,1.1433192466022735,3.247460665291441
1,prepared,float,brettel,1,8191,1.1168041454986402,1.0830868233668387,1.1265782661643662,3.135164168314452
1,prepared,float,brettel,2,8191,1.0975185711618474,1.0845122271918015,1.121952509379294,3.235059516712206
1,prepared,float,vienot,0,8191,0.9963960143636771,0.9898209897779113,1.009055258392967,6.781748562840662
1,prepared,float,vienot,1,8191,0.996890459295138,0.9914487632700225,1.0229454955340387,6.817338682211857
1,inline,double,brettel,0,8191,2.4950841371392545,2.427152010536668,2.559545943487609,0.8644840718398518
1,inline,double,brettel,1,8191,2.507602562946727,2.4568989774845664,2.558702469298919,0.8459507298617039
1,inline,double,brettel,2,8191,2.429363940723097,2.341089617768444,2.470837651959168,0.843402943330836
1,inline,double,vienot,0,8191,1.0127345845908153,0.9906071786714905,1.0441125391737833,0.8274362787351913
1,inline,double,vienot,1,8191,0.9818241902747271,0.9784696918537749,1.0383141764131125,0.8393780946761535
1,inline,float,brettel,0,8191,1.1255724396377877,1.1246022785673526,1.1517438413161796,3.2252433705355936
1,inline,float,brettel,1,8191,1.1033275870791914,1.0900321543469556,1.1514482758574014,3.247229092123349
1,inline,float,brettel,2,8191,1.0969406560568886,1.0721151348047961,1.1238147139128045,3.2015091314176987
1,inline,float,vienot,0,8191,0.9955517899297902,0.9698720594629006,1.0449195471964667,6.70768093956316
1,inline,float,vienot,1,8191,0.9904507793075124,0.9858743302613433,1.042583234250462,6.907791028589436
1,bv_direct,double,brettel,0,8191,2.5038421404422895,2.4940250115176252,2.515967679742809,0.8425816682843267
1,bv_direct,double,brettel,1,8191,2.479621749298331,2.4341374600291785,2.490366272137375,0.8503415036240594
1,bv_direct,double,brettel,2,8191,2.42010481180061,2.346386409634937,2.4933916512354193,0.8441428390780417
1,bv_direct,double,vienot,0,8191,1.0154569894888086,0.9902749829297145,1.023493360489969,0.8142270862445267
1,bv_direct,double,vienot,1,8191,0.9949765572460813,0.9905166772700669,1.0037037038965535,0.8023064296757738
1,bv_direct,float,brettel,0,8191,3.635126050927327,3.1884793313005235,3.695446880824302,1.0021052628354026
1,bv_direct,float,brettel,1,8191,3.5635228614414753,3.4290078792808063,3.724790290518242,0.9982668861636124
1,bv_direct,float,brettel,2,8191,3.5011764702187134,3.465737318738046,3.554904326596482,0.9939975910618387
1,bv_direct,float,vienot,0,8191,5.934343433847566,5.778688524713436,6.040119505418888,1.1537733150409495
1,bv_direct,float,vienot,1,8191,5.931875522200016,5.952752671902855,6.0679065734245405,1.1508771935966962
1,bv_split,double,brettel,0,8191,2.469173917128163,2.4673144042729334,2.4734037665031576,0.8531114344472359
1,bv_split,double,brettel,1,8191,2.4786841856590853,2.4705715901044916,2.4924496644707292,0.8375558159426879
1,bv_split,double,brettel,2,8191,2.3977154726105576,2.317690557632508,2.4402568395875974,0.8422778474551735
1,bv_split,double,vienot,0,8191,1.0076692231932616,0.9966250421723435,1.0089050135776676,0.8073047756703656
1,bv_split,double,vienot,1,8191,0.9854063019346484,0.9869695954047139,0.9914893614940226,0.8128612716791089
1,bv_split,float,brettel,0,8191,3.597039747393394,3.5009011960724594,3.6830252105819365,0.9980298329921099
1,bv_split,float,brettel,1,8191,3.4767078191315672,3.384141397838714,3.509710335701975,1.0165084313609225
1,bv_split,float,brettel,2,8191,3.467376830234832,3.4744906550818206,3.488161789200026,0.9893571650098884
1,bv_split,float,vienot,0,8191,5.9468578654350335,5.75112751294594,5.9814032117618074,1.1448520289286366
1,bv_split,float,vienot,1,8191,5.931875522200016,5.787541255863822,5.967986523031234,1.147583704947593
1,ma_fixed,double,lookup,0,8191,1.1067203519813449,1.0979213623851725,1.1099706744771767,1.125181392364664
1,ma_fixed,double,lookup,1,8191,1.0829026171101743,1.0739101934059614,1.1117992043212221,1.1384359185553565
1,ma_fixed,double,lookup,2,8191,1.1138954073089304,1.0830829577060366,1.1499979033210803,1.1067819147458327
1,ma_fixed,double,lookupApply,0,8191,1.0914123092184118,1.0732818318974975,1.1160803392724201,0.9276561104496817
1,ma_fixed,double,lookupApply,1,8191,1.0854208806549765,1.0634012632610914,1.097817860742373,0.9371597018068112
1,ma_fixed,double,lookupApply,2,8191,1.0954679370770604,1.0699324854766523,1.127354794190898,0.9345071738600956
1,ma_fixed,float,lookup,0,8191,1.123611704365931,1.1148901546038739,1.1270280334757132,1.1957726550786243
1,ma_fixed,float,lookup,1,8191,1.1272970801080315,1.1321290737569256,1.1449198145706483,1.1823228637229368
1,ma_fixed,float,lookup,2,8191,1.1523099526308824,1.1177286057317999,1.1891378655293225,1.1549929231694012
1,ma_fixed,float,lookupApply,0,8191,1.054073325763157,1.0407794592467547,1.07068292535292,0.9495551975261535
1,ma_fixed,float,lookupApply,1,8191,1.0630852930077848,1.0615315985249745,1.0743596561173077,0.9491825973756854
1,ma_fixed,float,lookupApply,2,8191,1.0565018695395276,1.0526002972074335,1.0668035137248468,0.9334300243072252
1,ma_bounded,double,lookup,0,8191,1.170001755318216,1.1334999569242206,1.2046680222899941,1.0915418915367474
1,ma_bounded,double,lookup,1,8191,1.1658790796644092,1.1439633931958963,1.2259304481302562,1.0863406444578336
1,ma_bounded,double,lookup,2,8191,1.1580047920214476,1.138676844767476,1.1946332114019484,1.0979114094490023
1,ma_bounded,double,lookupApply,0,8191,1.1522004688160465,1.1181168019070262,1.2130025082546725,0.8984261450697235
1,ma_bounded,double,lookupApply,1,8191,1.1552729199982403,1.1344499478061407,1.2000941461603685,0.8962518434198681
1,ma_bounded,double,lookupApply,2,8191,1.135063163757721,1.1127367733967053,1.1684480686042789,0.9132199358138343
1,ma_bounded,float,lookup,0,8191,1.2981492905615368,1.2698795181130687,1.3141669768343625,1.0341175870396546
1,ma_bounded,float,lookup,1,8191,1.2937957326214786,1.273536356461534,1.3291890888834412,1.0413251716061094
1,ma_bounded,float,lookup,2,8191,1.2874513619206815,1.265577919749565,1.373073549719445,1.0534392408627082
1,ma_bounded,float,lookupApply,0,8191,1.1589951324531325,1.1414432593770207,1.1597836774749999,0.8663839571427456
1,ma_bounded,float,lookupApply,1,8191,1.1681366784972846,1.1359388548537157,1.195424213548283,0.8638219124726905
1,ma_bounded,float,lookupApply,2,8191,1.1452744000582105,1.1275604620097692,1.193031174610031,0.8794361152350364
1,ma_direct,double,lookup,0,8191,0.9722495715340379,0.9507355333237074,1.0395971617490352,1.314787681695255
1,ma_direct,double,lookup,1,8191,0.9605224858323712,0.9409380428456302,0.9838141897622363,1.3154210673447615
1,ma_direct,double,lookup,2,8191,0.9650740633205681,0.9403985506626934,1.001238785254852,1.3137498247645276
1,ma_direct,double,lookupApply,0,8191,1.1075531577098385,1.0972147914867971,1.1618831168655994,0.9513268458411537
1,ma_direct,double,lookupApply,1,8191,1.105897273295494,1.0932671774756064,1.1594334719848622,0.9354806083683059
1,ma_direct,double,lookupApply,2,8191,1.1045728913332749,1.071783579794228,1.137228862331766,0.9383524697919212
1,ma_direct,float,lookup,0,8191,0.7477170166226393,0.7139929132230589,0.7733610746617259,1.801824296764523
1,ma_direct,float,lookup,1,8191,0.7516790511200863,0.7311435523445751,0.7851870798167723,1.7943957825228722
1,ma_direct,float,lookup,2,8191,0.7555032288199249,0.7434771834153231,0.8025265470631525,1.800297897884384
1,ma_direct,float,lookupApply,0,8191,1.0826695962406079,1.05472592329152,1.0976325816986738,0.9255757344148218
1,ma_direct,float,lookupApply,1,8191,1.0911448797945968,1.05120508784959,1.136295463109264,0.9273271179723431
1,ma_direct,float,lookupApply,2,8191,1.0876485503910032,1.055454572520887,1.127750000019904,0.9263231651463163
1,prepared,double,brettel,0,65536,2.638017368595971,2.5795507360002237,2.7421885486005877,0.8112704559274633
1,prepared,double,brettel,1,65536,2.672795510540825,2.558632302820709,2.773400301638507,0.8293797444941622
1,prepared,double,brettel,2,65536,2.529851785084809,2.383063602233864,2.591166331403162,0.8283810379729954
1,prepared,double,vienot,0,65536,1.0138989606360245,0.9880622975589645,1.031557780728381,0.8218255571481716
1,prepared,double,vienot,1,65536,0.9974194060897842,0.9634034762980178,1.0073960422689199,0.8304388752924374
1,prepared,float,brettel,0,65536,1.0258940215501795,1.0033506373735925,1.0391394759802595,3.5455344679071676
1,prepared,float,brettel,1,65536,1.0009908362166375,0.9771877420118541,1.0111463695830105,3.545171905993294
1,prepared,float,brettel,2,65536,1.0095863921424657,0.9828523654125114,1.0541686179674827,3.4517598218135617
1,prepared,float,vienot,0,65536,1.010680696350994,0.9938875199196221,1.0332236842065092,6.318669101153271
1,prepared,float,vienot,1,65536,0.9764551254337243,0.941239224331185,1.0057085908736896,6.394426589612262
1,inline,double,brettel,0,65536,2.520378566308674,2.4316494233102866,2.6007593632638257,0.8422468701750163
1,inline,double,brettel,1,65536,2.5842510131503102,2.4514206329708816,2.6833850932319403,0.8589453745234972
1,inline,double,brettel,2,65536,2.557015590325193,2.4029163380069756,2.6084632517389252,0.8533701768968969
1,inline,double,vienot,0,65536,1.005674325551109,0.9946677277482464,1.0263264972800001,0.8296737070996969
1,inline,double,vienot,1,65536,1.0031544481295231,0.9676762019099199,1.0130353817575801,0.8448831166410621
1,inline,float,brettel,0,65536,1.0533378751136269,1.0057634747926776,1.0822500164731186,3.493165705768771
1,inline,float,brettel,1,65536,1.0441689568571773,0.9908643588568647,1.0598830058356798,3.3702372091355954
1,inline,float,brettel,2,65536,1.0080695802917776,0.9769805662576662,1.050261206629147,3.455815663079352
1,inline,float,vienot,0,65536,1.0300006276037286,0.997798947100154,1.0568329597206747,6.207778661739371
1,inline,float,vienot,1,65536,1.0155249983908543,0.9679200212442479,1.0702477417411957,6.104930059240414
1,bv_direct,double,brettel,0,65536,2.572975651237853,2.485207100757886,2.604108493649318,0.8413399982630534
1,bv_direct,double,brettel,1,65536,2.6466002344451955,2.5272762974829375,2.740566480381294,0.8445850611984278
1,bv_direct,double,brettel,2,65536,2.5504980823413637,2.3980384331518474,2.6169375920587283,0.8504621320965979
1,bv_direct,double,vienot,0,65536,1.0051923153257747,0.9847992166463149,1.008960358124403,0.8266173631010084
1,bv_direct,double,vienot,1,65536,0.9947733122054896,0.9570835798129214,1.012294433801896,0.8424567510749034
1,bv_direct,float,brettel,0,65536,3.733606727337067,3.620152966925721,3.858433411765679,0.9623708163850925
1,bv_direct,float,brettel,1,65536,3.647030591415338,3.5693128322808017,3.7165303127134353,0.9591188644408598
1,bv_direct,float,brettel,2,65536,3.546434323049077,3.41994873432668,3.6365398239734668,0.9734420786831499
1,bv_direct,float,vienot,0,65536,5.916919907942318,5.854228008225002,5.976396173012293,1.029187797448636
1,bv_direct,float,vienot,1,65536,5.773351857798243,5.641417005432376,5.916885252489858,1.046385954059869
1,bv_split,double,brettel,0,65536,2.574038449886628,2.5216737924811006,2.6184889615751517,0.8352331513630076
1,bv_split,double,brettel,1,65536,2.6703611266596714,2.57219773102889,2.7765982740248076,0.8511532415682587
1,bv_split,double,brettel,2,65536,2.4769101500838415,2.4433186149251127,2.49325505303158,0.8691191559094232
1,bv_split,double,vienot,0,65536,1.0039092108725751,0.9907301935894531,1.0177110053570966,0.8434175146559998
1,bv_split,double,vienot,1,65536,1.0047190562169535,0.9632118991510379,1.0032125365661302,0.8435529010627842
1,bv_split,float,brettel,0,65536,3.6712449334096133,3.629606507965975,3.674011476571005,0.9835501867663246
1,bv_split,float,brettel,1,65536,3.5940076902769538,3.484101167538574,3.693133494163555,0.9879495310801781
1,bv_split,float,brettel,2,65536,3.537887993740095,3.5004893287709766,3.6198251685654177,0.9907006651228867
1,bv_split,float,vienot,0,65536,5.907487399687227,5.8509034587385464,5.930649113438784,1.0779235754677876
1,bv_split,float,vienot,1,65536,5.655760018782742,5.364782034175872,5.838509947470499,1.1025968147111025
1,ma_fixed,double,lookup,0,65536,1.0886364209580082,1.0209266314632555,1.1297714938326142,1.1373574886670956
1,ma_fixed,double,lookup,1,65536,1.1550580687637813,1.0873221182082593,1.2017757953359993,1.1460818797278893
1,ma_fixed,double,lookup,2,65536,1.1700673177153051,1.160901220305555,1.1796182212015527,1.0767572379599315
1,ma_fixed,double,lookupApply,0,65536,1.09929159093866,1.0186074207933176,1.1167730023233924,0.9382513690567872
1,ma_fixed,double,lookupApply,1,65536,1.0999912248035368,1.0424872995574141,1.143446937220161,0.94898323097998
1,ma_fixed,double,lookupApply,2,65536,1.1307279369365892,1.101040534615563,1.1232141067391188,0.9119803760899243
1,ma_fixed,float,lookup,0,65536,1.1418886067275018,1.1248219646716382,1.1375384365075705,1.2067057206113667
1,ma_fixed,float,lookup,1,65536,1.1292475361004934,1.0867622902038587,1.1333508506622807,1.185356806396371
1,ma_fixed,float,lookup,2,65536,1.135051244864069,1.1279813998640211,1.1519633846137625,1.1593020517256465
1,ma_fixed,float,lookupApply,0,65536,1.084287740251631,1.0355961458093725,1.0971607932660594,0.9858038665859031
1,ma_fixed,float,lookupApply,1,65536,1.0713740898180113,1.0290588248457395,1.0785825939524067,0.9638140221664356
1,ma_fixed,float,lookupApply,2,65536,1.0724616385310852,1.0413944633738923,1.0680269127137594,0.954865166975834
1,ma_bounded,double,lookup,0,65536,1.1699660295608159,1.1216061806540731,1.1740410978318463,1.0765568268489873
1,ma_bounded,double,lookup,1,65536,1.247910630790599,1.1745465425558281,1.260020736358945,1.0151870235845635
1,ma_bounded,double,lookup,2,65536,1.254287311343242,1.1517415343000392,1.2884712680748982,1.017845349385331
1,ma_bounded,double,lookupApply,0,65536,1.1543432677790095,1.09099057044661,1.1412475499477703,0.9024284289006935
1,ma_bounded,double,lookupApply,1,65536,1.2100383605144753,1.15871533527426,1.1731737479423872,0.8517518635420116
1,ma_bounded,double,lookupApply,2,65536,1.1974076484655534,1.1122257540958904,1.231695047094431,0.8668386511034324
1,ma_bounded,float,lookup,0,65536,1.2534467933148266,1.21555330385553,1.2787674385481493,1.0903654027019265
1,ma_bounded,float,lookup,1,65536,1.2626998157218492,1.2253303522705556,1.280219046298594,1.0592906326136338
1,ma_bounded,float,lookup,2,65536,1.308374769155499,1.283939942988754,1.3305820791196865,1.0365663156181806
1,ma_bounded,float,lookupApply,0,65536,1.1474193193942233,1.099343204871807,1.1567674983454477,0.9142148218145273
1,ma_bounded,float,lookupApply,1,65536,1.1407981427075988,1.0760042411061055,1.158006244909738,0.9015194691196784
1,ma_bounded,float,lookupApply,2,65536,1.1647283652074656,1.108860541929669,1.1668941407841147,0.8818052886618117
1,ma_direct,double,lookup,0,65536,0.9376764131703487,0.8885627738430205,1.006541450185794,1.2754989253829314
1,ma_direct,double,lookup,1,65536,0.9801583307919621,0.8935510470372917,1.0337678556400307,1.301387104359916
1,ma_direct,double,lookup,2,65536,0.9789586195822908,0.9236744940340672,1.0030620409416573,1.3419269583544013
1,ma_direct,double,lookupApply,0,65536,1.1207482662681076,1.0475692370848808,1.1354282049574875,0.9134721049895264
1,ma_direct,double,lookupApply,1,65536,1.105821932257545,1.037745734552847,1.162600914370221,0.9290170220391869
1,ma_direct,double,lookupApply,2,65536,1.103422451302329,1.0299438221280348,1.1456750796473667,0.9387276249154609
1,ma_direct,float,lookup,0,65536,0.7382441924842643,0.7301548718756177,0.7545835819110045,1.7707196469392157
1,ma_direct,float,lookup,1,65536,0.7384691866322709,0.7120225751475499,0.7853410290703318,1.7718178813080978
1,ma_direct,float,lookup,2,65536,0.7591935627100972,0.745004886003738,0.7769867378085563,1.7295264784633575
1,ma_direct,float,lookupApply,0,65536,1.0837259393880088,1.0356305950008968,1.0912811779699174,0.9411183740490696
1,ma_direct,float,lookupApply,1,65536,1.0746528231281758,1.0223452264773847,1.119359997591844,0.9321377994750265
1,ma_direct,float,lookupApply,2,65536,1.1045747430352777,1.0628975369780715,1.1217429334451139,0.9179772580990603
