compiler,variant,scalar,mode,deficiency,n,samples_per_language,D_min_ns,D_median_ns,D_max_ns,CPP_min_ns,CPP_median_ns,CPP_max_ns,D_over_CPP
0,default,double,brettel,0,1024,54,21.453857422,21.472167968500003,22.698974609,4.089050293,4.149078369,5.208984375,5.175165677498439
0,default,double,brettel,1,1024,54,21.447753906,21.4752197265,22.75390625,4.102600098,4.168060302500001,5.685668945,5.152329421342387
0,default,double,brettel,2,1024,54,21.301269531,21.316528320000003,33.319091797,4.221191406,4.2731933595000005,5.735839844,4.988430554542989
0,default,double,lookup,0,1024,54,46.014404297,46.520996094,47.174072266,5.793334961,5.812774658,7.172241211,8.003234054493085
0,default,double,lookup,1,1024,54,46.002197266,46.7193603515,64.068603516,5.788452148,5.817779541,7.202270508,8.030445296569205
0,default,double,lookup,2,1024,54,46.032714844,46.6033935545,50.256347656,5.793273926,5.812591552500001,7.677429199,8.017661852475397
0,default,double,lookupApply,0,1024,54,55.249023438,55.725097656,56.481933594,10.071289062,10.0909423825,12.231506348,5.522288755967932
0,default,double,lookupApply,1,1024,54,55.249023438,55.709838867,56.774902344,10.067077637,10.0933532715,12.440002441,5.519457941128897
0,default,double,lookupApply,2,1024,54,55.133056641,56.182861328,58.129882812,10.062194824,10.1110534665,11.723205566,5.556578403441875
0,default,double,prepared,0,1024,54,26.239013672,26.290893554500002,26.861572266,1.205871582,1.22869873,2.257019043,21.397347382706254
0,default,double,prepared,1,1024,54,26.239013672,26.293945312,27.502441406,1.205871582,1.227783203,1.32635498,21.415788428895784
0,default,double,prepared,2,1024,54,26.239013672,26.3610839845,51.202392578,1.205871582,1.2260742185,1.744018555,21.500398252196018
0,default,double,vienot,0,1024,54,21.917724609,21.926879882999998,22.570800781,1.20892334,1.2313537595000001,5.804382324,17.807132770604902
0,default,double,vienot,1,1024,54,21.917724609,21.929931641,24.383544922,1.210754395,1.2303161624999999,1.871520996,17.824631025279245
0,default,float,brettel,0,1024,54,28.729248047,28.927612305,36.041259766,2.180358887,2.186126709,3.893432617,13.232358484029666
0,default,float,brettel,1,1024,54,28.869628906,29.2419433595,30.249023438,2.129211426,2.1344299315,2.139587402,13.700118672412835
0,default,float,brettel,2,1024,54,28.973388672,29.519653320000003,30.688476562,2.132324219,2.1382751465,3.382141113,13.805357728783761
0,default,float,lookup,0,1024,54,28.887939453,29.150390625,30.541992188,4.45904541,4.476470947499999,6.366943359,6.5119132832258835
0,default,float,lookup,1,1024,54,28.851318359,29.226684570499998,31.042480469,4.460876465,4.474121093500001,8.647216797,6.5323856819522605
0,default,float,lookup,2,1024,54,28.930664062,29.370117188,32.305908203,4.462097168,4.470031738,6.553405762,6.570449363552147
0,default,float,lookupApply,0,1024,54,41.516113281,42.071533203,43.524169922,9.928894043,9.941162109,13.827697754,4.232053832510338
0,default,float,lookupApply,1,1024,54,41.510009766,42.034912109,58.935546875,9.927001953,9.9425964355,12.13458252,4.227760060633107
0,default,float,lookupApply,2,1024,54,41.510009766,42.016601562,43.096923828,9.928894043,9.942382812,11.273010254,4.22600923304702
0,default,float,prepared,0,1024,54,15.447998047,15.454101562,17.291259766,0.779785156,0.78515625,1.87487793,19.682835820258706
0,default,float,prepared,1,1024,54,15.447998047,15.454101562,16.937255859,0.779052734,0.78515625,2.04119873,19.682835820258706
0,default,float,prepared,2,1024,54,15.447998047,15.454101562,19.494628906,0.777954102,0.784942627,1.793518066,19.688192525693985
0,default,float,vienot,0,1024,54,19.146728516,19.152832031,20.678710938,0.779052734,0.7817993165,0.788208008,24.49839955954988
0,default,float,vienot,1,1024,54,19.451904297,19.458007812,20.892333984,0.779174805,0.782714844,2.061706543,24.859638169836472
0,bv_direct,double,brettel,0,1024,54,13.293457031,13.299560547,14.477539062,4.079345703,4.1063232425,5.337768555,3.2388002019302795
0,bv_direct,double,brettel,1,1024,54,13.293457031,13.299560547,16.192626953,4.091552734,4.138977050499999,6.476989746,3.2132481974968616
0,bv_direct,double,brettel,2,1024,54,13.299560547,13.305664062,16.748046875,4.216918945,4.2578430175,5.639892578,3.124977601877968
0,bv_direct,double,lookup,0,1024,54,45.593261719,46.246337891,46.655273438,5.763305664,5.809814453,7.354492188,7.960036979687
0,bv_direct,double,lookup,1,1024,54,45.629882812,46.6888427735,64.477539062,5.76953125,5.809844971,7.244384766,8.036159829831714
0,bv_direct,double,lookup,2,1024,54,45.684814453,46.3439941405,47.509765625,5.782958984,5.8107299805,7.767211914,7.975589004483772
0,bv_direct,double,lookupApply,0,1024,54,54.937744141,55.581665039,58.331298828,10.068359375,10.093078613500001,11.89263916,5.506908958844006
0,bv_direct,double,lookupApply,1,1024,54,54.931640625,55.584716797,57.116699219,10.066467285,10.0896911625,12.234863281,5.509060277641575
0,bv_direct,double,lookupApply,2,1024,54,54.913330078,55.859375,58.435058594,10.06829834,10.091552734499999,12.227539062,5.5352606749042215
0,bv_direct,double,prepared,0,1024,54,26.232910156,26.266479492499997,27.478027344,1.205200195,1.2150268555000001,1.224243164,21.618023810421032
0,bv_direct,double,prepared,1,1024,54,26.239013672,26.287841797,27.868652344,1.20526123,1.215332031,2.733398438,21.630172764696926
0,bv_direct,double,prepared,2,1024,54,26.239013672,26.443481445,33.605957031,1.205871582,1.21484375,1.223571777,21.766981510996786
0,bv_direct,double,vienot,0,1024,54,4.046630859,4.049682617,4.797363281,1.210388184,1.2214660645,2.526550293,3.3154278573082703
0,bv_direct,double,vienot,1,1024,54,4.046630859,4.046630859,4.577636719,1.209533691,1.2199096680000001,1.229125977,3.3171561511061
0,bv_direct,float,brettel,0,1024,54,8.038330078,8.044433594,10.290527344,2.181213379,2.1875305175,3.687927246,3.677404054318524
0,bv_direct,float,brettel,1,1024,54,8.038330078,8.044433594,9.442138672,2.128967285,2.138427734,5.691223145,3.7618449602468536
0,bv_direct,float,brettel,2,1024,54,8.044433594,8.050537109,9.301757812,2.13104248,2.1386108395,4.384460449,3.764376837668226
0,bv_direct,float,lookup,0,1024,54,28.411865234,28.973388672,31.585693359,4.455383301,4.4729614259999995,5.94317627,6.477451046992329
0,bv_direct,float,lookup,1,1024,54,28.405761719,28.787231445,29.772949219,4.455993652,4.4716186525,5.785339355,6.437765310980977
0,bv_direct,float,lookup,2,1024,54,28.430175781,28.6865234375,29.705810547,4.455993652,4.4753417970000005,6.056884766,6.4099067152211076
0,bv_direct,float,lookupApply,0,1024,54,41.522216797,42.1752929685,44.842529297,9.931335449,9.9441833495,11.379333496,4.241202267315456
0,bv_direct,float,lookupApply,1,1024,54,41.461181641,42.468261719,68.884277344,9.931945801,9.944030762,13.964172363,4.270729117340194
0,bv_direct,float,lookupApply,2,1024,54,41.436767578,42.065429688,48.266601562,9.930725098,9.940460205499999,12.003112793,4.231738653782392
0,bv_direct,float,prepared,0,1024,54,15.447998047,15.447998047,16.870117188,0.779052734,0.78515625,1.825622559,19.675062189213932
0,bv_direct,float,prepared,1,1024,54,15.447998047,15.447998047,17.67578125,0.779052734,0.7843017575,1.104980469,19.69649806248203
0,bv_direct,float,prepared,2,1024,54,15.447998047,15.447998047,18.572998047,0.779052734,0.784667969,1.857116699,19.687305532156877
0,bv_direct,float,vienot,0,1024,54,3.41796875,3.424072266,4.876708984,0.779052734,0.782104492,0.831054688,4.378024037739449
0,bv_direct,float,vienot,1,1024,54,3.41796875,3.424072266,4.827880859,0.779052734,0.7818603515,0.788879395,4.3793911015322795
0,bv_split,double,brettel,0,1024,54,5.120849609,5.126953125,6.396484375,4.085449219,4.114440918,6.156555176,1.2460874337921408
0,bv_split,double,brettel,1,1024,54,5.114746094,5.120849609,5.737304688,4.104370117,4.1401672365,5.655761719,1.2368702316791063
0,bv_split,double,brettel,2,1024,54,5.126953125,5.133056641,6.817626953,4.149658203,4.257873535,5.535888672,1.2055446454212266
0,bv_split,double,lookup,0,1024,54,46.044921875,46.520996094,47.65625,5.790649414,5.8147277835,7.170410156,8.000545825379652
0,bv_split,double,lookup,1,1024,54,46.020507812,46.9451904295,64.276123047,5.792480469,5.8147277835,7.885864258,8.073497535467217
0,bv_split,double,lookup,2,1024,54,46.032714844,46.6217041015,48.071289062,5.793945312,5.816894531,7.869384766,8.014878704270597
0,bv_split,double,lookupApply,0,1024,54,55.102539062,55.6854248045,60.961914062,10.068786621,10.08480835,11.227233887,5.521713737326501
0,bv_split,double,lookupApply,1,1024,54,54.949951172,55.7220458985,56.732177734,10.062805176,10.084503174,12.095397949,5.5255122574767315
0,bv_split,double,lookupApply,2,1024,54,54.962158203,56.2225341795,57.366943359,10.065856934,10.085449219,11.559753418,5.574618736226667
0,bv_split,double,prepared,0,1024,54,26.239013672,26.287841797,27.484130859,1.205444336,1.215148926,2.397094727,21.633432112336823
0,bv_split,double,prepared,1,1024,54,26.239013672,26.287841797,26.824951172,1.205871582,1.2147216795000002,1.47857666,21.641041104840177
0,bv_split,double,prepared,2,1024,54,26.239013672,26.2939453125,28.240966797,1.206054688,1.2153320315,1.850402832,21.63519485292197
0,bv_split,double,vienot,0,1024,54,4.046630859,4.046630859,4.718017578,1.210205078,1.2203369144999998,3.42010498,3.315994796943431
0,bv_split,double,vienot,1,1024,54,4.046630859,4.046630859,4.644775391,1.211364746,1.2226867675,2.817138672,3.309621864375007
0,bv_split,float,brettel,0,1024,54,4.339599609,4.345703125,7.531738281,2.18182373,2.1884155275,3.469604492,1.9857760422511899
0,bv_split,float,brettel,1,1024,54,4.339599609,4.345703125,5.682373047,2.129272461,2.1375427245000003,6.053833008,2.0330368488969115
0,bv_split,float,brettel,2,1024,54,4.345703125,4.345703125,4.876708984,2.132324219,2.1402282715,3.26361084,2.0304858051212786
0,bv_split,float,lookup,0,1024,54,28.747558594,29.1900634765,31.439208984,4.45904541,4.4697265625,8.26373291,6.530615031666157
0,bv_split,float,lookup,1,1024,54,28.790283203,29.2510986325,31.774902344,4.46081543,4.4701538085,8.175720215,6.543644779488128
0,bv_split,float,lookup,2,1024,54,28.765869141,29.269409179500002,30.017089844,4.463317871,4.472808838000001,5.976806641,6.543854262411918
0,bv_split,float,lookupApply,0,1024,54,41.516113281,42.080688477,43.518066406,9.932556152,9.9517822265,11.625793457,4.22845752843605
0,bv_split,float,lookupApply,1,1024,54,41.522216797,42.456054688,61.065673828,9.929504395,9.94909668,11.501647949,4.267327582949973
0,bv_split,float,lookupApply,2,1024,54,41.522216797,42.025756836,42.962646484,9.931945801,9.973876953000001,11.537719727,4.213582845872111
0,bv_split,float,prepared,0,1024,54,15.447998047,15.454101562,18.188476562,0.779663086,0.78515625,2.704650879,19.682835820258706
0,bv_split,float,prepared,1,1024,54,15.447998047,15.454101562,16.833496094,0.778564453,0.78515625,0.835327148,19.682835820258706
0,bv_split,float,prepared,2,1024,54,15.447998047,15.4510498045,15.985107422,0.779846191,0.7858581545000001,1.799072266,19.661372368567818
0,bv_split,float,vienot,0,1024,54,3.41796875,3.424072266,4.913330078,0.779052734,0.7842102049999999,3.168151855,4.36626843691737
0,bv_split,float,vienot,1,1024,54,3.41796875,3.424072266,3.961181641,0.779785156,0.783935547,0.792480469,4.367798193491027
0,bv_portable,double,brettel,0,1024,54,5.120849609,5.126953125,6.915283203,4.087890625,4.175933838000001,5.683288574,1.2277381117358592
0,bv_portable,double,brettel,1,1024,54,5.114746094,5.120849609,5.889892578,4.104370117,4.187561035,5.859985352,1.22287163487278
0,bv_portable,double,brettel,2,1024,54,5.126953125,5.133056641,6.793212891,4.224853516,4.2915039065,5.493041992,1.1960973944880644
0,bv_portable,double,lookup,0,1024,54,45.99609375,46.514892578,49.21875,5.784179688,5.8176574705,7.1484375,7.995467731447975
0,bv_portable,double,lookup,1,1024,54,46.038818359,46.9696044925,63.464355469,5.791503906,5.822052002,7.046875,8.067534346372193
0,bv_portable,double,lookup,2,1024,54,45.99609375,46.6461181645,50.109863281,5.788818359,5.812255859,7.509155273,8.025475701017312
0,bv_portable,double,lookupApply,0,1024,54,55.242919922,55.725097656,56.54296875,10.06829834,10.2982177735,12.349853516,5.41113995466237
0,bv_portable,double,lookupApply,1,1024,54,55.242919922,55.712890625,58.746337891,10.06829834,10.2963562015,12.168823242,5.410932715875117
0,bv_portable,double,lookupApply,2,1024,54,55.255126953,56.1096191405,58.276367188,10.068908691,10.294464111,12.004272461,5.450465272936829
0,bv_portable,double,prepared,0,1024,54,26.239013672,26.293945312,27.478027344,1.214416504,1.235229492,1.25970459,21.286688410771852
0,bv_portable,double,prepared,1,1024,54,26.239013672,26.290893554500002,27.197265625,1.216247559,1.235839844,2.730957031,21.273706040586276
0,bv_portable,double,prepared,2,1024,54,26.239013672,26.3366699215,28.02734375,1.216247559,1.234008789,2.497314453,21.34236818754133
0,bv_portable,double,vienot,0,1024,54,21.917724609,21.929931641,22.65625,1.221923828,1.236755371,3.281921387,17.73182648341213
0,bv_portable,double,vienot,1,1024,54,21.917724609,21.97265625,22.863769531,1.221374512,1.2355041505,1.405822754,17.784364577899492
0,bv_portable,float,brettel,0,1024,54,4.339599609,4.351806641,6.73828125,2.179992676,2.1876220705,4.130004883,1.989286312148678
0,bv_portable,float,brettel,1,1024,54,4.339599609,4.345703125,5.798339844,2.126220703,2.134765625,3.286193848,2.0356816102470265
0,bv_portable,float,brettel,2,1024,54,4.345703125,4.351806641,5.804443359,2.13104248,2.139038086,3.920288086,2.0344689837373937
0,bv_portable,float,lookup,0,1024,54,28.576660156,28.942871093999997,31.878662109,4.45916748,4.470336914000001,8.09564209,6.474427241346846
0,bv_portable,float,lookup,1,1024,54,28.576660156,28.8024902345,30.322265625,4.460266113,4.4700622555,6.336181641,6.443420379450238
0,bv_portable,float,lookup,2,1024,54,28.570556641,28.90625,29.815673828,4.456115723,4.4709777835,6.730163574,6.465308350821511
0,bv_portable,float,lookupApply,0,1024,54,41.516113281,42.2454833985,44.769287109,9.931274414,9.941741943,13.773376465,4.249303959075816
0,bv_portable,float,lookupApply,1,1024,54,41.534423828,42.5323486325,58.728027344,9.931945801,9.944488525499999,13.991088867,4.276976993179398
0,bv_portable,float,lookupApply,2,1024,54,41.522216797,42.0684814455,43.072509766,9.93182373,9.941680908,11.482727051,4.231526020076523
0,bv_portable,float,prepared,0,1024,54,15.447998047,15.454101562,17.718505859,0.778991699,0.78515625,2.48449707,19.682835820258706
0,bv_portable,float,prepared,1,1024,54,15.447998047,15.454101562,16.949462891,0.779785156,0.7865295409999999,2.153076172,19.648469328121525
0,bv_portable,float,prepared,2,1024,54,15.447998047,15.454101562,16.607666016,0.77722168,0.784667969,0.792480469,19.695084000555145
0,bv_portable,float,vienot,0,1024,54,3.424072266,3.424072266,5.480957031,0.779052734,0.782165527,0.790649414,4.377682405836841
0,bv_portable,float,vienot,1,1024,54,3.41796875,3.424072266,4.937744141,0.779052734,0.782714844,2.253356934,4.374610105133001
0,bv_compiler,double,brettel,0,1024,54,5.120849609,5.126953125,6.616210938,4.086120605,4.1086730955,5.580871582,1.2478367117148514
0,bv_compiler,double,brettel,1,1024,54,5.114746094,5.120849609,5.749511719,4.103271484,4.1383361815,5.495239258,1.2374174993061764
0,bv_compiler,double,brettel,2,1024,54,5.126953125,5.133056641,6.359863281,4.106811523,4.257232666,5.391601562,1.2057261239195798
0,bv_compiler,double,lookup,0,1024,54,46.008300781,46.508789062,49.328613281,5.794555664,5.8095703125,7.155761719,8.005547150695579
0,bv_compiler,double,lookup,1,1024,54,46.014404297,46.710205078,61.42578125,5.792785645,5.8103332519999995,7.741516113,8.039161103525634
0,bv_compiler,double,lookup,2,1024,54,46.057128906,46.6156005855,48.175048828,5.792114258,5.80859375,7.628479004,8.025281607187626
0,bv_compiler,double,lookupApply,0,1024,54,55.242919922,55.6854248045,56.829833984,10.071899414,10.094604492,13.233215332,5.516355281539841
0,bv_compiler,double,lookupApply,1,1024,54,55.120849609,55.700683594,58.343505859,10.065185547,10.093383789,12.352600098,5.518534196104172
0,bv_compiler,double,lookupApply,2,1024,54,55.242919922,56.121826172,56.970214844,10.058532715,10.090332030999999,11.978271484,5.561940479221085
0,bv_compiler,double,prepared,0,1024,54,26.239013672,26.287841797,27.435302734,1.205871582,1.215942383,2.18548584,21.61931532655524
0,bv_compiler,double,prepared,1,1024,54,26.239013672,26.287841797,29.705810547,1.204650879,1.2153320315,2.51385498,21.63017275579805
0,bv_compiler,double,prepared,2,1024,54,26.239013672,26.248168945499998,28.833007812,1.205871582,1.215362549,2.208740234,21.596986814425858
0,bv_compiler,double,vienot,0,1024,54,4.046630859,4.046630859,5.047607422,1.208312988,1.2200622559999998,3.542419434,3.316741288487168
0,bv_compiler,double,vienot,1,1024,54,4.046630859,4.046630859,4.656982422,1.210205078,1.2229919434999998,1.250488281,3.3087960067988798
0,bv_compiler,float,brettel,0,1024,54,4.339599609,4.351806641,6.774902344,2.18182373,2.1873474125,3.673278809,1.989536100269577
0,bv_compiler,float,brettel,1,1024,54,4.339599609,4.345703125,5.950927734,2.126831055,2.135681152,5.905029297,2.0348089512005956
0,bv_compiler,float,brettel,2,1024,54,4.345703125,4.351806641,5.560302734,2.13104248,2.1383056639999998,4.523254395,2.035165839134213
0,bv_compiler,float,lookup,0,1024,54,28.753662109,29.049682617000002,37.048339844,4.45904541,4.468597412499999,6.480651855,6.500850252416872
0,bv_compiler,float,lookup,1,1024,54,28.747558594,28.948974609,30.102539062,4.457763672,4.4679870605000005,5.557312012,6.479198398967699
0,bv_compiler,float,lookup,2,1024,54,28.765869141,29.0069580075,32.568359375,4.457824707,4.4685058595000005,5.7890625,6.491422170977238
0,bv_compiler,float,lookupApply,0,1024,54,41.516113281,42.1325683595,44.720458984,9.927490234,9.9447937015,13.588745117,4.2366457891575
0,bv_compiler,float,lookupApply,1,1024,54,41.510009766,42.5201416015,60.247802734,9.932434082,9.944427489999999,12.980895996,4.275775719040413
0,bv_compiler,float,lookupApply,2,1024,54,41.522216797,42.016601562,43.151855469,9.930603027,9.943817139,11.383605957,4.225399660378851
0,bv_compiler,float,prepared,0,1024,54,15.447998047,15.4510498045,16.925048828,0.779663086,0.7852478025,0.926452637,19.676654624576297
0,bv_compiler,float,prepared,1,1024,54,15.447998047,15.454101562,17.016601562,0.778564453,0.785217285,0.793701172,19.68130587191544
0,bv_compiler,float,prepared,2,1024,54,15.447998047,15.463256836,16.11328125,0.778564453,0.78515625,0.792480469,19.694496268736316
0,bv_compiler,float,vienot,0,1024,54,3.41796875,3.424072266,4.650878906,0.778625488,0.782836914,0.869567871,4.373927959661851
0,bv_compiler,float,vienot,1,1024,54,3.41796875,3.4271240235000002,4.815673828,0.779052734,0.782470703,2.05279541,4.3798751957873625
0,default,double,brettel,0,8191,54,23.811958247,24.1656238555,25.380753266,4.00396777,4.1155345805,6.84808021,5.871806780582098
0,default,double,brettel,1,8191,54,23.740996215,24.102673666,25.786686607,4.054572091,4.161900256,4.49673422,5.791266532938266
0,default,double,brettel,2,8191,54,23.73641802,24.0874130145,26.255951654,4.055106214,4.185676352,4.477849164,5.754724204366769
0,default,double,lookup,0,8191,54,46.446557197,46.533542913000005,47.034855329,5.816353315,5.9121635025,6.079485106,7.870814616903434
0,default,double,lookup,1,8191,54,46.45037236,46.5533817605,47.069191796,5.805808204,5.912640398000001,6.463435478,7.873535108992434
0,default,double,lookup,2,8191,54,46.441979001,46.636552313500005,47.680380906,5.805579294,5.990233183,11.85838115,7.785431866968442
0,default,double,lookupApply,0,8191,54,55.551825174,55.7204553775,58.259064827,10.155567086,10.240050055,10.449861128,5.441424121778867
0,default,double,lookupApply,1,8191,54,55.632706629,55.7494506165,86.918569161,10.155032963,10.2420377545,10.3759309,5.44319909307165
0,default,double,lookupApply,2,8191,54,55.561744598,55.7288487365,56.295018923,10.212870834,10.2964610545,19.713191308,5.4124274778997075
0,default,double,prepared,0,8191,54,26.440605543,26.518816384,26.950311317,1.163823099,1.1984151815000001,1.351193383,22.12823802082317
0,default,double,prepared,1,8191,54,26.44289464,26.528354291,27.293675986,1.164052008,1.1976903,1.304869674,22.149594340874263
0,default,double,prepared,2,8191,54,26.443657673,26.535221585,28.898333537,1.163815468,1.1984189965,2.382996582,22.141856614837128
0,default,double,vienot,0,8191,54,22.050115981,22.157703577,22.874954218,1.170545416,1.1994490905,1.338191308,18.473233880867244
0,default,double,vienot,1,8191,54,22.083689415,22.1439689905,22.75210597,1.170316506,1.2014367904999999,1.33216335,18.431239300807814
0,default,float,brettel,0,8191,54,32.878311561,33.432273226999996,35.974697839,2.115042425,2.1189033695,2.77669088,15.778101874881179
0,default,float,brettel,1,8191,54,33.056098157,33.697427054,36.398943963,2.090701685,2.093181541,2.290646746,16.098664350871992
0,default,float,brettel,2,8191,54,33.020235624,33.6802588205,47.798650958,2.078508424,2.0817589425,2.208460505,16.178750638656137
0,default,float,lookup,0,8191,54,29.150134294,29.2546697595,30.219142962,4.462336711,4.5437141375,4.882561653,6.438492579904296
0,default,float,lookup,1,8191,54,29.16081675,29.240935173,57.006928336,4.463404957,4.536492034,4.638925345,6.445715093037899
0,default,float,lookup,2,8191,54,29.143267,29.248565499,30.898241973,4.464480833,4.535530613,5.074983213,6.4487637709171395
0,default,float,lookupApply,0,8191,54,41.940086681,42.090404101999994,42.86259309,10.024386522,10.109365462500001,10.636086864,4.163506033898118
0,default,float,lookupApply,1,8191,54,41.922536931,42.0869704555,43.29446954,10.023013063,10.0524470455,10.408809974,4.186738837320245
0,default,float,lookupApply,2,8191,54,41.956110365,42.087733488,42.949578806,10.025302161,10.050234251,10.50398303,4.18773656781306
0,default,float,prepared,0,8191,54,15.571969235,15.599819923999998,17.015626908,0.76637468,0.767214015,1.275126663,20.3330747601111
0,default,float,prepared,1,8191,54,15.574258332,15.607450250500001,16.357892809,0.766306007,0.7672178304999999,0.953516054,20.342919090303916
0,default,float,prepared,2,8191,54,15.571969235,15.602109022,16.758484922,0.766313637,0.767214015,0.857274753,20.336058409986165
0,default,float,vienot,0,8191,54,19.259705775,19.3272341595,20.109724087,0.766069466,0.766916433,0.934478391,25.20122575010725
0,default,float,vienot,1,8191,54,19.569497009,19.6507599805,25.463923819,0.7661534,0.766920248,0.90520083,25.622951058791184
0,bv_direct,double,brettel,0,8191,54,13.348492248,13.431662801,15.282016848,3.999984739,4.111872024,4.232160298,3.266556624963676
0,bv_direct,double,brettel,1,8191,54,13.350018313,13.432425833,13.854382859,4.055327494,4.143747711,4.438713222,3.24161285141522
0,bv_direct,double,brettel,2,8191,54,13.34925528,13.42861067,14.094738127,4.059005311,4.1984800395,4.293706507,3.1984457574315925
0,bv_direct,double,lookup,0,8191,54,46.201623733,46.262666341,46.616713466,5.79892565,5.8854077645,6.231076792,7.860571126447733
0,bv_direct,double,lookup,1,8191,54,46.198571603,46.2733487975,46.856305701,5.805304603,5.897772708,6.128639665,7.8459023581449285
0,bv_direct,double,lookup,2,8191,54,46.179495788,46.3088298135,47.25842388,5.800917165,5.905643389,6.396586192,7.841453803281788
0,bv_direct,double,lookupApply,0,8191,54,55.5594555,55.7299932855,56.412525943,10.15752808,10.2290394945,10.704042547,5.448213716983415
0,bv_direct,double,lookupApply,1,8191,54,55.560218533,55.744872421,56.929099011,10.158176657,10.2324807715,10.43468441,5.447835541139086
0,bv_direct,double,lookupApply,2,8191,54,55.55640337,55.697945916500004,56.137071176,10.211688133,10.2559478395,10.523707423,5.430794577755517
0,bv_direct,double,prepared,0,8191,54,26.44289464,26.534458551999997,27.632462459,1.163685753,1.1971752535,1.715159932,22.164222384671934
0,bv_direct,double,prepared,1,8191,54,26.442131608,26.523013063,27.77667562,1.164227506,1.19674414,1.405315285,22.162642938030178
0,bv_direct,double,prepared,2,8191,54,26.442131608,26.5489561715,28.995238677,1.163540776,1.19674414,1.414746368,22.184321012426263
0,bv_direct,double,vienot,0,8191,54,4.016603589,4.0913807835,4.428641192,1.169782383,1.2006317910000002,1.278827372,3.4076898630947543
0,bv_direct,double,vienot,1,8191,54,4.016603589,4.089854719,4.106641436,1.169400867,1.200212123,1.367125504,3.407609905470018
0,bv_direct,float,brettel,0,8191,54,8.094249786,8.176657307,8.479581248,2.115240813,2.1184341045,2.77691979,3.8597647619206366
0,bv_direct,float,brettel,1,8191,54,8.091197656,8.109128922,8.824471981,2.0905796,2.093185356,2.205255769,3.8740615582636435
0,bv_direct,float,brettel,2,8191,54,8.093486754,8.108365889,8.457453302,2.078355817,2.085135362,2.230252716,3.88865204473953
0,bv_direct,float,lookup,0,8191,54,28.693840801,28.833475766,31.09128922,4.460734343,4.5346950925,4.769342876,6.358415544561776
0,bv_direct,float,lookup,1,8191,54,28.688499573,28.7762483215,29.586588939,4.45973477,4.5343555425,4.649714626,6.346270832047352
0,bv_direct,float,lookup,2,8191,54,28.659504334,28.780445000500002,32.918752289,4.465167562,4.5346149735,4.756272128,6.346833230316373
0,bv_direct,float,lookupApply,0,8191,54,41.932456355,42.0503448905,42.516939324,10.015260652,10.0959895005,10.543965938,4.165054340480195
0,bv_direct,float,lookupApply,1,8191,54,41.946953974,42.081247711,42.951104871,10.013879563,10.053419911999999,10.365805457,4.185764454220283
0,bv_direct,float,lookupApply,2,8191,54,41.903461116,42.0537785375,43.120498108,10.015336955,10.047670461500001,10.474171347,4.185425736108573
0,bv_direct,float,prepared,0,8191,54,15.574258332,15.6612440485,16.254120376,0.76568795,0.767061409,1.363043279,20.41719719535519
0,bv_direct,float,prepared,1,8191,54,15.577310463,15.5921895985,16.078622879,0.765611647,0.7671415269999999,0.848019167,20.325049615649345
0,bv_direct,float,prepared,2,8191,54,15.570443169,15.587611402499999,16.041234282,0.765764253,0.767107191,0.840243865,20.31999124161515
0,bv_direct,float,vienot,0,8191,54,3.399310219,3.42181968,3.591594433,0.765535344,0.7666417409999999,0.937004029,4.463388173381497
0,bv_direct,float,vienot,1,8191,54,3.401599316,3.4229642289999997,3.58777927,0.76568795,0.7668744654999999,0.87126114,4.463526148009423
0,bv_split,double,brettel,0,8191,54,5.094768649,5.181754365,5.870772799,4.002365401,4.112745696499999,4.381836772,1.2599257886063173
0,bv_split,double,brettel,1,8191,54,5.102398974,5.18328043,5.35954096,4.05548773,4.143972805500001,4.817513124,1.2507998177788715
0,bv_split,double,brettel,2,8191,54,5.096294714,5.187095593,5.882218288,4.062904407,4.2035274995,4.925222806,1.233986358746789
0,bv_split,double,lookup,0,8191,54,46.436637773,46.516374679500004,47.349224759,5.807494506,5.8961283725,6.262040654,7.889308329251443
0,bv_split,double,lookup,1,8191,54,46.434348675,46.540410206000004,47.757447198,5.808486449,5.938289739,10.348179404,7.837342442276545
0,bv_split,double,lookup,2,8191,54,46.429007447,46.588862776,50.240355268,5.802748443,5.9410824380000005,6.646265718,7.841813888662959
0,bv_split,double,lookupApply,0,8191,54,55.530460261,55.743346356,109.739348065,10.149882493,10.264089397,11.239401477,5.430910059327108
0,bv_split,double,lookupApply,1,8191,54,55.547246978,55.733426932,56.488829203,10.151103345,10.272993987,10.736036503,5.425236985685778
0,bv_split,double,lookupApply,2,8191,54,55.548010011,55.71816628,57.042790868,10.176413136,10.290352979000001,10.521418325,5.414602044624381
0,bv_split,double,prepared,0,8191,54,26.428397021,26.519960933,26.788548407,1.163594189,1.1988386645000002,1.676321572,22.121376060273032
0,bv_split,double,prepared,1,8191,54,26.440605543,26.514238188500002,30.868483702,1.163128739,1.197499542,1.285137651,22.141334721696285
0,bv_split,double,prepared,2,8191,54,26.43984251,26.544759491999997,29.200494445,1.163517885,1.1954736905,1.613630814,22.204386180090506
0,bv_split,double,vienot,0,8191,54,4.016603589,4.090236235,6.108075937,1.169561104,1.200631791,1.39630387,3.4067365745773426
0,bv_split,double,vienot,1,8191,54,4.012788426,4.0887101695,4.111219631,1.169400867,1.1968089975,1.336283726,3.4163431074138457
0,bv_split,float,brettel,0,8191,54,4.327157856,4.40613173,4.61634721,2.11305091,2.1220012820000003,2.746795263,2.0764038963478817
0,bv_split,float,brettel,1,8191,54,4.332499084,4.4084208275,5.197778049,2.091190026,2.094940331,2.594211635,2.1043180859455224
0,bv_split,float,brettel,2,8191,54,4.329446954,4.400027469,4.532413625,2.078279514,2.0874091989999997,2.283764192,2.107889277822427
0,bv_split,float,lookup,0,8191,54,28.901385667,29.215755097,31.32935539,4.460345196,4.5562507629999995,6.635857954,6.412235984518836
0,bv_split,float,lookup,1,8191,54,28.91969845,29.176077401999997,30.016939324,4.466464717,4.54845257,5.13437004,6.4145062420646495
0,bv_split,float,lookup,2,8191,54,28.955560982,29.1795110485,30.019991454,4.460810646,4.5379799475,5.66338817,6.43006610564138
0,bv_split,float,lookupApply,0,8191,54,41.882859236,42.032795140999994,42.820626297,10.032154194,10.180899768,16.521090221,4.128593356072022
0,bv_split,float,lookupApply,1,8191,54,41.909565377,42.158314003,42.972469784,10.026110975,10.052607282,12.349323953,4.193769120821804
0,bv_split,float,lookupApply,2,8191,54,41.896593822,42.070565254499996,42.796209254,10.02691216,10.079012025,12.299253754,4.174076303326961
0,bv_split,float,prepared,0,8191,54,15.570443169,15.6360639725,16.464717373,0.765840557,0.767065224,1.025302161,20.384269138109175
0,bv_split,float,prepared,1,8191,54,15.559760713,15.609739348000002,16.649371261,0.766077097,0.767145342,1.034244903,20.347825233878567
0,bv_split,float,prepared,2,8191,54,15.563575876,15.588755952,15.977902576,0.7661534,0.767061409,1.245925406,20.32269616108402
0,bv_split,float,vienot,0,8191,54,3.396258088,3.40846661,3.672475888,0.765611647,0.766832499,0.908031681,4.4448645753079905
0,bv_split,float,vienot,1,8191,54,3.397021121,3.4164784519999998,3.50842388,0.765993163,0.767069039,1.05618209,4.453938665617294
0,bv_portable,double,brettel,0,8191,54,5.092479551,5.179846783,6.066872177,4.003426016,4.105290868,4.2600644,1.2617490330285654
0,bv_portable,double,brettel,1,8191,54,5.100109877,5.1840434625,5.329019656,4.05242797,4.1409931635,4.295377549,1.251884091042161
0,bv_portable,double,brettel,2,8191,54,5.102398974,5.18328043,5.939445733,4.056555976,4.2022341595,4.331842876,1.2334582589316558
0,bv_portable,double,lookup,0,8191,54,46.451898425,46.532398364,47.333964107,5.807570809,5.899951166,7.113813942,7.886912459912384
0,bv_portable,double,lookup,1,8191,54,46.461054816,46.5465144675,47.468257844,5.8106382,5.8977460015,6.48992797,7.8922548471334
0,bv_portable,double,lookup,2,8191,54,46.425955317,46.551092663,47.551428397,5.81040166,5.925062569,6.243613417,7.856641532623788
0,bv_portable,double,lookupApply,0,8191,54,55.611341717,55.7326638995,56.282047369,10.154697229,10.2490309485,10.680419058,5.4378471661905525
0,bv_portable,double,lookupApply,1,8191,54,55.616682945,55.7277041875,56.436179954,10.159359358,10.2651614575,10.494498535,5.4288190612709615
0,bv_portable,double,lookupApply,2,8191,54,55.606000488,55.7261781225,61.971981443,10.18210536,10.298128281,10.512307716,5.411291897122174
0,bv_portable,double,prepared,0,8191,54,26.443657673,26.529117324,27.281467464,1.163594189,1.1984495174999998,1.374732939,22.136199261309315
0,bv_portable,double,prepared,1,8191,54,26.43984251,26.524539128,27.491301428,1.163517885,1.198453333,1.311363081,22.132308699582882
0,bv_portable,double,prepared,2,8191,54,26.444420706,26.5489561715,31.575814919,1.163365279,1.1987966975,1.334681358,22.14633742891171
0,bv_portable,double,vienot,0,8191,54,22.056983274,22.1489287025,22.435447442,1.16971371,1.2022417895,1.297376694,18.423023468275474
0,bv_portable,double,vienot,1,8191,54,22.059272372,22.147784153,29.917745086,1.169553473,1.202157856,1.375656208,18.423357666765522
0,bv_portable,float,brettel,0,8191,54,4.327920889,4.3992644365,4.647631547,2.115271334,2.1186744595,2.783268221,2.0764230279805287
0,bv_portable,float,brettel,1,8191,54,4.328683921,4.401935051,5.092479551,2.091502869,2.094677085,2.243018252,2.101486230274964
0,bv_portable,float,brettel,2,8191,54,4.333262117,4.4030795995,4.735380295,2.0786534,2.0815605545,2.302809486,2.1152781695354705
0,bv_portable,float,lookup,0,8191,54,28.900622635,29.147845196,31.325540227,4.456682639,4.537037602,4.626617629,6.424422222807048
0,bv_portable,float,lookup,1,8191,54,28.875442559,29.0757386155,29.916219021,4.462802161,4.535648883,4.644281834,6.410491500891604
0,bv_portable,float,lookup,2,8191,54,28.950219753,29.1180869245,30.280948602,4.465411732,4.54107786,4.937835734,6.412153198469933
0,bv_portable,float,lookupApply,0,8191,54,41.950769137,42.088115004,42.674887071,10.026576425,10.092929739999999,10.52152515,4.17005924822776
0,bv_portable,float,lookupApply,1,8191,54,41.939323648,42.125122085,42.639024539,10.027797277,10.048631883,10.18703455,4.192125114690103
0,bv_portable,float,lookupApply,2,8191,54,41.951532169,42.1689964595,42.472683433,10.026347516,10.042626815999999,10.178862471,4.199000643169972
0,bv_portable,float,prepared,0,8191,54,15.570443169,15.635682456000001,16.306006593,0.766222073,0.767290319,1.284985045,20.377791911121456
0,bv_portable,float,prepared,1,8191,54,15.569680137,15.5940971795,16.935508485,0.76614577,0.7671415269999999,1.022250031,20.32753622461635
0,bv_portable,float,prepared,2,8191,54,15.565101941,15.589518984,19.303961665,0.766069466,0.7671796785,0.839152729,20.320557779216514
0,bv_portable,float,vienot,0,8191,54,3.400836284,3.424108778,3.662556464,0.766077097,0.7668744654999999,0.948853925,4.46501863348324
0,bv_portable,float,vienot,1,8191,54,3.400836284,3.41151874,3.672475888,0.765695581,0.766840129,0.885255158,4.448800487852403
0,bv_compiler,double,brettel,0,8191,54,5.097057746,5.1813728485,5.901294103,4.000144976,4.110838115,4.219463435,1.2604176334732655
0,bv_compiler,double,brettel,1,8191,54,5.103162007,5.18633256,5.576242217,4.053198633,4.143095318,4.298132096,1.2518014097980257
0,bv_compiler,double,brettel,2,8191,54,5.098583812,5.180991332,5.908924429,4.057013796,4.2254303505,4.399874863,1.226145244918527
0,bv_compiler,double,lookup,0,8191,54,46.45342449,46.5602490535,47.129471371,5.803511476,5.8967387984999995,6.057853131,7.895932081194423
0,bv_compiler,double,lookup,1,8191,54,46.452661458,46.544988402,47.041722622,5.797933708,5.8955141310000005,6.127189904,7.894983773723058
0,bv_compiler,double,lookup,2,8191,54,46.45037236,46.548803565,47.400347943,5.798086314,5.911873550499999,6.139421316,7.873782002841233
0,bv_compiler,double,lookupApply,0,8191,54,55.584635576,55.723507508,56.185905262,10.145449274,10.231179801,11.040562813,5.446440057925046
0,bv_compiler,double,lookupApply,1,8191,54,55.593791967,55.736860578999995,63.047094372,10.14934837,10.232675345,10.501609999,5.446948984483782
0,bv_compiler,double,lookupApply,2,8191,54,55.566322793,55.728085704,56.596416799,10.152408131,10.256027957499999,10.570565255,5.433690892315414
0,bv_compiler,double,prepared,0,8191,54,26.441368575,26.5207239655,26.865614699,1.164128312,1.195736937,1.283687889,22.179396776048577
0,bv_compiler,double,prepared,1,8191,54,26.441368575,26.5222500305,27.756836772,1.163968075,1.1967326945,1.294316933,22.162217304158393
0,bv_compiler,double,prepared,2,8191,54,26.445946771,26.5275912585,32.969875473,1.163594189,1.1962329079999998,1.343471493,22.175941725973654
0,bv_compiler,double,vienot,0,8191,54,4.017366622,4.0917623,4.223385423,1.170621719,1.201780155,1.286663716,3.4047510960937775
0,bv_compiler,double,vienot,1,8191,54,4.016603589,4.091380784,4.177603467,1.170476743,1.2005173365,1.433829813,3.4080147446500457
0,bv_compiler,float,brettel,0,8191,54,4.332499084,4.4015535345,4.81015749,2.115042425,2.119704554,2.786244048,2.0764938803353625
0,bv_compiler,float,brettel,1,8191,54,4.328683921,4.3992644365,5.094005616,2.091045049,2.0960123915,2.263887193,2.0988732959501686
0,bv_compiler,float,brettel,2,8191,54,4.330209987,4.400408985,4.834574533,2.07911122,2.0835864060000002,2.227505799,2.1119397651704586
0,bv_compiler,float,lookup,0,8191,54,29.01965572,29.152804908,31.536900256,4.460963252,4.53733137,4.727543951,6.425099365841556
0,bv_compiler,float,lookup,1,8191,54,29.027286046,29.133347577,36.45693444,4.464099316,4.536186821,4.657428885,6.422431157845824
0,bv_compiler,float,lookup,2,8191,54,29.066200708,29.173406788,30.558692467,4.458742827,4.530986754000001,4.649630692,6.438643141528813
0,bv_compiler,float,lookupApply,0,8191,54,41.939323648,42.1026126235,42.726773288,10.028598462,10.1032116045,10.732564705,4.167250402312407
0,bv_compiler,float,lookupApply,1,8191,54,41.93703455,42.110242949500005,42.951104871,10.027034245,10.0595623245,10.324327005,4.186090964110911
0,bv_compiler,float,lookupApply,2,8191,54,41.934745452,42.1854016605,44.261994872,10.02527164,10.046789159,10.439621231,4.198893894643938
0,bv_compiler,float,prepared,0,8191,54,15.571206202,15.6139360275,16.320504212,0.76614577,0.766988921,0.934173178,20.357446633182853
0,bv_compiler,float,prepared,1,8191,54,15.571206202,15.6051611525,15.93212062,0.76614577,0.7668744654999999,0.904666707,20.349042580685587
0,bv_compiler,float,prepared,2,8191,54,15.568917104,15.600964473000001,16.597485045,0.766298376,0.767061409,0.998321328,20.338612124078324
0,bv_compiler,float,vienot,0,8191,54,3.399310219,3.4073220610000003,3.624404835,0.76614577,0.766908802,0.934791234,4.4429299182825135
0,bv_compiler,float,vienot,1,8191,54,3.400836284,3.4096111584999997,3.914357221,0.76568795,0.7668706505,0.890832926,4.446135937366924
0,default,double,brettel,0,65536,54,29.273796082,29.383468628000003,29.522514343,4.164432526,4.1812586785,4.308473587,7.0274218572243745
0,default,double,brettel,1,65536,54,29.200363159,29.2704105375,29.616546631,4.196986198,4.2129359245,4.255831718,6.94774643195502
0,default,double,brettel,2,65536,54,29.144859314,29.2226314545,29.31470871,4.202155113,4.223274708,4.407962799,6.919424729616712
0,default,double,lookup,0,65536,54,46.464443207,46.535778046000004,47.116851807,5.875718117,5.89838171,5.996747971,7.889584013714162
0,default,double,lookup,1,65536,54,46.472454071,46.5408802035,46.968173981,5.879682541,5.898692131,6.007200241,7.890033785440158
0,default,double,lookup,2,65536,54,46.475124359,46.5628147125,49.767112732,5.876741409,5.911107063,6.109853745,7.877173297021705
0,default,double,lookupApply,0,65536,54,55.708122253,55.772733688,66.171741486,10.269843102,10.302320479999999,10.449516296,5.413608885131479
0,default,double,lookupApply,1,65536,54,55.702972412,55.786657333,56.276416779,10.253581047,10.294079303499998,10.567343712,5.419295469584393
0,default,double,lookupApply,2,65536,54,55.698204041,55.7969093325,58.145904541,10.253333092,10.293409347499999,10.386206627,5.42064416645896
0,default,double,prepared,0,65536,54,26.507663727,26.541090011999998,26.988697052,1.208472252,1.217121124,1.272631645,21.806449242105174
0,default,double,prepared,1,65536,54,26.494407654,26.5450000765,26.740074158,1.210047722,1.2245202065,1.321034431,21.677878352348774
0,default,double,prepared,2,65536,54,26.498985291,26.535272598,26.731967926,1.20753479,1.2236566545,1.26820755,21.685227224823628
0,default,double,vienot,0,65536,54,22.146129608,22.171354293999997,24.554252625,1.210302353,1.223853111,1.291100502,18.11602560366413
0,default,double,vienot,1,65536,54,22.146511078,22.18375206,22.687911987,1.213880539,1.2255654335,1.294951439,18.100830403356838
0,default,float,brettel,0,65536,54,42.461490631,42.5485134125,48.407268524,2.147108078,2.214352131,2.277542114,19.214881326614083
0,default,float,brettel,1,65536,54,42.547798157,42.7652835845,43.217849731,2.163602829,2.1716690065,2.221367836,19.692358023483166
0,default,float,brettel,2,65536,54,42.532444,42.770814896000005,43.239784241,2.158825874,2.168935299,2.296457291,19.71972834584772
0,default,float,lookup,0,65536,54,29.233074188,29.291200637499998,32.871818542,4.512217522,4.539999485,4.724153519,6.4518070396873615
0,default,float,lookup,1,65536,54,29.221630096,29.27775383,29.802703857,4.516004562,4.5369224545,4.71200943,6.453218921773837
0,default,float,lookup,2,65536,54,29.214859009,29.2843818665,47.631549835,4.513134956,4.534649849,4.67672348,6.457914688376196
0,default,float,lookupApply,0,65536,54,42.065906525,42.221260070499994,43.234920502,10.061473846,10.0833849905,10.587974548,4.187210952500425
0,default,float,lookupApply,1,65536,54,42.039775848,42.186546325500004,42.574310303,10.062009811,10.079145431499999,10.242736816,4.185528089877131
0,default,float,lookupApply,2,65536,54,42.069911957,42.205715179500004,42.8814888,10.064885139,10.082299709499999,10.204343796,4.186119873001977
0,default,float,prepared,0,65536,54,15.600299835,15.636062622,15.867996216,0.776370049,0.786963463,0.812517166,19.86885460017856
0,default,float,prepared,1,65536,54,15.602970123,15.6282424925,15.874004364,0.776679039,0.7867012025,0.825600624,19.865537821521254
0,default,float,prepared,2,65536,54,15.603923798,15.625715256,15.733146667,0.776534081,0.7871208195,0.815756798,19.85173669516945
0,default,float,vienot,0,65536,54,19.338130951,19.3609714505,27.126502991,0.775235176,0.785805225,0.848633766,24.63838472249914
0,default,float,vienot,1,65536,54,19.643306732,19.6720600125,20.158576965,0.774843216,0.7849383355,0.83525753,25.061917761946283
0,bv_direct,double,brettel,0,65536,54,20.506477356,20.5514431,20.714569092,4.163371086,4.185605048999999,4.246591568,4.910029221440764
0,bv_direct,double,brettel,1,65536,54,20.54605484,20.585632324000002,21.074390411,4.196630478,4.217131615,4.266972542,4.881429892009668
0,bv_direct,double,brettel,2,65536,54,20.557975769,20.590782165500002,21.174526215,4.210018158,4.225183487,4.271138191,4.873346265044702
0,bv_direct,double,lookup,0,65536,54,46.232223511,46.3010311125,46.600818634,5.878878593,5.8972768779999996,6.041278839,7.851256108599485
0,bv_direct,double,lookup,1,65536,54,46.237564087,46.2831020355,46.546077728,5.881250381,5.897782803,5.989496231,7.847542641271457
0,bv_direct,double,lookup,2,65536,54,46.224498749,46.297168732,69.541740417,5.877617836,5.900975704,6.050435066,7.84568028311272
0,bv_direct,double,lookupApply,0,65536,54,55.684280396,55.773544311500004,73.69260788,10.271502495,10.3057174685,10.798768997,5.411903099611934
0,bv_direct,double,lookupApply,1,65536,54,55.6889534,55.789852142,62.583446503,10.275104523,10.3073296545,10.53136158,5.412638773772325
0,bv_direct,double,lookupApply,2,65536,54,55.679321289,55.759239196500005,56.052589417,10.279871941,10.3033638,10.444680214,5.411750985294725
0,bv_direct,double,prepared,0,65536,54,26.500892639,26.5417575835,45.540046692,1.210014343,1.2244853975,1.304514885,21.675846553735646
0,bv_direct,double,prepared,1,65536,54,26.507568359,26.5293598175,27.077960968,1.208223343,1.223947525,1.309780121,21.675242831591166
0,bv_direct,double,prepared,2,65536,54,26.503372192,26.528549194500002,26.626586914,1.210702896,1.224310875,1.331181526,21.668147964870442
0,bv_direct,double,vienot,0,65536,54,4.06255722,4.074859619,4.199504852,1.213201523,1.2234749790000001,1.286361694,3.3305622827943417
0,bv_direct,double,vienot,1,65536,54,4.063129425,4.080057144,4.280757904,1.214147568,1.2252445220000001,1.36004734,3.3299941935998305
0,bv_direct,float,brettel,0,65536,54,15.842819214,15.931749344,16.183280945,2.158068657,2.205358982,2.252851486,7.22410703837059
0,bv_direct,float,brettel,1,65536,54,15.869522095,15.9726142885,16.161727905,2.160848618,2.1716890335,2.220937729,7.354926990977966
0,bv_direct,float,brettel,2,65536,54,15.887069702,15.993833541499999,16.710186005,2.156121254,2.166937351,2.207830429,7.380847228517775
0,bv_direct,float,lookup,0,65536,54,28.787231445,28.844308853,29.175376892,4.510643959,4.536649227,4.602607727,6.358064600042749
0,bv_direct,float,lookup,1,65536,54,28.769302368,28.820896148499997,28.97644043,4.510472298,4.532843113,4.606306076,6.358238180766262
0,bv_direct,float,lookup,2,65536,54,28.760528564,28.8372516635,29.002094269,4.515545845,4.5408687595,4.712258339,6.350602316609409
0,bv_direct,float,lookupApply,0,65536,54,42.046356201,42.108774185,42.652702332,10.057139397,10.078436851500001,10.201809883,4.1781056730769555
0,bv_direct,float,lookupApply,1,65536,54,42.043209076,42.1189308165,42.293071747,10.057209969,10.078137397999999,10.398180962,4.1792376064309735
0,bv_direct,float,lookupApply,2,65536,54,42.04492569,42.140674591,61.869907379,10.058560371,10.0746021275,11.847075462,4.182862415575825
0,bv_direct,float,prepared,0,65536,54,15.603637695,15.6258106235,15.818881989,0.775474548,0.7866516115,0.833777428,19.863698739146358
0,bv_direct,float,prepared,1,65536,54,15.602397919,15.623044968,15.789318085,0.775790215,0.786482334,0.805122375,19.864457588693913
0,bv_direct,float,prepared,2,65536,54,15.603542328,15.625619888500001,16.360187531,0.77600956,0.78674984,0.806803703,19.8609762519939
0,bv_direct,float,vienot,0,65536,54,3.436851501,3.4512519839999998,3.504753113,0.774377823,0.7847328185,0.823830605,4.397996238512102
0,bv_direct,float,vienot,1,65536,54,3.440380096,3.4512996675,3.483486176,0.773983955,0.7850637435,0.799552917,4.396203105894674
0,bv_split,double,brettel,0,65536,54,13.573741913,13.605403899999999,13.716602325,4.167718887,4.1841430665,4.278384209,3.2516583882923498
0,bv_split,double,brettel,1,65536,54,13.580703735,13.610458374,13.680553436,4.194879532,4.213276863,4.290456772,3.2303736062359976
0,bv_split,double,brettel,2,65536,54,13.603591919,13.635587692,13.729286194,4.203902245,4.221582413,4.299362183,3.2299707450955784
0,bv_split,double,lookup,0,65536,54,46.480464935,46.5568065645,49.167346954,5.88417244,5.902001858,6.895149231,7.888307676723879
0,bv_split,double,lookup,1,65536,54,46.477985382,46.542119979999995,46.945285797,5.87788105,5.9006810185,6.211420059,7.887584472720976
0,bv_split,double,lookup,2,65536,54,46.485900879,46.535682678,46.974086761,5.877990723,5.9005970955,6.28181839,7.886605698513075
0,bv_split,double,lookupApply,0,65536,54,55.701160431,55.801486968999995,57.616043091,10.272861481,10.300415516000001,10.602237701,5.417401548735734
0,bv_split,double,lookupApply,1,65536,54,55.695056915,55.7920455935,56.497955322,10.270615578,10.304958820500001,10.388436317,5.4140968989134635
0,bv_split,double,lookupApply,2,65536,54,55.702972412,55.7840824125,61.942577362,10.266448975,10.3103384975,14.849625587,5.410499609302473
0,bv_split,double,prepared,0,65536,54,26.505851746,26.5376091005,28.142547607,1.210688591,1.2254767420000001,1.305270195,21.654926765227827
0,bv_split,double,prepared,1,65536,54,26.496696472,26.5460014345,27.817058563,1.209723473,1.223573208,1.48106575,21.69547458291519
0,bv_split,double,prepared,2,65536,54,26.498699188,26.542329788,26.708602905,1.211830139,1.222991943,1.245544434,21.70278384900202
0,bv_split,double,vienot,0,65536,54,4.063129425,4.071378708,4.142093658,1.21407032,1.2285051345,1.285520554,3.31409173121368
0,bv_split,double,vienot,1,65536,54,4.06255722,4.07500267,4.156303406,1.213956833,1.2266879085,1.258719444,3.3219555208487654
0,bv_split,float,brettel,0,65536,54,12.851142883,12.883234024,14.096450806,2.147369385,2.2063398359999997,2.272783279,5.839188421379707
0,bv_split,float,brettel,1,65536,54,12.872505188,12.898015976,12.998485565,2.160333633,2.174021721,2.20452404,5.93279075890153
0,bv_split,float,brettel,2,65536,54,12.869358063,12.890625,13.055419922,2.158471107,2.1712565425,2.202958107,5.93694238689899
0,bv_split,float,lookup,0,65536,54,29.139328003,29.21833992,29.545688629,4.51263237,4.538496971,4.577554703,6.437889042715855
0,bv_split,float,lookup,1,65536,54,29.144096375,29.210805893,29.954242706,4.518362999,4.5379805565,4.653334618,6.436961447787552
0,bv_split,float,lookup,2,65536,54,29.149723053,29.208707809499998,29.342746735,4.51228714,4.5376505855,4.599129677,6.436967161560659
0,bv_split,float,lookupApply,0,65536,54,42.063808441,42.161512375,44.445705414,10.055214882,10.078774452000001,10.270214081,4.183198321958043
0,bv_split,float,lookupApply,1,65536,54,42.051410675,42.134666443,42.859268188,10.056430817,10.076945781500001,10.304237366,4.1812933558056775
0,bv_split,float,lookupApply,2,65536,54,42.071437836,42.138338089,44.710731506,10.054154396,10.076116562,10.130641937,4.182001848600687
0,bv_split,float,prepared,0,65536,54,15.60382843,15.6325340275,16.085338593,0.77557373,0.7864961625,0.84563446,19.876173302371328
0,bv_split,float,prepared,1,65536,54,15.605354309,15.632581711,15.847587585,0.775760651,0.7866492270000001,0.811448097,19.87236645565279
0,bv_split,float,prepared,2,65536,54,15.596485138,15.628290176499998,15.830230713,0.775780678,0.786315918,0.804339409,19.875332317131086
0,bv_split,float,vienot,0,65536,54,3.432750702,3.4504413605,3.531169891,0.775006294,0.7854399679999999,0.823400497,4.393004559324896
0,bv_split,float,vienot,1,65536,54,3.433322906,3.461265564,3.568744659,0.77529335,0.7851629255,0.810954094,4.408340551479593
0,bv_portable,double,brettel,0,65536,54,13.576030731,13.6036396025,13.755702972,4.161967278,4.1902217865,4.515670776,3.2465201833296797
0,bv_portable,double,brettel,1,65536,54,13.576889038,13.614654541,13.700199127,4.200281143,4.2209496495,4.295832634,3.2254956044341228
0,bv_portable,double,brettel,2,65536,54,13.599967957,13.6328220365,13.730239868,4.205134392,4.228353500500001,4.283216476,3.2241443471762534
0,bv_portable,double,lookup,0,65536,54,46.465587616,46.538639068500004,46.944046021,5.879912376,5.9078235625,5.976385117,7.877459199002612
0,bv_portable,double,lookup,1,65536,54,46.483325958,46.5498924255,46.717453003,5.873796463,5.906393051,6.047266006,7.881272381224058
0,bv_portable,double,lookup,2,65536,54,46.490192413,46.5683460235,48.216247559,5.882569313,5.9261784555000006,6.137256622,7.858073524647336
0,bv_portable,double,lookupApply,0,65536,54,55.687522888,55.786323546999995,56.560134888,10.262763023,10.3166942595,10.815406799,5.407383619576576
0,bv_portable,double,lookupApply,1,65536,54,55.706214905,55.788230896,56.05764389,10.264425278,10.315177440500001,11.219970703,5.408363667789297
0,bv_portable,double,lookupApply,2,65536,54,55.706882477,55.787420273,56.121253967,10.270224571,10.299773692999999,10.348403931,5.416373401574311
0,bv_portable,double,prepared,0,65536,54,26.498508453,26.554107666,27.952289581,1.209341049,1.2285890579999998,1.303281784,21.61349842169928
0,bv_portable,double,prepared,1,65536,54,26.506710052,26.5390396115,26.862239838,1.209050179,1.2258157729999999,1.291025162,21.650104523088075
0,bv_portable,double,prepared,2,65536,54,26.503562927,26.5405654905,27.090835571,1.211367607,1.2260212895,1.455316544,21.647719919548756
0,bv_portable,double,vienot,0,65536,54,22.145557404,22.182750702,22.473144531,1.215055466,1.2287373540000002,1.391845703,18.053289118123445
0,bv_portable,double,vienot,1,65536,54,22.14679718,22.1807003025,22.621631622,1.214954376,1.230934143,1.318741798,18.019404554366968
0,bv_portable,float,brettel,0,65536,54,12.843704224,12.876033783,13.063907623,2.150598526,2.211340904,2.26631546,5.822726726444165
0,bv_portable,float,brettel,1,65536,54,12.862682343,12.9078388215,12.992954254,2.161277771,2.1756744385,2.236448288,5.932798856799181
0,bv_portable,float,brettel,2,65536,54,12.873268127,12.899351119999999,13.037395477,2.154465675,2.167283535,2.196077347,5.951852128106532
0,bv_portable,float,lookup,0,65536,54,29.074192047,29.1674137115,29.364871979,4.51115036,4.544019699,4.621567726,6.418857232929439
0,bv_portable,float,lookup,1,65536,54,29.06703949,29.1585445405,29.291343689,4.512613297,4.5410022735,4.620999336,6.421169333180251
0,bv_portable,float,lookup,2,65536,54,29.147338867,29.18715477,30.096721649,4.514466286,4.533419132500001,4.598108292,6.4382211123515605
0,bv_portable,float,lookupApply,0,65536,54,42.115211487,42.2495365145,42.660903931,10.064025879,10.079298496,10.139261246,4.191713989943532
0,bv_portable,float,lookupApply,1,65536,54,42.09356308,42.255306243999996,42.86441803,10.061275482,10.082122803,10.281075478,4.191112037578699
0,bv_portable,float,lookupApply,2,65536,54,42.09394455,42.202472687,42.762851715,10.06186676,10.086194515,10.179312706,4.1841819156112114
0,bv_portable,float,prepared,0,65536,54,15.600585938,15.6302928925,16.026115417,0.775436401,0.78836298,0.833088875,19.826264409954916
0,bv_portable,float,prepared,1,65536,54,15.603256226,15.641689300500001,15.733337402,0.776161194,0.7874889375,0.830645561,19.862741628037156
0,bv_portable,float,prepared,2,65536,54,15.599250793,15.626478195499999,15.896129608,0.776400566,0.7865977285000001,0.83909893,19.86590811201408
0,bv_portable,float,vienot,0,65536,54,3.434658051,3.448581696,3.524780273,0.774082184,0.7858233455,0.841650009,4.388494838882336
0,bv_portable,float,vienot,1,65536,54,3.432178497,3.4499645235000003,3.531742096,0.774064064,0.785417557,0.926944733,4.392522795998562
0,bv_compiler,double,brettel,0,65536,54,13.569831848,13.6059761045,13.680267334,4.166360855,4.1820964815,4.22372818,3.253386468888905
0,bv_compiler,double,brettel,1,65536,54,13.58499527,13.6092662815,15.581035614,4.200080872,4.2194075585,4.517161369,3.22539742672739
0,bv_compiler,double,brettel,2,65536,54,13.594245911,13.632965088,13.69600296,4.207447052,4.224462986,4.542480469,3.2271474819829327
0,bv_compiler,double,lookup,0,65536,54,46.480941772,46.5444087985,47.633457184,5.881001472,5.9079785345,6.089818001,7.878229165306052
0,bv_compiler,double,lookup,1,65536,54,46.473693848,46.535921097,46.81186676,5.877025604,5.897861004,6.046372414,7.890304818211005
0,bv_compiler,double,lookup,2,65536,54,46.49066925,46.556043625,48.042964935,5.877990723,5.899121761,6.045023918,7.892029612405893
0,bv_compiler,double,lookupApply,0,65536,54,55.710792542,55.786037445000005,56.333351135,10.270949364,10.303911208999999,10.544815063,5.414064262925076
0,bv_compiler,double,lookupApply,1,65536,54,55.692481995,55.787038803,56.000709534,10.275576591,10.3047676085,10.370640755,5.4137114899110825
0,bv_compiler,double,lookupApply,2,65536,54,55.695056915,55.8098316195,57.166481018,10.27593708,10.305136204,11.442055702,5.415729643421606
0,bv_compiler,double,prepared,0,65536,54,26.502418518,26.543188094999998,26.941490173,1.211023331,1.2219347955,1.290862083,21.722262262070103
0,bv_compiler,double,prepared,1,65536,54,26.501655579,26.5321731565,26.780509949,1.212475777,1.219889164,1.288090706,21.74965885384322
0,bv_compiler,double,prepared,2,65536,54,26.504611969,26.5404701235,26.676845551,1.21420002,1.2256226534999999,1.328288078,21.65468306881291
0,bv_compiler,double,vienot,0,65536,54,4.064941406,4.0774345400000005,4.127788544,1.212389946,1.2239170074999999,1.518672943,3.331463256915319
0,bv_compiler,double,vienot,1,65536,54,4.063224792,4.0776729585,6.099796295,1.213726997,1.2215204235,1.247426987,3.33819466302194
0,bv_compiler,float,brettel,0,65536,54,12.852668762,12.878751754500001,13.201999664,2.147321701,2.2076907155,2.235969543,5.833585141287877
0,bv_compiler,float,brettel,1,65536,54,12.853908539,12.8975391385,12.96749115,2.160526276,2.1753444675,2.250738144,5.928964047391727
0,bv_compiler,float,brettel,2,65536,54,12.852668762,12.891101837,13.038539886,2.159052849,2.169259071,2.226109505,5.942628987628192
0,bv_compiler,float,lookup,0,65536,54,29.139709473,29.206609726,29.333496094,4.512173653,4.5345025065,4.719212532,6.440973333708311
0,bv_compiler,float,lookup,1,65536,54,29.160022736,29.2073726655,29.901599884,4.512889862,4.535126686,5.04778862,6.440255077253646
0,bv_compiler,float,lookup,2,65536,54,29.153156281,29.211807251,29.89988327,4.518068314,4.533147812,4.559727669,6.44404472619919
0,bv_compiler,float,lookupApply,0,65536,54,42.043685913,42.1210289005,42.459774017,10.0590868,10.083296776000001,10.159687996,4.177307267277442
0,bv_compiler,float,lookupApply,1,65536,54,42.033863068,42.146730422999994,42.90895462,10.059937477,10.078174591,10.146967888,4.181980580157623
0,bv_compiler,float,lookupApply,2,65536,54,42.059326172,42.1380996705,55.527210236,10.058150291,10.08015728,10.178450584,4.180301804824617
0,bv_compiler,float,prepared,0,65536,54,15.606021881,15.629243851,17.264175415,0.776582718,0.7863731385,0.811027527,19.87509883770019
0,bv_compiler,float,prepared,1,65536,54,15.610122681,15.632295608500002,15.723705292,0.775865555,0.7865304945,0.838270187,19.875002581352554
0,bv_compiler,float,prepared,2,65536,54,15.605831146,15.6353473665,15.980243683,0.7759161,0.7869830135,0.801548004,19.867452153717927
0,bv_compiler,float,vienot,0,65536,54,3.435230255,3.4529685975,3.513145447,0.773661613,0.7849292755,0.806173325,4.39908244637768
0,bv_compiler,float,vienot,1,65536,54,3.434467316,3.450345993,3.485870361,0.774206161,0.7850914005,0.8012743,4.3948335070318985
