variant,scalar,mode,deficiency,n,block,reverse,samples,min_ns,median_ns,max_ns
index,double,brettel,0,1024,0,0,9,3.784179688,3.790283203,3.802490234
index,double,brettel,0,1024,0,1,9,3.778076172,3.784179688,3.833007812
index,double,brettel,0,1024,1,0,9,3.784179688,3.790283203,3.790283203
index,double,brettel,0,1024,1,1,9,3.784179688,3.790283203,3.796386719
index,double,brettel,0,1024,2,0,9,3.778076172,3.790283203,3.833007812
index,double,brettel,0,1024,2,1,9,3.784179688,3.790283203,3.796386719
index,double,brettel,0,65536,0,0,9,3.86724472,3.882789612,3.909397125
index,double,brettel,0,65536,0,1,9,3.851413727,3.873729706,3.961658478
index,double,brettel,0,65536,1,0,9,3.856468201,3.873443604,3.887176514
index,double,brettel,0,65536,1,1,9,3.856372833,3.876018524,3.884410858
index,double,brettel,0,65536,2,0,9,3.865718842,3.879261017,3.904628754
index,double,brettel,0,65536,2,1,9,3.862190247,3.871059418,3.907394409
index,double,brettel,0,8191,0,0,9,3.780826517,3.853314614,3.886125015
index,double,brettel,0,8191,0,1,9,3.782352582,3.863234037,4.515626908
index,double,brettel,0,8191,1,0,9,3.82584544,3.890703211,4.014314492
index,double,brettel,0,8191,1,1,9,3.782352582,3.790745941,4.450006104
index,double,brettel,0,8191,2,0,9,3.783115615,3.80219143,3.932670004
index,double,brettel,0,8191,2,1,9,3.786930778,3.865523135,4.455347332
index,double,brettel,1,1024,0,0,9,3.778076172,3.784179688,5.700683594
index,double,brettel,1,1024,0,1,9,3.771972656,3.790283203,4.815673828
index,double,brettel,1,1024,1,0,9,3.771972656,3.784179688,5.047607422
index,double,brettel,1,1024,1,1,9,3.771972656,3.790283203,9.112548828
index,double,brettel,1,1024,2,0,9,3.784179688,3.790283203,4.443359375
index,double,brettel,1,1024,2,1,9,3.771972656,3.784179688,5.682373047
index,double,brettel,1,65536,0,0,9,3.866386414,3.882408142,3.911972046
index,double,brettel,1,65536,0,1,9,3.862094879,3.87134552,3.883647919
index,double,brettel,1,65536,1,0,9,3.861904144,3.870391846,3.900241852
index,double,brettel,1,65536,1,1,9,3.860282898,3.866672516,3.877544403
index,double,brettel,1,65536,2,0,9,3.863048553,3.878307343,3.907012939
index,double,brettel,1,65536,2,1,9,3.864097595,3.870773315,3.883266449
index,double,brettel,1,8191,0,0,9,3.780063484,3.786930778,4.20202051
index,double,brettel,1,8191,0,1,9,3.788456843,3.865523135,4.073831034
index,double,brettel,1,8191,1,0,9,3.780063484,3.879257722,4.062385545
index,double,brettel,1,8191,1,1,9,3.783115615,3.859418874,3.954797949
index,double,brettel,1,8191,2,0,9,3.780826517,3.860181907,3.899859602
index,double,brettel,1,8191,2,1,9,3.789219875,3.871627396,3.912831156
index,double,brettel,2,1024,0,0,9,3.80859375,3.814697266,4.724121094
index,double,brettel,2,1024,0,1,9,3.778076172,3.784179688,6.085205078
index,double,brettel,2,1024,1,0,9,3.80859375,3.814697266,3.820800781
index,double,brettel,2,1024,1,1,9,3.778076172,3.790283203,4.479980469
index,double,brettel,2,1024,2,0,9,3.80859375,3.814697266,3.869628906
index,double,brettel,2,1024,2,1,9,3.778076172,3.784179688,5.120849609
index,double,brettel,2,65536,0,0,9,3.862380981,3.872203827,3.894519806
index,double,brettel,2,65536,0,1,9,3.855800629,3.872203827,3.907394409
index,double,brettel,2,65536,1,0,9,3.853702545,3.886795044,4.424095154
index,double,brettel,2,65536,1,1,9,3.854370117,3.863143921,3.891563416
index,double,brettel,2,65536,2,0,9,3.849315643,3.868579865,3.907299042
index,double,brettel,2,65536,2,1,9,3.860473633,3.879165649,3.901195526
index,double,brettel,2,8191,0,0,9,3.78158955,3.854840679,3.891466243
index,double,brettel,2,8191,0,1,9,3.783115615,3.824319375,4.007447198
index,double,brettel,2,8191,1,0,9,3.78158955,3.783878647,3.869338298
index,double,brettel,2,8191,1,1,9,3.783115615,3.854840679,4.095195947
index,double,brettel,2,8191,2,0,9,3.78158955,3.876968624,4.187522891
index,double,brettel,2,8191,2,1,9,3.783878647,3.865523135,3.892229276
index,double,lookup,0,1024,0,0,9,8.380126953,8.392333984,9.600830078
index,double,lookup,0,1024,0,1,9,8.392333984,8.3984375,10.25390625
index,double,lookup,0,1024,1,0,9,8.380126953,8.3984375,9.020996094
index,double,lookup,0,1024,1,1,9,8.380126953,8.386230469,9.759521484
index,double,lookup,0,1024,2,0,9,8.386230469,8.404541016,9.674072266
index,double,lookup,0,1024,2,1,9,8.380126953,8.404541016,10.3515625
index,double,lookup,0,65536,0,0,9,8.556461334,8.601665497,8.633232117
index,double,lookup,0,65536,0,1,9,8.545589447,8.573436737,8.655834198
index,double,lookup,0,65536,1,0,9,8.558082581,8.575439453,8.66765976
index,double,lookup,0,65536,1,1,9,8.565425873,8.579349518,8.615016937
index,double,lookup,0,65536,2,0,9,8.547401428,8.573436737,8.643627167
index,double,lookup,0,65536,2,1,9,8.552265167,8.585071564,8.745002747
index,double,lookup,0,8191,0,0,9,8.523074106,8.613111952,8.703912831
index,double,lookup,0,8191,0,1,9,8.508576486,8.526889269,8.866438774
index,double,lookup,0,8191,1,0,9,8.531467464,8.597088268,9.333414723
index,double,lookup,0,8191,1,1,9,8.51544378,8.534519595,8.873306068
index,double,lookup,0,8191,2,0,9,8.533756562,8.579538518,8.704675864
index,double,lookup,0,8191,2,1,9,8.494078867,8.550543279,8.648211452
index,double,lookup,1,1024,0,0,9,8.477783203,8.49609375,24.450683594
index,double,lookup,1,1024,0,1,9,8.380126953,8.386230469,9.637451172
index,double,lookup,1,1024,1,0,9,8.49609375,8.508300781,11.163330078
index,double,lookup,1,1024,1,1,9,8.380126953,8.392333984,8.978271484
index,double,lookup,1,1024,2,0,9,8.386230469,8.386230469,11.71875
index,double,lookup,1,1024,2,1,9,8.392333984,8.404541016,9.503173828
index,double,lookup,1,65536,0,0,9,8.565044403,8.586406708,8.666229248
index,double,lookup,1,65536,0,1,9,8.563137054,8.60490799,8.766269684
index,double,lookup,1,65536,1,0,9,8.548545837,8.568954468,8.652019501
index,double,lookup,1,65536,1,1,9,8.562660217,8.579921722,8.664512634
index,double,lookup,1,65536,2,0,9,8.531761169,8.573532104,8.661174774
index,double,lookup,1,65536,2,1,9,8.542156219,8.557796478,8.719348907
index,double,lookup,1,8191,0,0,9,8.517732878,8.579538518,8.607007691
index,double,lookup,1,8191,0,1,9,8.514680747,8.655078745,8.845073862
index,double,lookup,1,8191,1,0,9,8.529941399,8.539860823,8.610822854
index,double,lookup,1,8191,1,1,9,8.516969845,8.609296789,8.664998169
index,double,lookup,1,8191,2,0,9,8.51849591,8.584879746,8.688652179
index,double,lookup,1,8191,2,1,9,8.499420095,8.592510072,8.737486265
index,double,lookup,2,1024,0,0,9,8.380126953,8.3984375,9.014892578
index,double,lookup,2,1024,0,1,9,8.380126953,8.392333984,13.311767578
index,double,lookup,2,1024,1,0,9,8.386230469,8.392333984,9.033203125
index,double,lookup,2,1024,1,1,9,8.386230469,8.404541016,9.246826172
index,double,lookup,2,1024,2,0,9,8.380126953,8.392333984,9.08203125
index,double,lookup,2,1024,2,1,9,8.367919922,8.380126953,9.783935547
index,double,lookup,2,65536,0,0,9,8.561229706,8.578300476,8.59670639
index,double,lookup,2,65536,0,1,9,8.556747437,8.616256714,9.11359787
index,double,lookup,2,65536,1,0,9,8.539009094,8.576107025,8.622741699
index,double,lookup,2,65536,1,1,9,8.556079865,8.594417572,8.675003052
index,double,lookup,2,65536,2,0,9,8.532333374,8.56294632,8.601284027
index,double,lookup,2,65536,2,1,9,8.538913727,8.552074432,8.68024826
index,double,lookup,2,8191,0,0,9,8.536808692,8.587931876,8.743590526
index,double,lookup,2,8191,0,1,9,8.61234892,8.641344158,9.044225369
index,double,lookup,2,8191,1,0,9,8.541386888,8.565803931,8.745879624
index,double,lookup,2,8191,1,1,9,8.494078867,8.596325235,8.906116469
index,double,lookup,2,8191,2,0,9,8.524600171,8.596325235,9.201410084
index,double,lookup,2,8191,2,1,9,8.600903431,8.67415456,9.012941033
index,double,lookupApply,0,1024,0,0,9,11.389160156,11.444091797,12.567138672
index,double,lookupApply,0,1024,0,1,9,11.456298828,11.499023438,12.469482422
index,double,lookupApply,0,1024,1,0,9,11.389160156,11.419677734,12.744140625
index,double,lookupApply,0,1024,1,1,9,11.376953125,11.395263672,13.000488281
index,double,lookupApply,0,1024,2,0,9,11.364746094,11.376953125,12.860107422
index,double,lookupApply,0,1024,2,1,9,11.383056641,11.407470703,12.097167969
index,double,lookupApply,0,65536,0,0,9,11.660957336,11.67383194,11.686897278
index,double,lookupApply,0,65536,0,1,9,11.632442474,11.691093445,11.731147766
index,double,lookupApply,0,65536,1,0,9,11.629772186,11.643028259,11.692810059
index,double,lookupApply,0,65536,1,1,9,11.633110046,11.658000946,11.713027954
index,double,lookupApply,0,65536,2,0,9,11.633110046,11.644744873,11.684894562
index,double,lookupApply,0,65536,2,1,9,11.632633209,11.645793915,11.668968201
index,double,lookupApply,0,8191,0,0,9,11.521792211,11.606488829,12.14137468
index,double,lookupApply,0,8191,0,1,9,11.523318276,11.643877426,11.723995849
index,double,lookupApply,0,8191,1,0,9,11.550024417,11.629379807,12.239805885
index,double,lookupApply,0,8191,1,1,9,11.548498352,11.59199121,11.672872665
index,double,lookupApply,0,8191,2,0,9,11.530948602,11.608014894,12.299322427
index,double,lookupApply,0,8191,2,1,9,11.532474667,11.590465145,11.692711513
index,double,lookupApply,1,1024,0,0,9,11.389160156,11.413574219,14.599609375
index,double,lookupApply,1,1024,0,1,9,11.395263672,11.407470703,12.420654297
index,double,lookupApply,1,1024,1,0,9,11.395263672,11.413574219,12.969970703
index,double,lookupApply,1,1024,1,1,9,11.370849609,11.444091797,12.805175781
index,double,lookupApply,1,1024,2,0,9,11.364746094,11.370849609,12.896728516
index,double,lookupApply,1,1024,2,1,9,11.401367188,11.407470703,14.178466797
index,double,lookupApply,1,65536,0,0,9,11.663722992,11.680984497,11.709213257
index,double,lookupApply,1,65536,0,1,9,11.632061005,11.650562286,11.758327484
index,double,lookupApply,1,65536,1,0,9,11.624622345,11.643028259,11.693382263
index,double,lookupApply,1,65536,1,1,9,11.627197266,11.647415161,11.717414856
index,double,lookupApply,1,65536,2,0,9,11.62853241,11.642074585,11.698055267
index,double,lookupApply,1,65536,2,1,9,11.631393433,11.666584015,13.927936554
index,double,lookupApply,1,8191,0,0,9,11.517977048,11.580545721,11.711024295
index,double,lookupApply,1,8191,0,1,9,11.559180808,11.637010133,12.422170675
index,double,lookupApply,1,8191,1,0,9,11.522555244,11.601910634,11.936881944
index,double,lookupApply,1,8191,1,1,9,11.531711635,11.598095471,11.730863142
index,double,lookupApply,1,8191,2,0,9,11.521792211,11.601910634,11.623275546
index,double,lookupApply,1,8191,2,1,9,11.549261384,11.624801612,11.711787328
index,double,lookupApply,2,1024,0,0,9,11.431884766,11.450195312,13.305664062
index,double,lookupApply,2,1024,0,1,9,11.267089844,11.279296875,12.524414062
index,double,lookupApply,2,1024,1,0,9,11.437988281,11.450195312,13.415527344
index,double,lookupApply,2,1024,1,1,9,11.260986328,11.285400391,12.811279297
index,double,lookupApply,2,1024,2,0,9,11.401367188,11.419677734,13.714599609
index,double,lookupApply,2,1024,2,1,9,11.254882812,11.285400391,13.873291016
index,double,lookupApply,2,65536,0,0,9,11.673164368,11.702537537,11.770915985
index,double,lookupApply,2,65536,0,1,9,11.635112762,11.65189743,11.724853516
index,double,lookupApply,2,65536,1,0,9,11.644649506,11.678314209,14.503574371
index,double,lookupApply,2,65536,1,1,9,11.629772186,11.647891998,11.690711975
index,double,lookupApply,2,65536,2,0,9,11.633014679,11.647891998,11.690330505
index,double,lookupApply,2,65536,2,1,9,11.632537842,11.659526825,11.674785614
index,double,lookupApply,2,8191,0,0,9,11.538578928,11.649218655,11.687370284
index,double,lookupApply,2,8191,0,1,9,11.422597973,11.532474667,11.703393969
index,double,lookupApply,2,8191,1,0,9,11.522555244,11.598095471,11.608014894
index,double,lookupApply,2,8191,1,1,9,11.386735441,11.537815895,11.644640459
index,double,lookupApply,2,8191,2,0,9,11.541631058,11.620986449,12.033787083
index,double,lookupApply,2,8191,2,1,9,11.358503235,11.439384691,12.18257844
index,double,prepared,0,1024,0,0,9,1.885986328,1.892089844,2.478027344
index,double,prepared,0,1024,0,1,9,1.892089844,1.898193359,2.917480469
index,double,prepared,0,1024,1,0,9,1.904296875,1.904296875,3.326416016
index,double,prepared,0,1024,1,1,9,1.885986328,1.898193359,2.532958984
index,double,prepared,0,1024,2,0,9,1.892089844,1.898193359,1.898193359
index,double,prepared,0,1024,2,1,9,1.885986328,1.892089844,3.094482422
index,double,prepared,0,65536,0,0,9,1.942157745,1.957988739,1.984977722
index,double,prepared,0,65536,0,1,9,1.934051514,1.956367493,1.97353363
index,double,prepared,0,65536,1,0,9,1.941585541,1.961421967,1.992893219
index,double,prepared,0,65536,1,1,9,1.930046082,1.947307587,1.974010468
index,double,prepared,0,65536,2,0,9,1.934719086,1.965427399,2.011203766
index,double,prepared,0,65536,2,1,9,1.929855347,1.95980072,1.970005035
index,double,prepared,0,8191,0,0,9,1.922842144,1.9335246,2.022036381
index,double,prepared,0,8191,0,1,9,1.91292272,1.914448785,2.032718838
index,double,prepared,0,8191,1,0,9,1.901477231,1.902240264,1.988462947
index,double,prepared,0,8191,1,1,9,1.921316079,1.925894274,2.085368087
index,double,prepared,0,8191,2,0,9,1.900714199,1.987699915,2.12733488
index,double,prepared,0,8191,2,1,9,1.896136003,1.898425101,1.998382371
index,double,prepared,1,1024,0,0,9,1.892089844,1.898193359,1.898193359
index,double,prepared,1,1024,0,1,9,1.898193359,1.904296875,1.910400391
index,double,prepared,1,1024,1,0,9,1.892089844,1.898193359,1.904296875
index,double,prepared,1,1024,1,1,9,1.879882812,1.885986328,1.898193359
index,double,prepared,1,1024,2,0,9,1.892089844,1.898193359,1.898193359
index,double,prepared,1,1024,2,1,9,1.885986328,1.892089844,1.892089844
index,double,prepared,1,65536,0,0,9,1.947021484,1.96762085,1.995372772
index,double,prepared,1,65536,0,1,9,1.936817169,1.954650879,2.025794983
index,double,prepared,1,65536,1,0,9,1.952171326,1.959228516,1.981830597
index,double,prepared,1,65536,1,1,9,1.933002472,1.946353912,1.965904236
index,double,prepared,1,65536,2,0,9,1.954555511,1.960659027,2.052593231
index,double,prepared,1,65536,2,1,9,1.939964294,1.951599121,2.002429962
index,double,prepared,1,8191,0,0,9,1.920553046,1.928946405,2.099865706
index,double,prepared,1,8191,0,1,9,1.901477231,1.931235502,2.08918325
index,double,prepared,1,8191,1,0,9,1.894609938,1.902240264,1.995330241
index,double,prepared,1,8191,1,1,9,1.899188133,1.931235502,2.135728238
index,double,prepared,1,8191,2,0,9,1.897662068,1.899188133,1.986936882
index,double,prepared,1,8191,2,1,9,1.900714199,1.923605176,2.047216457
index,double,prepared,2,1024,0,0,9,1.916503906,1.922607422,1.922607422
index,double,prepared,2,1024,0,1,9,1.898193359,1.898193359,1.904296875
index,double,prepared,2,1024,1,0,9,1.922607422,1.928710938,18.395996094
index,double,prepared,2,1024,1,1,9,1.873779297,1.879882812,1.885986328
index,double,prepared,2,1024,2,0,9,1.934814453,1.934814453,18.194580078
index,double,prepared,2,1024,2,1,9,1.885986328,1.885986328,1.892089844
index,double,prepared,2,65536,0,0,9,1.947498322,1.953315735,1.982688904
index,double,prepared,2,65536,0,1,9,1.945972443,1.95608139,2.007865906
index,double,prepared,2,65536,1,0,9,2.307415009,2.471828461,2.565288544
index,double,prepared,2,65536,1,1,9,1.926326752,1.957702637,1.985740662
index,double,prepared,2,65536,2,0,9,1.935100555,1.96685791,2.025318146
index,double,prepared,2,65536,2,1,9,1.937103271,1.960849762,1.974391937
index,double,prepared,2,8191,0,0,9,1.918263948,1.923605176,2.042638262
index,double,prepared,2,8191,0,1,9,1.904529361,1.919026981,3.959376145
index,double,prepared,2,8191,1,0,9,1.887742644,1.901477231,2.006012697
index,double,prepared,2,8191,1,1,9,1.928183372,1.935813698,2.138780369
index,double,prepared,2,8191,2,0,9,1.884690514,1.89537297,1.977017458
index,double,prepared,2,8191,2,1,9,1.898425101,1.904529361,2.169301673
index,double,vienot,0,1024,0,0,9,1.049804688,1.055908203,2.020263672
index,double,vienot,0,1024,0,1,9,1.049804688,1.055908203,2.813720703
index,double,vienot,0,1024,1,0,9,1.049804688,1.055908203,1.062011719
index,double,vienot,0,1024,1,1,9,1.049804688,1.055908203,2.435302734
index,double,vienot,0,1024,2,0,9,1.049804688,1.055908203,1.062011719
index,double,vienot,0,1024,2,1,9,1.049804688,1.055908203,1.702880859
index,double,vienot,0,65536,0,0,9,1.079559326,1.093387604,1.176261902
index,double,vienot,0,65536,0,1,9,1.073455811,1.097297668,1.16186142
index,double,vienot,0,65536,1,0,9,1.080322266,1.093482971,1.22833252
index,double,vienot,0,65536,1,1,9,1.071071625,1.093196869,1.213169098
index,double,vienot,0,65536,2,0,9,1.076126099,1.092243195,1.110267639
index,double,vienot,0,65536,2,1,9,1.090049744,1.116943359,1.228046417
index,double,vienot,0,8191,0,0,9,1.047643755,1.059852277,1.252136491
index,double,vienot,0,8191,0,1,9,1.072823831,1.075112929,1.211695764
index,double,vienot,0,8191,1,0,9,1.057563179,1.064430472,1.143785863
index,double,vienot,0,8191,1,1,9,1.072823831,1.073586864,1.231534611
index,double,vienot,0,8191,2,0,9,1.047643755,1.058326212,1.594738127
index,double,vienot,0,8191,2,1,9,1.057563179,1.058326212,1.258240752
index,double,vienot,1,1024,0,0,9,1.049804688,1.055908203,1.806640625
index,double,vienot,1,1024,0,1,9,1.049804688,1.055908203,1.055908203
index,double,vienot,1,1024,1,0,9,1.049804688,1.055908203,1.062011719
index,double,vienot,1,1024,1,1,9,1.055908203,1.055908203,1.062011719
index,double,vienot,1,1024,2,0,9,1.049804688,1.049804688,1.062011719
index,double,vienot,1,1024,2,1,9,1.049804688,1.049804688,1.055908203
index,double,vienot,1,65536,0,0,9,1.077365875,1.094818115,1.133060455
index,double,vienot,1,65536,0,1,9,1.076984406,1.080608368,1.138877869
index,double,vienot,1,65536,1,0,9,1.076602936,1.091575623,1.162815094
index,double,vienot,1,65536,1,1,9,1.077270508,1.090621948,1.154613495
index,double,vienot,1,65536,2,0,9,1.097202301,1.144504547,1.20306015
index,double,vienot,1,65536,2,1,9,1.08757019,1.103210449,1.185035706
index,double,vienot,1,8191,0,0,9,1.053748016,1.055274081,1.201013307
index,double,vienot,1,8191,0,1,9,1.048406788,1.058326212,1.687065071
index,double,vienot,1,8191,1,0,9,1.053748016,1.055274081,1.136918569
index,double,vienot,1,8191,1,1,9,1.047643755,1.058326212,1.668752289
index,double,vienot,1,8191,2,0,9,1.052984984,1.054511049,1.223904285
index,double,vienot,1,8191,2,1,9,1.051458918,1.06366744,1.656543768
index,float,brettel,0,1024,0,0,9,2.374267578,2.429199219,2.44140625
index,float,brettel,0,1024,0,1,9,2.435302734,2.447509766,3.161621094
index,float,brettel,0,1024,1,0,9,2.34375,2.392578125,2.398681641
index,float,brettel,0,1024,1,1,9,2.44140625,2.447509766,3.088378906
index,float,brettel,0,1024,2,0,9,2.34375,2.392578125,2.398681641
index,float,brettel,0,1024,2,1,9,2.435302734,2.447509766,4.125976562
index,float,brettel,0,65536,0,0,9,2.981853485,2.99949646,3.020763397
index,float,brettel,0,65536,0,1,9,2.45847702,2.46925354,2.497291565
index,float,brettel,0,65536,1,0,9,2.410316467,2.427196503,2.45141983
index,float,brettel,0,65536,1,1,9,2.458667755,2.477645874,2.513599396
index,float,brettel,0,65536,2,0,9,2.385902405,2.42099762,2.517318726
index,float,brettel,0,65536,2,1,9,2.456665039,2.468013763,2.525806427
index,float,brettel,0,8191,0,0,9,2.36540105,2.373031376,2.522585765
index,float,brettel,0,8191,0,1,9,2.933097302,3.039921865,3.762513735
index,float,brettel,0,8191,1,0,9,2.32419729,2.373031376,2.590495666
index,float,brettel,0,8191,1,1,9,2.420339397,2.423391527,3.021609083
index,float,brettel,0,8191,2,0,9,2.361585887,2.376846539,2.543950678
index,float,brettel,0,8191,2,1,9,2.414235136,2.425680625,3.071206202
index,float,brettel,1,1024,0,0,9,2.386474609,2.392578125,2.404785156
index,float,brettel,1,1024,0,1,9,2.44140625,2.44140625,19.024658203
index,float,brettel,1,1024,1,0,9,2.380371094,2.392578125,2.447509766
index,float,brettel,1,1024,1,1,9,2.44140625,2.44140625,2.484130859
index,float,brettel,1,1024,2,0,9,2.386474609,2.392578125,2.398681641
index,float,brettel,1,1024,2,1,9,2.44140625,2.447509766,19.384765625
index,float,brettel,1,65536,0,0,9,2.9920578,3.001976013,3.019523621
index,float,brettel,1,65536,0,1,9,2.45475769,2.481842041,2.492904663
index,float,brettel,1,65536,1,0,9,2.463340759,2.471637726,2.568149567
index,float,brettel,1,65536,1,1,9,2.458190918,2.474021912,2.492523193
index,float,brettel,1,65536,2,0,9,2.466678619,2.46925354,2.487850189
index,float,brettel,1,65536,2,1,9,2.460861206,2.469158173,2.477931976
index,float,brettel,1,8191,0,0,9,2.421865462,2.423391527,2.536320352
index,float,brettel,1,8191,0,1,9,2.916310585,2.9353864,3.062049811
index,float,brettel,1,8191,1,0,9,2.423391527,2.424917592,2.60041509
index,float,brettel,1,8191,1,1,9,2.421102429,2.42415456,2.50350995
index,float,brettel,1,8191,2,0,9,2.412709071,2.423391527,2.505799048
index,float,brettel,1,8191,2,1,9,2.421102429,2.42415456,2.505036015
index,float,brettel,2,1024,0,0,9,2.380371094,2.398681641,3.576660156
index,float,brettel,2,1024,0,1,9,2.392578125,2.392578125,2.44140625
index,float,brettel,2,1024,1,0,9,2.386474609,2.398681641,5.194091797
index,float,brettel,2,1024,1,1,9,2.410888672,2.416992188,2.886962891
index,float,brettel,2,1024,2,0,9,2.386474609,2.392578125,3.723144531
index,float,brettel,2,1024,2,1,9,2.380371094,2.398681641,2.404785156
index,float,brettel,2,65536,0,0,9,2.981376648,2.987384796,3.005123138
index,float,brettel,2,65536,0,1,9,2.464008331,2.471542358,2.500915527
index,float,brettel,2,65536,1,0,9,2.449321747,2.472686768,2.491664886
index,float,brettel,2,65536,1,1,9,2.456665039,2.466011047,2.479171753
index,float,brettel,2,65536,2,0,9,2.456283569,2.468204498,2.50005722
index,float,brettel,2,65536,2,1,9,2.459049225,2.475261688,2.508640289
index,float,brettel,2,8191,0,0,9,2.421102429,2.428732755,2.505799048
index,float,brettel,2,8191,0,1,9,2.882737151,2.934623367,3.041447931
index,float,brettel,2,8191,1,0,9,2.422628495,2.42720669,2.508851178
index,float,brettel,2,8191,1,1,9,2.421865462,2.428732755,2.567604688
index,float,brettel,2,8191,2,0,9,2.420339397,2.425680625,2.50350995
index,float,brettel,2,8191,2,1,9,2.421102429,2.42415456,2.50045782
index,float,lookup,0,1024,0,0,9,6.872558594,6.878662109,7.879638672
index,float,lookup,0,1024,0,1,9,6.988525391,7.037353516,9.252929688
index,float,lookup,0,1024,1,0,9,6.677246094,6.689453125,8.288574219
index,float,lookup,0,1024,1,1,9,6.903076172,6.909179688,7.794189453
index,float,lookup,0,1024,2,0,9,6.994628906,7.061767578,12.915039062
index,float,lookup,0,1024,2,1,9,6.695556641,6.719970703,7.464599609
index,float,lookup,0,65536,0,0,9,11.559581757,11.568546295,11.576366425
index,float,lookup,0,65536,0,1,9,6.812572479,6.820869446,6.862545013
index,float,lookup,0,65536,1,0,9,7.127571106,7.143211365,7.180976868
index,float,lookup,0,65536,1,1,9,6.995201111,7.022571564,7.060146332
index,float,lookup,0,65536,2,0,9,7.118988037,7.133674622,7.223892212
index,float,lookup,0,65536,2,1,9,6.823348999,6.837749481,7.374858856
index,float,lookup,0,8191,0,0,9,7.035923575,7.180136735,9.175466976
index,float,lookup,0,8191,0,1,9,11.3600293,11.4981382,11.684318154
index,float,lookup,0,8191,1,0,9,7.011506532,7.058814553,7.917226224
index,float,lookup,0,8191,1,1,9,7.026004151,7.114515932,7.211421072
index,float,lookup,0,8191,2,0,9,6.944359663,7.022952021,9.167073617
index,float,lookup,0,8191,2,1,9,6.87873886,6.950463924,7.283146136
index,float,lookup,1,1024,0,0,9,6.860351562,6.866455078,7.897949219
index,float,lookup,1,1024,0,1,9,7.006835938,7.019042969,8.0078125
index,float,lookup,1,1024,1,0,9,6.689453125,6.713867188,8.343505859
index,float,lookup,1,1024,1,1,9,6.872558594,6.884765625,7.653808594
index,float,lookup,1,1024,2,0,9,6.994628906,7.012939453,10.131835938
index,float,lookup,1,1024,2,1,9,6.695556641,6.707763672,7.305908203
index,float,lookup,1,65536,0,0,9,11.547660828,11.558055878,11.591625214
index,float,lookup,1,65536,0,1,9,6.809902191,6.829929352,6.868457794
index,float,lookup,1,65536,1,0,9,7.107830048,7.134532928,7.205677032
index,float,lookup,1,65536,1,1,9,6.994152069,7.016658783,7.048130035
index,float,lookup,1,65536,2,0,9,7.102298737,7.128334045,7.175636292
index,float,lookup,1,65536,2,1,9,6.823635101,6.840229034,6.897068024
index,float,lookup,1,8191,0,0,9,7.008454401,7.11680503,7.212184105
index,float,lookup,1,8191,0,1,9,11.363844463,11.517977048,12.351208644
index,float,lookup,1,8191,1,0,9,7.01684776,7.032871444,7.173269442
index,float,lookup,1,8191,1,1,9,7.089335856,7.100781345,7.705103162
index,float,lookup,1,8191,2,0,9,6.96114638,7.045842998,7.116041997
index,float,lookup,1,8191,2,1,9,6.920705653,6.984037358,8.017946527
index,float,lookup,2,1024,0,0,9,6.671142578,6.683349609,7.727050781
index,float,lookup,2,1024,0,1,9,7.012939453,7.025146484,8.093261719
index,float,lookup,2,1024,1,0,9,6.689453125,6.695556641,8.142089844
index,float,lookup,2,1024,1,1,9,6.854248047,6.872558594,7.495117188
index,float,lookup,2,1024,2,0,9,6.884765625,6.903076172,8.453369141
index,float,lookup,2,1024,2,1,9,6.689453125,6.726074219,8.599853516
index,float,lookup,2,65536,0,0,9,6.83965683,6.860923767,6.884288788
index,float,lookup,2,65536,0,1,9,6.805324554,6.815242767,6.84299469
index,float,lookup,2,65536,1,0,9,6.991672516,7.005405426,7.058429718
index,float,lookup,2,65536,1,1,9,6.988811493,7.011985779,7.191467285
index,float,lookup,2,65536,2,0,9,6.996917725,7.015514374,7.049655914
index,float,lookup,2,65536,2,1,9,6.820964813,6.859874725,6.900215149
index,float,lookup,2,8191,0,0,9,6.962672445,6.974117934,7.182425833
index,float,lookup,2,8191,0,1,9,6.703241362,6.771151264,7.045079966
index,float,lookup,2,8191,1,0,9,6.730710536,6.790990111,6.944359663
index,float,lookup,2,8191,1,1,9,7.083994628,7.103833476,7.151141497
index,float,lookup,2,8191,2,0,9,6.773440361,6.807776828,6.845165425
index,float,lookup,2,8191,2,1,9,6.897814675,6.997771945,7.034397509
index,float,lookupApply,0,1024,0,0,9,9.527587891,9.564208984,10.7421875
index,float,lookupApply,0,1024,0,1,9,9.533691406,9.564208984,10.943603516
index,float,lookupApply,0,1024,1,0,9,9.527587891,9.539794922,11.029052734
index,float,lookupApply,0,1024,1,1,9,9.545898438,9.716796875,11.486816406
index,float,lookupApply,0,1024,2,0,9,9.515380859,9.576416016,12.939453125
index,float,lookupApply,0,1024,2,1,9,9.558105469,9.576416016,11.090087891
index,float,lookupApply,0,65536,0,0,9,16.773700714,16.796016693,16.816711426
index,float,lookupApply,0,65536,0,1,9,9.717082977,9.732437134,9.928894043
index,float,lookupApply,0,65536,1,0,9,9.725666046,9.751987457,9.780979156
index,float,lookupApply,0,65536,1,1,9,9.740924835,9.777450562,11.680412292
index,float,lookupApply,0,65536,2,0,9,9.725475311,9.745121002,9.768009186
index,float,lookupApply,0,65536,2,1,9,9.714126587,9.746646881,9.767246246
index,float,lookupApply,0,8191,0,0,9,9.724087413,9.82022952,10.342143816
index,float,lookupApply,0,8191,0,1,9,16.697442315,16.750854597,16.917195703
index,float,lookupApply,0,8191,1,0,9,9.72027225,9.850750824,9.933921377
index,float,lookupApply,0,8191,1,1,9,9.645495056,9.690513979,10.237608351
index,float,lookupApply,0,8191,2,0,9,9.710352826,9.730191674,9.813362227
index,float,lookupApply,0,8191,2,1,9,9.644732023,9.678305457,9.768343304
index,float,lookupApply,1,1024,0,0,9,9.613037109,9.625244141,10.64453125
index,float,lookupApply,1,1024,0,1,9,9.545898438,9.613037109,10.699462891
index,float,lookupApply,1,1024,1,0,9,9.503173828,9.545898438,10.974121094
index,float,lookupApply,1,1024,1,1,9,9.545898438,9.552001953,11.401367188
index,float,lookupApply,1,1024,2,0,9,9.576416016,9.588623047,10.906982422
index,float,lookupApply,1,1024,2,1,9,9.533691406,9.545898438,12.048339844
index,float,lookupApply,1,65536,0,0,9,16.520881653,16.790008545,16.806221008
index,float,lookupApply,1,65536,0,1,9,9.717464447,9.739112854,9.796905518
index,float,lookupApply,1,65536,1,0,9,9.723949432,9.7448349,9.763145447
index,float,lookupApply,1,65536,1,1,9,9.731197357,9.742069244,9.776592255
index,float,lookupApply,1,65536,2,0,9,9.730243683,9.746646881,9.761333466
index,float,lookupApply,1,65536,2,1,9,9.719753265,9.72661972,9.780597687
index,float,lookupApply,1,8191,0,0,9,9.678305457,9.711115859,10.384110609
index,float,lookupApply,1,8191,0,1,9,16.71651813,16.751617629,16.911854474
index,float,lookupApply,1,8191,1,0,9,9.689750946,9.743926261,10.544347455
index,float,lookupApply,1,8191,1,1,9,9.67906849,9.688987914,9.75842388
index,float,lookupApply,1,8191,2,0,9,9.706537663,9.737822,10.761048712
index,float,lookupApply,1,8191,2,1,9,9.650073251,9.668386033,9.798101575
index,float,lookupApply,2,1024,0,0,9,9.521484375,9.613037109,10.656738281
index,float,lookupApply,2,1024,0,1,9,9.527587891,9.576416016,10.546875
index,float,lookupApply,2,1024,1,0,9,9.509277344,9.545898438,10.198974609
index,float,lookupApply,2,1024,1,1,9,9.582519531,9.600830078,11.206054688
index,float,lookupApply,2,1024,2,0,9,9.527587891,9.588623047,10.162353516
index,float,lookupApply,2,1024,2,1,9,9.533691406,9.539794922,10.125732422
index,float,lookupApply,2,65536,0,0,9,9.753608704,9.805393219,16.795349121
index,float,lookupApply,2,65536,0,1,9,9.719181061,9.737205505,10.063552856
index,float,lookupApply,2,65536,1,0,9,9.719753265,9.731197357,9.823608398
index,float,lookupApply,2,65536,1,1,9,9.716033936,9.757709503,9.840869904
index,float,lookupApply,2,65536,2,0,9,9.717750549,9.731864929,9.748458862
index,float,lookupApply,2,65536,2,1,9,9.698963165,9.713935852,9.754085541
index,float,lookupApply,2,8191,0,0,9,9.639390795,9.724087413,10.224636796
index,float,lookupApply,2,8191,0,1,9,9.660755707,9.719509217,9.994963985
index,float,lookupApply,2,8191,1,0,9,9.709589794,9.749267489,10.295598828
index,float,lookupApply,2,8191,1,1,9,9.653125382,9.682883653,9.772921499
index,float,lookupApply,2,8191,2,0,9,9.735532902,9.748504456,10.417684043
index,float,lookupApply,2,8191,2,1,9,9.657703577,9.69661824,9.778262727
index,float,prepared,0,1024,0,0,9,2.160644531,2.172851562,2.178955078
index,float,prepared,0,1024,0,1,9,2.1484375,2.166748047,2.166748047
index,float,prepared,0,1024,1,0,9,2.130126953,2.136230469,2.178955078
index,float,prepared,0,1024,1,1,9,2.166748047,2.172851562,2.172851562
index,float,prepared,0,1024,2,0,9,2.130126953,2.142333984,3.540039062
index,float,prepared,0,1024,2,1,9,2.154541016,2.160644531,2.380371094
index,float,prepared,0,65536,0,0,9,3.694152832,3.701019287,3.716850281
index,float,prepared,0,65536,0,1,9,2.17924118,2.194786072,2.233886719
index,float,prepared,0,65536,1,0,9,2.157592773,2.161979675,2.186393738
index,float,prepared,0,65536,1,1,9,2.179527283,2.192020416,2.219200134
index,float,prepared,0,65536,2,0,9,2.156448364,2.163219452,2.168655396
index,float,prepared,0,65536,2,1,9,2.181053162,2.192306519,2.242565155
index,float,prepared,0,8191,0,0,9,2.129623978,2.131150043,2.271548041
index,float,prepared,0,8191,0,1,9,3.641954584,3.747253083,3.762513735
index,float,prepared,0,8191,1,0,9,2.131913075,2.132676108,2.611860579
index,float,prepared,0,8191,1,1,9,2.154041021,2.159382249,2.236448541
index,float,prepared,0,8191,2,0,9,2.131913075,2.137254304,2.389818093
index,float,prepared,0,8191,2,1,9,2.151751923,2.151751923,2.253235258
index,float,prepared,1,1024,0,0,9,2.142333984,2.166748047,3.259277344
index,float,prepared,1,1024,0,1,9,2.154541016,2.166748047,2.166748047
index,float,prepared,1,1024,1,0,9,2.130126953,2.136230469,2.935791016
index,float,prepared,1,1024,1,1,9,2.154541016,2.160644531,2.166748047
index,float,prepared,1,1024,2,0,9,2.142333984,2.142333984,3.344726562
index,float,prepared,1,1024,2,1,9,2.160644531,2.166748047,2.209472656
index,float,prepared,1,65536,0,0,9,3.685855865,3.701114655,3.710746765
index,float,prepared,1,65536,0,1,9,2.17962265,2.189350128,2.258968353
index,float,prepared,1,65536,1,0,9,2.179908752,2.187538147,2.210998535
index,float,prepared,1,65536,1,1,9,2.179527283,2.195835114,2.254295349
index,float,prepared,1,65536,2,0,9,2.179718018,2.195835114,2.216434479
index,float,prepared,1,65536,2,1,9,2.181053162,2.190113068,2.483558655
index,float,prepared,1,8191,0,0,9,2.153277988,2.160145281,2.336405811
index,float,prepared,1,8191,0,1,9,3.638139421,3.74954218,3.794561104
index,float,prepared,1,8191,1,0,9,2.153277988,2.154041021,2.371505311
index,float,prepared,1,8191,1,1,9,2.153277988,2.160145281,2.225766085
index,float,prepared,1,8191,2,0,9,2.151751923,2.154804053,2.240263704
index,float,prepared,1,8191,2,1,9,2.154041021,2.157856184,2.234159443
index,float,prepared,2,1024,0,0,9,2.130126953,2.142333984,2.142333984
index,float,prepared,2,1024,0,1,9,2.136230469,2.136230469,3.131103516
index,float,prepared,2,1024,1,0,9,2.136230469,2.1484375,2.1484375
index,float,prepared,2,1024,1,1,9,2.130126953,2.136230469,2.954101562
index,float,prepared,2,1024,2,0,9,2.136230469,2.136230469,2.142333984
index,float,prepared,2,1024,2,1,9,2.136230469,2.142333984,3.350830078
index,float,prepared,2,65536,0,0,9,3.691196442,3.704452515,3.714084625
index,float,prepared,2,65536,0,1,9,2.179431915,2.188396454,2.195262909
index,float,prepared,2,65536,1,0,9,2.181339264,2.190208435,2.202129364
index,float,prepared,2,65536,1,1,9,2.180671692,2.188205719,2.209091187
index,float,prepared,2,65536,2,0,9,2.177238464,2.186107635,2.208328247
index,float,prepared,2,65536,2,1,9,2.181720734,2.193546295,2.242469788
index,float,prepared,2,8191,0,0,9,2.153277988,2.167775607,2.277652301
index,float,prepared,2,8191,0,1,9,3.650347943,3.683921377,3.780826517
index,float,prepared,2,8191,1,0,9,2.153277988,2.160908314,2.22729215
index,float,prepared,2,8191,1,1,9,2.153277988,2.154041021,2.385239897
index,float,prepared,2,8191,2,0,9,2.153277988,2.160145281,2.231870346
index,float,prepared,2,8191,2,1,9,2.152514955,2.158619216,2.340984007
index,float,vienot,0,1024,0,0,9,1.055908203,1.062011719,2.5390625
index,float,vienot,0,1024,0,1,9,1.068115234,1.07421875,1.135253906
index,float,vienot,0,1024,1,0,9,1.062011719,1.062011719,2.093505859
index,float,vienot,0,1024,1,1,9,1.068115234,1.068115234,1.07421875
index,float,vienot,0,1024,2,0,9,1.062011719,1.062011719,1.068115234
index,float,vienot,0,1024,2,1,9,1.068115234,1.068115234,1.080322266
index,float,vienot,0,65536,0,0,9,1.528358459,1.540088654,1.553726196
index,float,vienot,0,65536,0,1,9,1.088619232,1.101779938,1.138305664
index,float,vienot,0,65536,1,0,9,1.075077057,1.084518433,1.10206604
index,float,vienot,0,65536,1,1,9,1.087188721,1.09577179,1.124286652
index,float,vienot,0,65536,2,0,9,1.074981689,1.083660126,1.093959808
index,float,vienot,0,65536,2,1,9,1.088809967,1.10168457,1.109218597
index,float,vienot,0,8191,0,0,9,1.059852277,1.060615309,1.217036992
index,float,vienot,0,8191,0,1,9,1.510041509,1.531406422,1.63365279
index,float,vienot,0,8191,1,0,9,1.059852277,1.061378342,1.205591503
index,float,vienot,0,8191,1,1,9,1.076638994,1.078928092,1.172018069
index,float,vienot,0,8191,2,0,9,1.060615309,1.062141375,1.194146014
index,float,vienot,0,8191,2,1,9,1.078165059,1.078928092,1.178122329
index,float,vienot,1,1024,0,0,9,1.055908203,1.062011719,1.068115234
index,float,vienot,1,1024,0,1,9,1.068115234,1.07421875,1.080322266
index,float,vienot,1,1024,1,0,9,1.055908203,1.062011719,1.062011719
index,float,vienot,1,1024,1,1,9,1.068115234,1.07421875,1.07421875
index,float,vienot,1,1024,2,0,9,1.049804688,1.062011719,1.068115234
index,float,vienot,1,1024,2,1,9,1.068115234,1.07421875,1.080322266
index,float,vienot,1,65536,0,0,9,1.526260376,1.536846161,1.551246643
index,float,vienot,1,65536,0,1,9,1.093578339,1.094436646,1.112556458
index,float,vienot,1,65536,1,0,9,1.094150543,1.10502243,1.121902466
index,float,vienot,1,65536,1,1,9,1.093864441,1.094722748,1.105499268
index,float,vienot,1,65536,2,0,9,1.092720032,1.094055176,1.127529144
index,float,vienot,1,65536,2,1,9,1.093578339,1.09500885,1.127624512
index,float,vienot,1,8191,0,0,9,1.077402027,1.078928092,1.152942254
index,float,vienot,1,8191,0,1,9,1.510804542,1.513856672,1.674093517
index,float,vienot,1,8191,1,0,9,1.078928092,1.079691124,1.247558296
index,float,vienot,1,8191,1,1,9,1.069008668,1.078928092,1.204065438
index,float,vienot,1,8191,2,0,9,1.077402027,1.078928092,1.268923208
index,float,vienot,1,8191,2,1,9,1.077402027,1.078928092,1.210169698
lookup,double,lookup,0,1024,0,0,9,8.361816406,8.380126953,9.442138672
lookup,double,lookup,0,1024,0,1,9,8.374023438,8.386230469,9.490966797
lookup,double,lookup,0,1024,1,0,9,8.392333984,8.3984375,9.704589844
lookup,double,lookup,0,1024,1,1,9,8.392333984,8.3984375,10.931396484
lookup,double,lookup,0,1024,2,0,9,8.386230469,8.404541016,9.765625
lookup,double,lookup,0,1024,2,1,9,8.392333984,8.3984375,9.014892578
lookup,double,lookup,0,65536,0,0,9,8.57629776,8.606433868,8.656692505
lookup,double,lookup,0,65536,0,1,9,8.549118042,8.57257843,8.716392517
lookup,double,lookup,0,65536,1,0,9,8.562469482,8.582019806,8.633518219
lookup,double,lookup,0,65536,1,1,9,8.557796478,8.608055115,8.76121521
lookup,double,lookup,0,65536,2,0,9,8.554840088,8.599472046,8.720874786
lookup,double,lookup,0,65536,2,1,9,8.548164368,8.580303192,8.641147614
lookup,double,lookup,0,8191,0,0,9,8.500183128,8.597088268,10.944939568
lookup,double,lookup,0,8191,0,1,9,8.535282627,8.608533757,8.806159199
lookup,double,lookup,0,8191,1,0,9,8.508576486,8.55359541,10.715266756
lookup,double,lookup,0,8191,1,1,9,8.522311073,8.623031376,8.89161885
lookup,double,lookup,0,8191,2,0,9,8.549780247,8.632187767,10.368849957
lookup,double,lookup,0,8191,2,1,9,8.531467464,8.604718594,8.810737395
lookup,double,lookup,1,1024,0,0,9,8.374023438,8.386230469,9.393310547
lookup,double,lookup,1,1024,0,1,9,8.374023438,8.386230469,9.619140625
lookup,double,lookup,1,1024,1,0,9,8.374023438,8.380126953,8.947753906
lookup,double,lookup,1,1024,1,1,9,8.386230469,8.392333984,13.385009766
lookup,double,lookup,1,1024,2,0,9,8.386230469,8.392333984,8.923339844
lookup,double,lookup,1,1024,2,1,9,8.380126953,8.404541016,9.655761719
lookup,double,lookup,1,65536,0,0,9,8.568668365,8.593273163,8.650016785
lookup,double,lookup,1,65536,0,1,9,8.535480499,8.577919006,9.220123291
lookup,double,lookup,1,65536,1,0,9,8.568477631,8.583450317,8.633708954
lookup,double,lookup,1,65536,1,1,9,8.557605743,8.61158371,8.632183075
lookup,double,lookup,1,65536,2,0,9,8.556938171,8.588409424,8.662796021
lookup,double,lookup,1,65536,2,1,9,8.541202545,8.569049835,8.629322052
lookup,double,lookup,1,8191,0,0,9,8.530704432,8.622268343,8.779453058
lookup,double,lookup,1,8191,0,1,9,8.546728116,8.678732755,10.713740691
lookup,double,lookup,1,8191,1,0,9,8.500183128,8.51544378,8.749694787
lookup,double,lookup,1,8191,1,1,9,8.575723355,8.706964962,10.568001465
lookup,double,lookup,1,8191,2,0,9,8.552069344,8.63600293,8.822945916
lookup,double,lookup,1,8191,2,1,9,8.53909779,8.574960322,10.888475156
lookup,double,lookup,2,1024,0,0,9,8.447265625,8.465576172,9.545898438
lookup,double,lookup,2,1024,0,1,9,8.386230469,8.3984375,9.564208984
lookup,double,lookup,2,1024,1,0,9,8.380126953,8.386230469,10.046386719
lookup,double,lookup,2,1024,1,1,9,8.374023438,8.380126953,9.338378906
lookup,double,lookup,2,1024,2,0,9,8.392333984,8.404541016,10.296630859
lookup,double,lookup,2,1024,2,1,9,8.392333984,8.3984375,11.199951172
lookup,double,lookup,2,65536,0,0,9,8.568096161,8.582210541,8.605670929
lookup,double,lookup,2,65536,0,1,9,8.553314209,8.581924438,8.720588684
lookup,double,lookup,2,65536,1,0,9,8.555412292,8.602809906,8.709144592
lookup,double,lookup,2,65536,1,1,9,8.570575714,8.594417572,8.68139267
lookup,double,lookup,2,65536,2,0,9,8.550262451,8.57257843,8.644962311
lookup,double,lookup,2,65536,2,1,9,8.551502228,8.611774445,8.74376297
lookup,double,lookup,2,8191,0,0,9,8.496367965,8.552832377,8.71841045
lookup,double,lookup,2,8191,0,1,9,8.609296789,8.701623733,8.874832133
lookup,double,lookup,2,8191,1,0,9,8.502472226,8.513154682,8.587931876
lookup,double,lookup,2,8191,1,1,9,8.520021975,8.632187767,8.95342449
lookup,double,lookup,2,8191,2,0,9,8.542149921,8.628372604,9.12663289
lookup,double,lookup,2,8191,2,1,9,8.610059822,8.702386766,9.02667562
lookup,float,lookup,0,1024,0,0,9,7.012939453,7.019042969,9.027099609
lookup,float,lookup,0,1024,0,1,9,6.701660156,6.707763672,7.672119141
lookup,float,lookup,0,1024,1,0,9,7.006835938,7.025146484,8.050537109
lookup,float,lookup,0,1024,1,1,9,7.000732422,7.006835938,8.764648438
lookup,float,lookup,0,1024,2,0,9,7.000732422,7.012939453,7.916259766
lookup,float,lookup,0,1024,2,1,9,6.689453125,6.713867188,7.281494141
lookup,float,lookup,0,65536,0,0,9,6.804847717,6.869888306,6.947994232
lookup,float,lookup,0,65536,0,1,9,7.123279572,7.140731812,7.198238373
lookup,float,lookup,0,65536,1,0,9,6.805229187,6.842803955,6.933307648
lookup,float,lookup,0,65536,1,1,9,7.123565674,7.166862488,7.25107193
lookup,float,lookup,0,65536,2,0,9,7.118606567,7.132148743,7.243728638
lookup,float,lookup,0,65536,2,1,9,6.806564331,6.832790375,7.005786896
lookup,float,lookup,0,8191,0,0,9,7.012269564,7.185477964,7.565468197
lookup,float,lookup,0,8191,0,1,9,7.033634477,7.105359541,7.166402149
lookup,float,lookup,0,8191,1,0,9,6.767336101,6.800909535,7.152667562
lookup,float,lookup,0,8191,1,1,9,6.998534977,7.080942498,7.229733854
lookup,float,lookup,0,8191,2,0,9,6.724606275,6.904681968,7.032108412
lookup,float,lookup,0,8191,2,1,9,6.742156025,6.790990111,6.832193871
lookup,float,lookup,1,1024,0,0,9,7.000732422,7.006835938,9.899902344
lookup,float,lookup,1,1024,0,1,9,6.707763672,6.713867188,7.708740234
lookup,float,lookup,1,1024,1,0,9,6.994628906,7.025146484,7.641601562
lookup,float,lookup,1,1024,1,1,9,6.994628906,7.006835938,7.580566406
lookup,float,lookup,1,1024,2,0,9,6.982421875,7.019042969,9.27734375
lookup,float,lookup,1,1024,2,1,9,6.787109375,6.805419922,12.255859375
lookup,float,lookup,1,65536,0,0,9,6.832885742,6.853485107,6.896018982
lookup,float,lookup,1,65536,0,1,9,7.114887238,7.148361206,7.361125946
lookup,float,lookup,1,65536,1,0,9,6.809806824,6.841278076,6.917095184
lookup,float,lookup,1,65536,1,1,9,7.121372223,7.141590118,7.188510895
lookup,float,lookup,1,65536,2,0,9,7.108592987,7.129478455,7.197570801
lookup,float,lookup,1,65536,2,1,9,6.810855865,6.830406189,6.858444214
lookup,float,lookup,1,8191,0,0,9,6.99929801,7.148852399,7.341899646
lookup,float,lookup,1,8191,0,1,9,7.007691369,7.103833476,7.206079844
lookup,float,lookup,1,8191,1,0,9,6.707056525,6.794042241,6.933677207
lookup,float,lookup,1,8191,1,1,9,7.011506532,7.080942498,7.25796606
lookup,float,lookup,1,8191,2,0,9,6.713160786,6.807776828,6.871108534
lookup,float,lookup,1,8191,2,1,9,6.749786351,6.819222317,6.947411793
lookup,float,lookup,2,1024,0,0,9,6.994628906,7.037353516,8.142089844
lookup,float,lookup,2,1024,0,1,9,6.719970703,6.726074219,8.215332031
lookup,float,lookup,2,1024,1,0,9,6.982421875,7.006835938,8.740234375
lookup,float,lookup,2,1024,1,1,9,6.988525391,7.000732422,8.221435547
lookup,float,lookup,2,1024,2,0,9,7.000732422,7.025146484,9.674072266
lookup,float,lookup,2,1024,2,1,9,6.707763672,6.726074219,8.508300781
lookup,float,lookup,2,65536,0,0,9,6.809806824,6.829929352,6.885719299
lookup,float,lookup,2,65536,0,1,9,7.120323181,7.128715515,7.164096832
lookup,float,lookup,2,65536,1,0,9,6.798362732,6.826019287,6.925582886
lookup,float,lookup,2,65536,1,1,9,7.130336761,7.148838043,7.182598114
lookup,float,lookup,2,65536,2,0,9,7.12184906,7.131290436,7.183456421
lookup,float,lookup,2,65536,2,1,9,6.810188293,6.828689575,6.939983368
lookup,float,lookup,2,8191,0,0,9,7.017610792,7.14045904,7.203790746
lookup,float,lookup,2,8191,0,1,9,7.033634477,7.109174704,7.252624832
lookup,float,lookup,2,8191,1,0,9,6.701715297,6.77878159,6.956568185
lookup,float,lookup,2,8191,1,1,9,7.026004151,7.119094128,7.264833354
lookup,float,lookup,2,8191,2,0,9,6.715449884,6.793279209,6.833719937
lookup,float,lookup,2,8191,2,1,9,6.755890612,6.81998535,6.908497131
prepared,double,prepared,0,1024,0,0,9,1.898193359,1.910400391,3.070068359
prepared,double,prepared,0,1024,0,1,9,1.885986328,1.892089844,1.892089844
prepared,double,prepared,0,1024,1,0,9,1.904296875,1.910400391,1.922607422
prepared,double,prepared,0,1024,1,1,9,1.885986328,1.885986328,1.892089844
prepared,double,prepared,0,1024,2,0,9,1.873779297,1.879882812,1.879882812
prepared,double,prepared,0,1024,2,1,9,1.885986328,1.904296875,1.940917969
prepared,double,prepared,0,65536,0,0,9,1.929855347,1.956272125,1.977920532
prepared,double,prepared,0,65536,0,1,9,1.94234848,1.955795288,1.965236664
prepared,double,prepared,0,65536,1,0,9,1.928329468,1.962947845,1.992034912
prepared,double,prepared,0,65536,1,1,9,1.927471161,1.957607269,1.979923248
prepared,double,prepared,0,65536,2,0,9,1.919555664,1.948165894,1.994609833
prepared,double,prepared,0,65536,2,1,9,1.93195343,1.944541931,1.977539062
prepared,double,prepared,0,8191,0,0,9,1.866377732,1.873245025,2.148699792
prepared,double,prepared,0,8191,0,1,9,1.929709437,1.948785252,2.13038701
prepared,double,prepared,0,8191,1,0,9,1.860273471,1.88926871,2.090709315
prepared,double,prepared,0,8191,1,1,9,1.901477231,1.93047247,4.202783543
prepared,double,prepared,0,8191,2,0,9,1.902240264,1.908344524,1.987699915
prepared,double,prepared,0,8191,2,1,9,1.899951166,1.921316079,2.174642901
prepared,double,prepared,1,1024,0,0,9,1.892089844,1.898193359,1.904296875
prepared,double,prepared,1,1024,0,1,9,1.892089844,1.898193359,3.424072266
prepared,double,prepared,1,1024,1,0,9,1.898193359,1.910400391,2.655029297
prepared,double,prepared,1,1024,1,1,9,1.885986328,1.892089844,1.898193359
prepared,double,prepared,1,1024,2,0,9,1.879882812,1.885986328,1.885986328
prepared,double,prepared,1,1024,2,1,9,1.879882812,1.885986328,1.892089844
prepared,double,prepared,1,65536,0,0,9,1.946926117,1.963710785,1.969242096
prepared,double,prepared,1,65536,0,1,9,1.950263977,1.970863342,1.995563507
prepared,double,prepared,1,65536,1,0,9,1.94683075,1.954555511,1.979064941
prepared,double,prepared,1,65536,1,1,9,1.930999756,1.948451996,2.026844025
prepared,double,prepared,1,65536,2,0,9,1.938819885,1.947021484,1.968002319
prepared,double,prepared,1,65536,2,1,9,1.932621002,1.948833466,1.95608139
prepared,double,prepared,1,8191,0,0,9,1.899188133,1.909107557,4.091380784
prepared,double,prepared,1,8191,0,1,9,1.868666829,1.870955927,2.021273349
prepared,double,prepared,1,8191,1,0,9,1.894609938,1.900714199,4.006684166
prepared,double,prepared,1,8191,1,1,9,1.870955927,1.876297155,2.199059944
prepared,double,prepared,1,8191,2,0,9,1.923605176,1.956415578,4.166921011
prepared,double,prepared,1,8191,2,1,9,1.885453547,1.891557807,2.272311073
prepared,double,prepared,2,1024,0,0,9,1.898193359,1.898193359,1.910400391
prepared,double,prepared,2,1024,0,1,9,1.849365234,1.885986328,1.892089844
prepared,double,prepared,2,1024,1,0,9,1.885986328,1.892089844,1.898193359
prepared,double,prepared,2,1024,1,1,9,1.837158203,1.885986328,3.692626953
prepared,double,prepared,2,1024,2,0,9,1.879882812,1.885986328,2.557373047
prepared,double,prepared,2,1024,2,1,9,1.85546875,1.885986328,3.564453125
prepared,double,prepared,2,65536,0,0,9,1.95016861,1.955986023,1.963996887
prepared,double,prepared,2,65536,0,1,9,1.93901062,1.960277557,2.196407318
prepared,double,prepared,2,65536,1,0,9,1.930904388,1.967430115,1.98469162
prepared,double,prepared,2,65536,1,1,9,1.917457581,1.938915253,2.153396606
prepared,double,prepared,2,65536,2,0,9,1.92527771,1.94978714,1.969623566
prepared,double,prepared,2,65536,2,1,9,1.926040649,1.960468292,2.121925354
prepared,double,prepared,2,8191,0,0,9,1.906818459,1.912159687,2.097576608
prepared,double,prepared,2,8191,0,1,9,1.860273471,1.880875351,2.070870468
prepared,double,prepared,2,8191,1,0,9,1.903766329,1.95107435,2.131913075
prepared,double,prepared,2,8191,1,1,9,1.832804297,1.873245025,2.400500549
prepared,double,prepared,2,8191,2,0,9,1.921316079,1.922079111,2.166249542
prepared,double,prepared,2,8191,2,1,9,1.867903797,1.885453547,2.476040776
prepared,float,prepared,0,1024,0,0,9,2.056884766,2.081298828,3.472900391
prepared,float,prepared,0,1024,0,1,9,2.130126953,2.136230469,2.142333984
prepared,float,prepared,0,1024,1,0,9,2.05078125,2.075195312,2.081298828
prepared,float,prepared,0,1024,1,1,9,2.130126953,2.142333984,2.770996094
prepared,float,prepared,0,1024,2,0,9,2.056884766,2.075195312,2.081298828
prepared,float,prepared,0,1024,2,1,9,2.130126953,2.136230469,2.142333984
prepared,float,prepared,0,65536,0,0,9,2.17628479,2.195167542,2.377605438
prepared,float,prepared,0,65536,0,1,9,2.180480957,2.18963623,2.207565308
prepared,float,prepared,0,65536,1,0,9,2.159118652,2.163982391,4.527282715
prepared,float,prepared,0,65536,1,1,9,2.179813385,2.1900177,2.204704285
prepared,float,prepared,0,65536,2,0,9,2.137374878,2.1900177,2.239704132
prepared,float,prepared,0,65536,2,1,9,2.181148529,2.192306519,2.289962769
prepared,float,prepared,0,8191,0,0,9,2.0716335,2.072396533,2.44475644
prepared,float,prepared,0,8191,0,1,9,2.153277988,2.160145281,2.733182762
prepared,float,prepared,0,8191,1,0,9,2.070107435,2.081552924,2.405841778
prepared,float,prepared,0,8191,1,1,9,2.152514955,2.154041021,2.698083262
prepared,float,prepared,0,8191,2,0,9,2.069344402,2.076974728,2.234922476
prepared,float,prepared,0,8191,2,1,9,2.155567086,2.164723477,3.062049811
prepared,float,prepared,1,1024,0,0,9,2.081298828,2.081298828,2.087402344
prepared,float,prepared,1,1024,0,1,9,2.136230469,2.142333984,3.717041016
prepared,float,prepared,1,1024,1,0,9,2.075195312,2.075195312,3.887939453
prepared,float,prepared,1,1024,1,1,9,2.136230469,2.142333984,2.191162109
prepared,float,prepared,1,1024,2,0,9,2.069091797,2.075195312,2.117919922
prepared,float,prepared,1,1024,2,1,9,2.136230469,2.142333984,2.154541016
prepared,float,prepared,1,65536,0,0,9,2.157211304,2.168083191,2.181625366
prepared,float,prepared,1,65536,0,1,9,2.179908752,2.194690704,2.215480804
prepared,float,prepared,1,65536,1,0,9,2.157497406,2.167034149,2.181243896
prepared,float,prepared,1,65536,1,1,9,2.181339264,2.191925049,2.233791351
prepared,float,prepared,1,65536,2,0,9,2.156162262,2.163314819,2.209758759
prepared,float,prepared,1,65536,2,1,9,2.178955078,2.189445496,2.223777771
prepared,float,prepared,1,8191,0,0,9,2.070870468,2.0716335,2.474514711
prepared,float,prepared,1,8191,0,1,9,2.152514955,2.153277988,2.370742278
prepared,float,prepared,1,8191,1,0,9,2.06858137,2.074685631,2.315803931
prepared,float,prepared,1,8191,1,1,9,2.154041021,2.155567086,2.36234892
prepared,float,prepared,1,8191,2,0,9,2.070870468,2.094524478,2.237211574
prepared,float,prepared,1,8191,2,1,9,2.151751923,2.154804053,2.384476865
prepared,float,prepared,2,1024,0,0,9,2.081298828,2.081298828,2.087402344
prepared,float,prepared,2,1024,0,1,9,2.130126953,2.136230469,2.142333984
prepared,float,prepared,2,1024,1,0,9,2.069091797,2.075195312,2.081298828
prepared,float,prepared,2,1024,1,1,9,2.136230469,2.142333984,3.570556641
prepared,float,prepared,2,1024,2,0,9,2.069091797,2.075195312,2.9296875
prepared,float,prepared,2,1024,2,1,9,2.136230469,2.142333984,3.845214844
prepared,float,prepared,2,65536,0,0,9,2.157688141,2.166461945,2.177715302
prepared,float,prepared,2,65536,0,1,9,2.178668976,2.192401886,2.210426331
prepared,float,prepared,2,65536,1,0,9,2.158260345,2.167606354,2.179336548
prepared,float,prepared,2,65536,1,1,9,2.181911469,2.188968658,2.200984955
prepared,float,prepared,2,65536,2,0,9,2.156066895,2.166080475,2.18000412
prepared,float,prepared,2,65536,2,1,9,2.179527283,2.189731598,2.196979523
prepared,float,prepared,2,8191,0,0,9,2.06858137,2.070107435,2.221187889
prepared,float,prepared,2,8191,0,1,9,2.157093151,2.158619216,2.516481504
prepared,float,prepared,2,8191,1,0,9,2.070107435,2.0716335,2.150225858
prepared,float,prepared,2,8191,1,1,9,2.151751923,2.153277988,2.525637895
prepared,float,prepared,2,8191,2,0,9,2.070870468,2.072396533,2.279178366
prepared,float,prepared,2,8191,2,1,9,2.155567086,2.156330118,2.40660481
reference,double,brettel,0,1024,0,0,9,3.778076172,3.784179688,3.790283203
reference,double,brettel,0,1024,0,1,9,3.778076172,3.784179688,4.742431641
reference,double,brettel,0,1024,1,0,9,3.771972656,3.778076172,3.784179688
reference,double,brettel,0,1024,1,1,9,3.771972656,3.778076172,5.059814453
reference,double,brettel,0,1024,2,0,9,3.778076172,3.784179688,3.833007812
reference,double,brettel,0,1024,2,1,9,3.771972656,3.784179688,4.125976562
reference,double,brettel,0,65536,0,0,9,3.861427307,3.870677948,3.881549835
reference,double,brettel,0,65536,0,1,9,3.858184814,3.865146637,3.874492645
reference,double,brettel,0,65536,1,0,9,3.861713409,3.879451752,3.932189941
reference,double,brettel,0,65536,1,1,9,3.858566284,3.87544632,3.903579712
reference,double,brettel,0,65536,2,0,9,3.85055542,3.865718842,3.950214386
reference,double,brettel,0,65536,2,1,9,3.861808777,3.875160217,3.894138336
reference,double,brettel,0,8191,0,0,9,3.797613234,3.828897571,3.909015993
reference,double,brettel,0,8191,0,1,9,3.78464168,3.80524356,4.527835429
reference,double,brettel,0,8191,1,0,9,3.78464168,3.855603711,3.930380906
reference,double,brettel,0,8191,1,1,9,3.819741179,3.897570504,4.482816506
reference,double,brettel,0,8191,2,0,9,3.783115615,3.826608473,3.963191308
reference,double,brettel,0,8191,2,1,9,3.780063484,3.865523135,4.366835551
reference,double,brettel,1,1024,0,0,9,3.778076172,3.784179688,4.840087891
reference,double,brettel,1,1024,0,1,9,3.778076172,3.784179688,3.790283203
reference,double,brettel,1,1024,1,0,9,3.771972656,3.778076172,10.089111328
reference,double,brettel,1,1024,1,1,9,3.765869141,3.778076172,5.17578125
reference,double,brettel,1,1024,2,0,9,3.778076172,3.784179688,5.072021484
reference,double,brettel,1,1024,2,1,9,3.778076172,3.784179688,5.682373047
reference,double,brettel,1,65536,0,0,9,3.854560852,3.875923157,3.900527954
reference,double,brettel,1,65536,0,1,9,3.857326508,3.870677948,3.882312775
reference,double,brettel,1,65536,1,0,9,3.858661652,3.882789612,3.887748718
reference,double,brettel,1,65536,1,1,9,3.859424591,3.87096405,3.909015656
reference,double,brettel,1,65536,2,0,9,3.855514526,3.865432739,3.90958786
reference,double,brettel,1,65536,2,1,9,3.860664368,3.869342804,3.909873962
reference,double,brettel,1,8191,0,0,9,3.78158955,3.858655842,3.967769503
reference,double,brettel,1,8191,0,1,9,3.789219875,3.800665364,3.959376145
reference,double,brettel,1,8191,1,0,9,3.782352582,3.862471005,3.977688927
reference,double,brettel,1,8191,1,1,9,3.782352582,3.809821756,3.990660481
reference,double,brettel,1,8191,2,0,9,3.829660603,3.88765108,4.016603589
reference,double,brettel,1,8191,2,1,9,3.788456843,3.853314614,3.939537297
reference,double,brettel,2,1024,0,0,9,3.80859375,3.814697266,3.820800781
reference,double,brettel,2,1024,0,1,9,3.778076172,3.784179688,4.772949219
reference,double,brettel,2,1024,1,0,9,3.802490234,3.814697266,20.397949219
reference,double,brettel,2,1024,1,1,9,3.765869141,3.778076172,3.796386719
reference,double,brettel,2,1024,2,0,9,3.80859375,3.814697266,3.869628906
reference,double,brettel,2,1024,2,1,9,3.784179688,3.790283203,5.072021484
reference,double,brettel,2,65536,0,0,9,3.861999512,3.877544403,3.897762299
reference,double,brettel,2,65536,0,1,9,3.859043121,3.869915009,3.901576996
reference,double,brettel,2,65536,1,0,9,3.848266602,3.870391846,3.887367249
reference,double,brettel,2,65536,1,1,9,3.864765167,3.8813591,3.902626038
reference,double,brettel,2,65536,2,0,9,3.834915161,3.852272034,3.883361816
reference,double,brettel,2,65536,2,1,9,3.859901428,3.873825073,3.894329071
reference,double,brettel,2,8191,0,0,9,3.785404712,3.861707972,3.911305091
reference,double,brettel,2,8191,0,1,9,3.817452082,3.836527896,4.005921133
reference,double,brettel,2,8191,1,0,9,3.785404712,3.863234037,3.876205592
reference,double,brettel,2,8191,1,1,9,3.78158955,3.809058723,4.124191185
reference,double,brettel,2,8191,2,0,9,3.780063484,3.873153461,3.979978025
reference,double,brettel,2,8191,2,1,9,3.783878647,3.810584788,3.934196069
reference,double,lookup,0,1024,0,0,9,8.386230469,8.404541016,9.460449219
reference,double,lookup,0,1024,0,1,9,8.3984375,8.404541016,10.961914062
reference,double,lookup,0,1024,1,0,9,8.380126953,8.386230469,10.015869141
reference,double,lookup,0,1024,1,1,9,8.3984375,8.404541016,9.600830078
reference,double,lookup,0,1024,2,0,9,8.502197266,8.508300781,10.028076172
reference,double,lookup,0,1024,2,1,9,8.3984375,8.410644531,9.075927734
reference,double,lookup,0,65536,0,0,9,8.565044403,8.576202393,8.665084839
reference,double,lookup,0,65536,0,1,9,8.538722992,8.578586578,8.680915833
reference,double,lookup,0,65536,1,0,9,8.541679382,8.572387695,8.708000183
reference,double,lookup,0,65536,1,1,9,8.541965485,8.562755585,8.674430847
reference,double,lookup,0,65536,2,0,9,8.543586731,8.561706543,8.588218689
reference,double,lookup,0,65536,2,1,9,8.539962769,8.562850952,8.596420288
reference,double,lookup,0,8191,0,0,9,8.531467464,8.61540105,8.896960078
reference,double,lookup,0,8191,0,1,9,8.491789769,8.586405811,8.780216091
reference,double,lookup,0,8191,1,0,9,8.526126236,8.547491149,8.703149799
reference,double,lookup,0,8191,1,1,9,8.523837138,8.571908192,8.803870101
reference,double,lookup,0,8191,2,0,9,8.516206812,8.816078623,9.293737028
reference,double,lookup,0,8191,2,1,9,8.511628617,8.526889269,8.710017092
reference,double,lookup,1,1024,0,0,9,8.392333984,8.3984375,9.930419922
reference,double,lookup,1,1024,0,1,9,8.367919922,8.380126953,9.655761719
reference,double,lookup,1,1024,1,0,9,8.380126953,8.392333984,9.942626953
reference,double,lookup,1,1024,1,1,9,8.3984375,8.410644531,9.735107422
reference,double,lookup,1,1024,2,0,9,8.374023438,8.392333984,10.656738281
reference,double,lookup,1,1024,2,1,9,8.367919922,8.374023438,9.484863281
reference,double,lookup,1,65536,0,0,9,8.546924591,8.603954315,8.741092682
reference,double,lookup,1,65536,0,1,9,8.553504944,8.577823639,8.635234833
reference,double,lookup,1,65536,1,0,9,8.544158936,8.589553833,8.738517761
reference,double,lookup,1,65536,1,1,9,8.545303345,8.567714691,8.69808197
reference,double,lookup,1,65536,2,0,9,8.545780182,8.574867249,8.685684204
reference,double,lookup,1,65536,2,1,9,8.51764679,8.564472198,8.613491058
reference,double,lookup,1,8191,0,0,9,8.524600171,8.591747039,8.664998169
reference,double,lookup,1,8191,0,1,9,8.475003052,8.537571725,8.708491027
reference,double,lookup,1,8191,1,0,9,8.516969845,8.527652301,8.599377365
reference,double,lookup,1,8191,1,1,9,8.513154682,8.560462703,8.846599927
reference,double,lookup,1,8191,2,0,9,8.530704432,8.590984007,8.917561958
reference,double,lookup,1,8191,2,1,9,8.508576486,8.548254181,8.779453058
reference,double,lookup,2,1024,0,0,9,8.471679688,8.483886719,9.606933594
reference,double,lookup,2,1024,0,1,9,8.380126953,8.392333984,9.924316406
reference,double,lookup,2,1024,1,0,9,8.386230469,8.3984375,9.704589844
reference,double,lookup,2,1024,1,1,9,8.392333984,8.3984375,10.864257812
reference,double,lookup,2,1024,2,0,9,8.380126953,8.386230469,9.887695312
reference,double,lookup,2,1024,2,1,9,8.502197266,8.520507812,10.229492188
reference,double,lookup,2,65536,0,0,9,8.552360535,8.579826355,8.771705627
reference,double,lookup,2,65536,0,1,9,8.543968201,8.588886261,8.704280853
reference,double,lookup,2,65536,1,0,9,8.543872833,8.571052551,8.589744568
reference,double,lookup,2,65536,1,1,9,8.542633057,8.555793762,8.639335632
reference,double,lookup,2,65536,2,0,9,8.561038971,8.588886261,8.645343781
reference,double,lookup,2,65536,2,1,9,8.533096313,8.568763733,8.72964859
reference,double,lookup,2,8191,0,0,9,8.478818215,8.55969967,8.768007569
reference,double,lookup,2,8191,0,1,9,8.607007691,8.657367843,8.928244415
reference,double,lookup,2,8191,1,0,9,8.491026737,8.583353681,9.181571237
reference,double,lookup,2,8191,1,1,9,8.51544378,8.688652179,9.033542913
reference,double,lookup,2,8191,2,0,9,8.514680747,8.536808692,8.730618972
reference,double,lookup,2,8191,2,1,9,8.576486387,8.603955561,9.219722867
reference,double,lookupApply,0,1024,0,0,9,11.364746094,11.376953125,12.481689453
reference,double,lookupApply,0,1024,0,1,9,11.389160156,11.395263672,12.554931641
reference,double,lookupApply,0,1024,1,0,9,11.376953125,11.401367188,12.030029297
reference,double,lookupApply,0,1024,1,1,9,11.383056641,11.401367188,12.152099609
reference,double,lookupApply,0,1024,2,0,9,11.389160156,11.401367188,12.103271484
reference,double,lookupApply,0,1024,2,1,9,11.389160156,11.401367188,13.415527344
reference,double,lookupApply,0,65536,0,0,9,11.593818665,11.612987518,11.651515961
reference,double,lookupApply,0,65536,0,1,9,11.629867554,11.653327942,11.759567261
reference,double,lookupApply,0,65536,1,0,9,11.634635925,11.647033691,11.664867401
reference,double,lookupApply,0,65536,1,1,9,11.633586884,11.654663086,11.744976044
reference,double,lookupApply,0,65536,2,0,9,11.627388,11.642742157,11.767292023
reference,double,lookupApply,0,65536,2,1,9,11.627197266,11.64264679,11.733818054
reference,double,lookupApply,0,8191,0,0,9,11.546209254,11.682792089,12.26193383
reference,double,lookupApply,0,8191,0,1,9,11.538578928,11.680502991,11.915517031
reference,double,lookupApply,0,8191,1,0,9,11.543920156,11.625564644,12.55875351
reference,double,lookupApply,0,8191,1,1,9,11.59504334,11.663716274,11.796483946
reference,double,lookupApply,0,8191,2,0,9,11.525607374,11.599621536,12.251251373
reference,double,lookupApply,0,8191,2,1,9,11.486692712,11.57138933,11.626327677
reference,double,lookupApply,1,1024,0,0,9,11.358642578,11.370849609,12.451171875
reference,double,lookupApply,1,1024,0,1,9,11.383056641,11.395263672,14.379882812
reference,double,lookupApply,1,1024,1,0,9,11.395263672,11.401367188,12.835693359
reference,double,lookupApply,1,1024,1,1,9,11.389160156,11.401367188,12.036132812
reference,double,lookupApply,1,1024,2,0,9,11.395263672,11.413574219,12.036132812
reference,double,lookupApply,1,1024,2,1,9,11.376953125,11.419677734,12.957763672
reference,double,lookupApply,1,65536,0,0,9,11.581802368,11.596488953,11.610507965
reference,double,lookupApply,1,65536,0,1,9,11.625289917,11.653709412,11.68756485
reference,double,lookupApply,1,65536,1,0,9,11.628341675,11.646080017,11.742973328
reference,double,lookupApply,1,65536,1,1,9,11.629676819,11.63892746,11.701393127
reference,double,lookupApply,1,65536,2,0,9,11.620998383,11.630821228,11.678409576
reference,double,lookupApply,1,65536,2,1,9,11.626052856,11.647033691,11.685657501
reference,double,lookupApply,1,8191,0,0,9,11.55078745,11.669057502,11.776645098
reference,double,lookupApply,1,8191,0,1,9,11.572915395,11.68889635,11.783512392
reference,double,lookupApply,1,8191,1,0,9,11.517977048,11.601910634,11.620986449
reference,double,lookupApply,1,8191,1,1,9,11.526370407,11.624038579,11.662190209
reference,double,lookupApply,1,8191,2,0,9,11.736967403,11.889573923,11.987242095
reference,double,lookupApply,1,8191,2,1,9,11.482114516,11.569100232,11.646166524
reference,double,lookupApply,2,1024,0,0,9,11.401367188,11.419677734,13.323974609
reference,double,lookupApply,2,1024,0,1,9,11.267089844,11.291503906,16.217041016
reference,double,lookupApply,2,1024,1,0,9,11.596679688,11.596679688,13.220214844
reference,double,lookupApply,2,1024,1,1,9,11.260986328,11.273193359,11.920166016
reference,double,lookupApply,2,1024,2,0,9,11.437988281,11.468505859,14.190673828
reference,double,lookupApply,2,1024,2,1,9,11.273193359,11.444091797,16.558837891
reference,double,lookupApply,2,65536,0,0,9,11.606025696,11.628246307,11.647224426
reference,double,lookupApply,2,65536,0,1,9,11.631965637,11.657905579,11.692333221
reference,double,lookupApply,2,65536,1,0,9,11.633968353,11.643981934,11.784553528
reference,double,lookupApply,2,65536,1,1,9,11.636447906,11.649990082,11.705875397
reference,double,lookupApply,2,65536,2,0,9,11.620426178,11.632156372,11.733436584
reference,double,lookupApply,2,65536,2,1,9,11.630630493,11.653995514,11.684989929
reference,double,lookupApply,2,8191,0,0,9,11.524081309,11.608777927,11.66829447
reference,double,lookupApply,2,8191,0,1,9,11.519503113,11.630905872,11.923147357
reference,double,lookupApply,2,8191,1,0,9,11.542394091,11.618697351,11.872787205
reference,double,lookupApply,2,8191,1,1,9,11.361555366,11.519503113,11.798773044
reference,double,lookupApply,2,8191,2,0,9,11.555365645,11.799536076,11.957483824
reference,double,lookupApply,2,8191,2,1,9,11.350109877,11.417256745,11.521792211
reference,double,prepared,0,1024,0,0,9,1.898193359,1.904296875,2.9296875
reference,double,prepared,0,1024,0,1,9,1.892089844,1.898193359,1.898193359
reference,double,prepared,0,1024,1,0,9,1.879882812,1.885986328,1.892089844
reference,double,prepared,0,1024,1,1,9,1.892089844,1.898193359,1.904296875
reference,double,prepared,0,1024,2,0,9,1.892089844,1.898193359,6.207275391
reference,double,prepared,0,1024,2,1,9,1.879882812,1.885986328,1.928710938
reference,double,prepared,0,65536,0,0,9,1.938152313,1.954841614,1.965522766
reference,double,prepared,0,65536,0,1,9,1.933860779,1.95646286,1.982307434
reference,double,prepared,0,65536,1,0,9,1.944732666,1.958847046,1.999187469
reference,double,prepared,0,65536,1,1,9,1.943016052,1.95608139,1.995849609
reference,double,prepared,0,65536,2,0,9,1.936149597,1.960468292,2.035236359
reference,double,prepared,0,65536,2,1,9,1.924228668,1.947879791,1.983737946
reference,double,prepared,0,8191,0,0,9,1.919026981,1.921316079,2.075448663
reference,double,prepared,0,8191,0,1,9,1.90987059,1.925894274,2.203638139
reference,double,prepared,0,8191,1,0,9,1.897662068,1.920553046,1.986936882
reference,double,prepared,0,8191,1,1,9,1.920553046,1.922842144,2.077737761
reference,double,prepared,0,8191,2,0,9,1.952600415,1.957941643,2.138017336
reference,double,prepared,0,8191,2,1,9,1.899951166,1.942680991,2.073159565
reference,double,prepared,1,1024,0,0,9,1.892089844,1.898193359,1.910400391
reference,double,prepared,1,1024,0,1,9,1.892089844,1.898193359,3.02734375
reference,double,prepared,1,1024,1,0,9,1.879882812,1.885986328,1.892089844
reference,double,prepared,1,1024,1,1,9,1.892089844,1.898193359,1.898193359
reference,double,prepared,1,1024,2,0,9,1.916503906,1.916503906,1.928710938
reference,double,prepared,1,1024,2,1,9,1.879882812,1.885986328,1.892089844
reference,double,prepared,1,65536,0,0,9,1.944637299,1.952362061,1.978397369
reference,double,prepared,1,65536,0,1,9,1.935863495,1.950454712,1.983070374
reference,double,prepared,1,65536,1,0,9,1.953792572,1.979446411,2.003574371
reference,double,prepared,1,65536,1,1,9,1.949882507,1.963615417,2.000236511
reference,double,prepared,1,65536,2,0,9,1.930904388,1.940631866,1.959228516
reference,double,prepared,1,65536,2,1,9,1.924133301,1.947116852,1.976203918
reference,double,prepared,1,8191,0,0,9,1.904529361,1.905292394,2.053320718
reference,double,prepared,1,8191,0,1,9,1.901477231,1.955652545,2.113600293
reference,double,prepared,1,8191,1,0,9,1.89537297,1.901477231,2.066292272
reference,double,prepared,1,8191,1,1,9,1.925131242,1.929709437,2.132676108
reference,double,prepared,1,8191,2,0,9,1.920553046,1.981595654,2.070107435
reference,double,prepared,1,8191,2,1,9,1.896136003,1.897662068,2.053320718
reference,double,prepared,2,1024,0,0,9,1.928710938,1.934814453,19.049072266
reference,double,prepared,2,1024,0,1,9,1.885986328,1.892089844,1.892089844
reference,double,prepared,2,1024,1,0,9,1.910400391,1.916503906,1.916503906
reference,double,prepared,2,1024,1,1,9,1.904296875,1.910400391,1.910400391
reference,double,prepared,2,1024,2,0,9,1.922607422,1.928710938,18.170166016
reference,double,prepared,2,1024,2,1,9,1.873779297,1.879882812,1.879882812
reference,double,prepared,2,65536,0,0,9,1.941871643,1.955223083,1.968669891
reference,double,prepared,2,65536,0,1,9,1.922130585,1.933002472,1.96647644
reference,double,prepared,2,65536,1,0,9,1.931762695,1.95646286,1.969623566
reference,double,prepared,2,65536,1,1,9,1.933479309,1.956176758,1.981925964
reference,double,prepared,2,65536,2,0,9,1.918697357,1.93529129,1.953029633
reference,double,prepared,2,65536,2,1,9,1.924419403,1.949310303,2.003479004
reference,double,prepared,2,8191,0,0,9,1.905292394,1.906055427,2.038823099
reference,double,prepared,2,8191,0,1,9,1.899951166,1.919790013,3.82279331
reference,double,prepared,2,8191,1,0,9,1.89537297,1.916737883,1.99227811
reference,double,prepared,2,8191,1,1,9,1.925131242,1.926657307,3.911305091
reference,double,prepared,2,8191,2,0,9,1.923605176,1.924368209,2.079263826
reference,double,prepared,2,8191,2,1,9,1.885453547,1.922079111,3.954034916
reference,double,vienot,0,1024,0,0,9,1.068115234,1.07421875,1.080322266
reference,double,vienot,0,1024,0,1,9,1.068115234,1.07421875,1.07421875
reference,double,vienot,0,1024,1,0,9,1.068115234,1.07421875,2.313232422
reference,double,vienot,0,1024,1,1,9,1.07421875,1.07421875,1.080322266
reference,double,vienot,0,1024,2,0,9,1.068115234,1.07421875,1.080322266
reference,double,vienot,0,1024,2,1,9,1.068115234,1.07421875,1.080322266
reference,double,vienot,0,65536,0,0,9,1.107215881,1.119232178,1.135158539
reference,double,vienot,0,65536,0,1,9,1.094055176,1.115894318,1.152610779
reference,double,vienot,0,65536,1,0,9,1.106929779,1.135921478,1.174736023
reference,double,vienot,0,65536,1,1,9,1.108837128,1.115894318,1.123809814
reference,double,vienot,0,65536,2,0,9,1.107120514,1.12247467,1.178836823
reference,double,vienot,0,65536,2,1,9,1.098060608,1.111125946,1.214408875
reference,double,vienot,0,8191,0,0,9,1.08732145,1.088084483,1.343700403
reference,double,vienot,0,8191,0,1,9,1.088847516,1.089610548,1.236875839
reference,double,vienot,0,8191,1,0,9,1.08732145,1.094951776,1.207117568
reference,double,vienot,0,8191,1,1,9,1.088847516,1.090373581,1.170492003
reference,double,vienot,0,8191,2,0,9,1.074349896,1.088847516,1.200250275
reference,double,vienot,0,8191,2,1,9,1.110975461,1.113264559,1.195672079
reference,double,vienot,1,1024,0,0,9,1.068115234,1.07421875,1.123046875
reference,double,vienot,1,1024,0,1,9,1.068115234,1.07421875,1.07421875
reference,double,vienot,1,1024,1,0,9,1.068115234,1.07421875,1.07421875
reference,double,vienot,1,1024,1,1,9,1.068115234,1.07421875,1.080322266
reference,double,vienot,1,1024,2,0,9,1.068115234,1.07421875,1.07421875
reference,double,vienot,1,1024,2,1,9,1.068115234,1.07421875,1.116943359
reference,double,vienot,1,65536,0,0,9,1.106548309,1.119327545,1.147460938
reference,double,vienot,1,65536,0,1,9,1.095104218,1.127433777,1.179790497
reference,double,vienot,1,65536,1,0,9,1.111888885,1.117134094,1.185321808
reference,double,vienot,1,65536,1,1,9,1.09834671,1.12361908,1.143360138
reference,double,vienot,1,65536,2,0,9,1.09500885,1.109790802,1.356697083
reference,double,vienot,1,65536,2,1,9,1.109313965,1.120948792,1.181030273
reference,double,vienot,1,8191,0,0,9,1.085795385,1.086558418,1.177359297
reference,double,vienot,1,8191,0,1,9,1.088847516,1.089610548,1.899951166
reference,double,vienot,1,8191,1,0,9,1.086558418,1.08732145,1.174307166
reference,double,vienot,1,8191,1,1,9,1.074349896,1.089610548,1.941917959
reference,double,vienot,1,8191,2,0,9,1.086558418,1.109449396,1.343700403
reference,double,vienot,1,8191,2,1,9,1.073586864,1.08732145,1.785496276
reference,float,brettel,0,1024,0,0,9,2.34375,2.392578125,2.398681641
reference,float,brettel,0,1024,0,1,9,2.435302734,2.44140625,2.502441406
reference,float,brettel,0,1024,1,0,9,2.349853516,2.392578125,2.404785156
reference,float,brettel,0,1024,1,1,9,2.44140625,2.447509766,3.802490234
reference,float,brettel,0,1024,2,0,9,2.34375,2.392578125,2.435302734
reference,float,brettel,0,1024,2,1,9,2.44140625,2.453613281,3.070068359
reference,float,brettel,0,65536,0,0,9,2.416801453,2.443981171,2.651882172
reference,float,brettel,0,65536,0,1,9,2.457523346,2.468585968,2.486991882
reference,float,brettel,0,65536,1,0,9,2.408885956,2.440643311,2.687263489
reference,float,brettel,0,65536,1,1,9,2.459049225,2.470207214,2.491378784
reference,float,brettel,0,65536,2,0,9,2.40650177,2.433681488,2.487850189
reference,float,brettel,0,65536,2,1,9,2.4559021,2.46629715,2.482795715
reference,float,brettel,0,8191,0,0,9,2.333353681,2.378372604,2.629410328
reference,float,brettel,0,8191,0,1,9,2.413472104,2.428732755,3.123855451
reference,float,brettel,0,8191,1,0,9,2.32419729,2.381424734,2.698083262
reference,float,brettel,0,8191,1,1,9,2.417287267,2.42415456,3.108594799
reference,float,brettel,0,8191,2,0,9,2.323434257,2.376083506,2.540898547
reference,float,brettel,0,8191,2,1,9,2.417287267,2.424917592,3.070443169
reference,float,brettel,1,1024,0,0,9,2.386474609,2.392578125,2.44140625
reference,float,brettel,1,1024,0,1,9,2.435302734,2.44140625,2.453613281
reference,float,brettel,1,1024,1,0,9,2.386474609,2.392578125,2.398681641
reference,float,brettel,1,1024,1,1,9,2.44140625,2.447509766,21.276855469
reference,float,brettel,1,1024,2,0,9,2.386474609,2.392578125,2.398681641
reference,float,brettel,1,1024,2,1,9,2.44140625,2.44140625,19.970703125
reference,float,brettel,1,65536,0,0,9,2.44808197,2.471733093,2.482795715
reference,float,brettel,1,65536,0,1,9,2.454471588,2.470779419,2.483844757
reference,float,brettel,1,65536,1,0,9,2.460575104,2.470493317,2.494812012
reference,float,brettel,1,65536,1,1,9,2.461719513,2.47631073,2.487850189
reference,float,brettel,1,65536,2,0,9,2.46257782,2.467632294,2.481460571
reference,float,brettel,1,65536,2,1,9,2.457523346,2.473163605,2.500629425
reference,float,brettel,1,8191,0,0,9,2.421102429,2.429495788,2.548528873
reference,float,brettel,1,8191,0,1,9,2.42415456,2.432547918,2.540135515
reference,float,brettel,1,8191,1,0,9,2.421865462,2.429495788,2.547765841
reference,float,brettel,1,8191,1,1,9,2.421865462,2.424917592,2.564552558
reference,float,brettel,1,8191,2,0,9,2.422628495,2.428732755,2.589732633
reference,float,brettel,1,8191,2,1,9,2.423391527,2.428732755,2.518770602
reference,float,brettel,2,1024,0,0,9,2.392578125,2.392578125,4.052734375
reference,float,brettel,2,1024,0,1,9,2.386474609,2.398681641,2.404785156
reference,float,brettel,2,1024,1,0,9,2.386474609,2.392578125,3.204345703
reference,float,brettel,2,1024,1,1,9,2.386474609,2.392578125,3.741455078
reference,float,brettel,2,1024,2,0,9,2.386474609,2.392578125,3.588867188
reference,float,brettel,2,1024,2,1,9,2.392578125,2.398681641,3.057861328
reference,float,brettel,2,65536,0,0,9,2.456951141,2.464008331,2.488899231
reference,float,brettel,2,65536,0,1,9,2.457714081,2.479457855,2.536582947
reference,float,brettel,2,65536,1,0,9,2.458381653,2.469730377,2.482891083
reference,float,brettel,2,65536,1,1,9,2.467918396,2.47592926,2.497768402
reference,float,brettel,2,65536,2,0,9,2.453041077,2.474689484,2.494049072
reference,float,brettel,2,65536,2,1,9,2.459907532,2.474117279,2.534294128
reference,float,brettel,2,8191,0,0,9,2.414235136,2.423391527,2.517244537
reference,float,brettel,2,8191,0,1,9,2.423391527,2.443993407,2.633225491
reference,float,brettel,2,8191,1,0,9,2.421865462,2.427969723,2.522585765
reference,float,brettel,2,8191,1,1,9,2.421865462,2.42415456,2.564552558
reference,float,brettel,2,8191,2,0,9,2.421865462,2.425680625,2.518770602
reference,float,brettel,2,8191,2,1,9,2.421865462,2.423391527,2.507325113
reference,float,lookup,0,1024,0,0,9,6.683349609,6.689453125,7.684326172
reference,float,lookup,0,1024,0,1,9,6.994628906,7.019042969,8.190917969
reference,float,lookup,0,1024,1,0,9,6.884765625,6.909179688,8.221435547
reference,float,lookup,0,1024,1,1,9,7.122802734,7.141113281,8.734130859
reference,float,lookup,0,1024,2,0,9,6.719970703,6.732177734,8.532714844
reference,float,lookup,0,1024,2,1,9,6.872558594,6.884765625,7.867431641
reference,float,lookup,0,65536,0,0,9,6.800174713,6.808757782,6.843948364
reference,float,lookup,0,65536,0,1,9,6.984615326,7.011032104,7.052707672
reference,float,lookup,0,65536,1,0,9,6.825733185,6.840801239,6.995868683
reference,float,lookup,0,65536,1,1,9,6.806182861,6.817436218,6.854057312
reference,float,lookup,0,65536,2,0,9,6.990909576,7.001781464,7.05871582
reference,float,lookup,0,65536,2,1,9,6.819534302,6.838130951,6.858158112
reference,float,lookup,0,8191,0,0,9,6.819222317,6.890947381,8.65660481
reference,float,lookup,0,8191,0,1,9,6.722317177,6.826852643,6.961909413
reference,float,lookup,0,8191,1,0,9,6.949700891,6.992430717,8.803870101
reference,float,lookup,0,8191,1,1,9,7.071023074,7.110700769,7.271700647
reference,float,lookup,0,8191,2,0,9,7.089335856,7.186240996,7.789036748
reference,float,lookup,0,8191,2,1,9,6.897814675,6.979459162,7.071023074
reference,float,lookup,1,1024,0,0,9,6.677246094,6.695556641,8.374023438
reference,float,lookup,1,1024,0,1,9,7.116699219,7.141113281,8.190917969
reference,float,lookup,1,1024,1,0,9,6.866455078,6.884765625,9.362792969
reference,float,lookup,1,1024,1,1,9,6.988525391,7.006835938,10.827636719
reference,float,lookup,1,1024,2,0,9,6.689453125,6.701660156,8.410644531
reference,float,lookup,1,1024,2,1,9,6.872558594,6.896972656,7.440185547
reference,float,lookup,1,65536,0,0,9,6.784248352,6.813716888,6.985664368
reference,float,lookup,1,65536,0,1,9,6.980991364,7.010936737,7.026004791
reference,float,lookup,1,65536,1,0,9,6.810569763,6.850147247,6.87379837
reference,float,lookup,1,65536,1,1,9,6.806850433,6.815433502,6.833076477
reference,float,lookup,1,65536,2,0,9,6.969165802,7.001399994,7.055664062
reference,float,lookup,1,65536,2,1,9,6.818962097,6.832695007,6.851387024
reference,float,lookup,1,8191,0,0,9,6.769625198,6.820748382,6.947411793
reference,float,lookup,1,8191,0,1,9,6.713160786,6.793279209,7.364027591
reference,float,lookup,1,8191,1,0,9,6.944359663,6.959620315,7.060340618
reference,float,lookup,1,8191,1,1,9,7.089335856,7.101544378,7.733335368
reference,float,lookup,1,8191,2,0,9,7.09620315,7.122146258,7.227444756
reference,float,lookup,1,8191,2,1,9,6.885606153,6.959620315,7.539525089
reference,float,lookup,2,1024,0,0,9,6.713867188,6.719970703,9.710693359
reference,float,lookup,2,1024,0,1,9,6.994628906,7.000732422,8.654785156
reference,float,lookup,2,1024,1,0,9,6.695556641,6.707763672,8.422851562
reference,float,lookup,2,1024,1,1,9,6.994628906,7.006835938,9.204101562
reference,float,lookup,2,1024,2,0,9,6.689453125,6.713867188,8.081054688
reference,float,lookup,2,1024,2,1,9,6.878662109,6.884765625,7.604980469
reference,float,lookup,2,65536,0,0,9,6.820964813,6.859493256,6.968688965
reference,float,lookup,2,65536,0,1,9,6.990528107,7.006072998,7.013320923
reference,float,lookup,2,65536,1,0,9,7.108879089,7.133769989,7.241916656
reference,float,lookup,2,65536,1,1,9,6.794929504,6.820869446,6.836128235
reference,float,lookup,2,65536,2,0,9,6.793880463,6.822681427,6.944656372
reference,float,lookup,2,65536,2,1,9,6.802749634,6.820678711,6.926441193
reference,float,lookup,2,8191,0,0,9,16.940086681,17.126266634,17.253693078
reference,float,lookup,2,8191,0,1,9,6.708582591,6.807776828,6.947411793
reference,float,lookup,2,8191,1,0,9,6.723843243,6.765047003,7.406757417
reference,float,lookup,2,8191,1,1,9,7.102307411,7.121383225,7.2518618
reference,float,lookup,2,8191,2,0,9,6.893999512,6.965724576,6.991667684
reference,float,lookup,2,8191,2,1,9,6.871871566,6.948174826,6.971828837
reference,float,lookupApply,0,1024,0,0,9,9.509277344,9.521484375,10.809326172
reference,float,lookupApply,0,1024,0,1,9,9.558105469,9.594726562,10.699462891
reference,float,lookupApply,0,1024,1,0,9,9.5703125,9.594726562,11.437988281
reference,float,lookupApply,0,1024,1,1,9,9.576416016,9.606933594,10.235595703
reference,float,lookupApply,0,1024,2,0,9,9.552001953,9.588623047,10.363769531
reference,float,lookupApply,0,1024,2,1,9,9.521484375,9.643554688,11.248779297
reference,float,lookupApply,0,65536,0,0,9,9.696292877,9.717941284,9.801864624
reference,float,lookupApply,0,65536,0,1,9,9.730625153,9.746837616,9.795093536
reference,float,lookupApply,0,65536,1,0,9,9.714984894,9.738636017,10.485649109
reference,float,lookupApply,0,65536,1,1,9,9.714031219,9.732818604,9.801483154
reference,float,lookupApply,0,65536,2,0,9,9.723091125,9.736824036,9.780025482
reference,float,lookupApply,0,65536,2,1,9,9.704589844,9.721755981,9.769821167
reference,float,lookupApply,0,8191,0,0,9,9.72332438,9.793523379,10.181143938
reference,float,lookupApply,0,8191,0,1,9,9.643205958,9.76147601,9.904926138
reference,float,lookupApply,0,8191,1,0,9,9.703485533,9.747741424,10.581736052
reference,float,lookupApply,0,8191,1,1,9,9.653888414,9.763765108,10.060584788
reference,float,lookupApply,0,8191,2,0,9,9.663807838,9.763002075,10.054480527
reference,float,lookupApply,0,8191,2,1,9,9.636338664,9.668386033,9.767580271
reference,float,lookupApply,1,1024,0,0,9,9.521484375,9.545898438,10.729980469
reference,float,lookupApply,1,1024,0,1,9,9.521484375,9.576416016,10.986328125
reference,float,lookupApply,1,1024,1,0,9,9.576416016,9.582519531,10.137939453
reference,float,lookupApply,1,1024,1,1,9,9.527587891,9.558105469,10.571289062
reference,float,lookupApply,1,1024,2,0,9,9.545898438,9.552001953,10.125732422
reference,float,lookupApply,1,1024,2,1,9,9.515380859,9.625244141,12.091064453
reference,float,lookupApply,1,65536,0,0,9,9.71031189,9.729194641,9.769535065
reference,float,lookupApply,1,65536,0,1,9,9.729194641,9.747886658,9.817123413
reference,float,lookupApply,1,65536,1,0,9,9.712600708,9.729003906,9.849262238
reference,float,lookupApply,1,65536,1,1,9,9.716510773,9.722518921,9.74521637
reference,float,lookupApply,1,65536,2,0,9,9.715747833,9.773731232,9.834289551
reference,float,lookupApply,1,65536,2,1,9,9.709262848,9.739208221,9.928894043
reference,float,lookupApply,1,8191,0,0,9,9.692803077,9.733243804,10.477200586
reference,float,lookupApply,1,8191,0,1,9,9.613447686,9.737822,9.842357466
reference,float,lookupApply,1,8191,1,0,9,9.668386033,9.705774631,10.420736174
reference,float,lookupApply,1,8191,1,1,9,9.659992675,9.692803077,9.798101575
reference,float,lookupApply,1,8191,2,0,9,9.657703577,9.688224881,10.606153095
reference,float,lookupApply,1,8191,2,1,9,9.700433403,9.72332438,10.004883409
reference,float,lookupApply,2,1024,0,0,9,9.533691406,9.552001953,10.803222656
reference,float,lookupApply,2,1024,0,1,9,9.576416016,9.594726562,10.656738281
reference,float,lookupApply,2,1024,1,0,9,9.558105469,9.710693359,10.192871094
reference,float,lookupApply,2,1024,1,1,9,9.5703125,9.625244141,13.104248047
reference,float,lookupApply,2,1024,2,0,9,9.558105469,9.582519531,10.137939453
reference,float,lookupApply,2,1024,2,1,9,9.594726562,9.594726562,10.174560547
reference,float,lookupApply,2,65536,0,0,9,9.702014923,9.710693359,9.736061096
reference,float,lookupApply,2,65536,0,1,9,9.712696075,9.739112854,9.806442261
reference,float,lookupApply,2,65536,1,0,9,9.709072113,9.736442566,9.841537476
reference,float,lookupApply,2,65536,1,1,9,9.710407257,9.730148315,9.76858139
reference,float,lookupApply,2,65536,2,0,9,9.698963165,9.733200073,9.78269577
reference,float,lookupApply,2,65536,2,1,9,9.719562531,9.743881226,9.958457947
reference,float,lookupApply,2,8191,0,0,9,9.663044805,9.746978391,10.254395068
reference,float,lookupApply,2,8191,0,1,9,9.668386033,9.730191674,9.856092052
reference,float,lookupApply,2,8191,1,0,9,9.653125382,9.706537663,10.242949579
reference,float,lookupApply,2,8191,1,1,9,9.621841045,9.676016359,9.767580271
reference,float,lookupApply,2,8191,2,0,9,9.63786473,9.708063728,10.361982664
reference,float,lookupApply,2,8191,2,1,9,9.691277011,9.716457087,9.759949945
reference,float,prepared,0,1024,0,0,9,2.130126953,2.136230469,2.142333984
reference,float,prepared,0,1024,0,1,9,2.154541016,2.160644531,3.161621094
reference,float,prepared,0,1024,1,0,9,2.130126953,2.142333984,2.142333984
reference,float,prepared,0,1024,1,1,9,2.154541016,2.160644531,2.166748047
reference,float,prepared,0,1024,2,0,9,2.130126953,2.136230469,2.142333984
reference,float,prepared,0,1024,2,1,9,2.154541016,2.160644531,2.166748047
reference,float,prepared,0,65536,0,0,9,2.158927917,2.171516418,2.250003815
reference,float,prepared,0,65536,0,1,9,2.179527283,2.190685272,2.264785767
reference,float,prepared,0,65536,1,0,9,2.160167694,2.173042297,2.225780487
reference,float,prepared,0,65536,1,1,9,2.179813385,2.185821533,2.211761475
reference,float,prepared,0,65536,2,0,9,2.159881592,2.166175842,2.22454071
reference,float,prepared,0,65536,2,1,9,2.181625366,2.192306519,2.208137512
reference,float,prepared,0,8191,0,0,9,2.128860945,2.131150043,2.276126236
reference,float,prepared,0,8191,0,1,9,2.156330118,2.157093151,2.223476987
reference,float,prepared,0,8191,1,0,9,2.129623978,2.131150043,2.217372726
reference,float,prepared,0,8191,1,1,9,2.155567086,2.155567086,2.23034428
reference,float,prepared,0,8191,2,0,9,2.128097912,2.134965206,2.733945794
reference,float,prepared,0,8191,2,1,9,2.151751923,2.152514955,2.215846661
reference,float,prepared,1,1024,0,0,9,2.130126953,2.142333984,3.350830078
reference,float,prepared,1,1024,0,1,9,2.154541016,2.166748047,19.128417969
reference,float,prepared,1,1024,1,0,9,2.130126953,2.142333984,2.899169922
reference,float,prepared,1,1024,1,1,9,2.160644531,2.160644531,2.166748047
reference,float,prepared,1,1024,2,0,9,2.142333984,2.1484375,2.984619141
reference,float,prepared,1,1024,2,1,9,2.172851562,2.172851562,2.227783203
reference,float,prepared,1,65536,0,0,9,2.176380157,2.189445496,2.21118927
reference,float,prepared,1,65536,0,1,9,2.181339264,2.188587189,2.209854126
reference,float,prepared,1,65536,1,0,9,2.181434631,2.197742462,2.205944061
reference,float,prepared,1,65536,1,1,9,2.178573608,2.18963623,2.214431763
reference,float,prepared,1,65536,2,0,9,2.179718018,2.197265625,2.270698547
reference,float,prepared,1,65536,2,1,9,2.184295654,2.188777924,2.254390717
reference,float,prepared,1,8191,0,0,9,2.153277988,2.154804053,2.256287389
reference,float,prepared,1,8191,0,1,9,2.155567086,2.157856184,2.232633378
reference,float,prepared,1,8191,1,0,9,2.151751923,2.154041021,2.326486387
reference,float,prepared,1,8191,1,1,9,2.153277988,2.154041021,2.229581248
reference,float,prepared,1,8191,2,0,9,2.152514955,2.159382249,2.236448541
reference,float,prepared,1,8191,2,1,9,2.152514955,2.154041021,2.222713954
reference,float,prepared,2,1024,0,0,9,2.142333984,2.142333984,2.1484375
reference,float,prepared,2,1024,0,1,9,2.130126953,2.136230469,3.253173828
reference,float,prepared,2,1024,1,0,9,2.130126953,2.136230469,2.142333984
reference,float,prepared,2,1024,1,1,9,2.130126953,2.136230469,2.142333984
reference,float,prepared,2,1024,2,0,9,2.130126953,2.136230469,2.136230469
reference,float,prepared,2,1024,2,1,9,2.136230469,2.136230469,3.137207031
reference,float,prepared,2,65536,0,0,9,2.175426483,2.185153961,2.21118927
reference,float,prepared,2,65536,0,1,9,2.179336548,2.189064026,2.220535278
reference,float,prepared,2,65536,1,0,9,2.18038559,2.184486389,2.220058441
reference,float,prepared,2,65536,1,1,9,2.18038559,2.18963623,2.258300781
reference,float,prepared,2,65536,2,0,9,2.179527283,2.185630798,2.22568512
reference,float,prepared,2,65536,2,1,9,2.179813385,2.199840546,2.243614197
reference,float,prepared,2,8191,0,0,9,2.156330118,2.157856184,2.23034428
reference,float,prepared,2,8191,0,1,9,2.155567086,2.162434379,2.305884507
reference,float,prepared,2,8191,1,0,9,2.153277988,2.159382249,2.225766085
reference,float,prepared,2,8191,1,1,9,2.152514955,2.154041021,2.245604932
reference,float,prepared,2,8191,2,0,9,2.151751923,2.158619216,2.225766085
reference,float,prepared,2,8191,2,1,9,2.152514955,2.155567086,2.247130997
reference,float,vienot,0,1024,0,0,9,1.116943359,1.123046875,2.575683594
reference,float,vienot,0,1024,0,1,9,1.153564453,1.153564453,1.159667969
reference,float,vienot,0,1024,1,0,9,1.123046875,1.123046875,1.129150391
reference,float,vienot,0,1024,1,1,9,1.153564453,1.153564453,1.159667969
reference,float,vienot,0,1024,2,0,9,1.123046875,1.123046875,1.129150391
reference,float,vienot,0,1024,2,1,9,1.153564453,1.153564453,1.159667969
reference,float,vienot,0,65536,0,0,9,1.143264771,1.150512695,1.160526276
reference,float,vienot,0,65536,0,1,9,1.170539856,1.178264618,1.19304657
reference,float,vienot,0,65536,1,0,9,1.142024994,1.152229309,1.18598938
reference,float,vienot,0,65536,1,1,9,1.167964935,1.182937622,1.210021973
reference,float,vienot,0,65536,2,0,9,1.140403748,1.143550873,1.160144806
reference,float,vienot,0,65536,2,1,9,1.159954071,1.18265152,1.211833954
reference,float,vienot,0,8191,0,0,9,1.124710048,1.126236113,1.291051154
reference,float,vienot,0,8191,0,1,9,1.156757417,1.157520449,1.270449274
reference,float,vienot,0,8191,1,0,9,1.124710048,1.126236113,1.33988524
reference,float,vienot,0,8191,1,1,9,1.155231351,1.156757417,1.265108045
reference,float,vienot,0,8191,2,0,9,1.12547308,1.126236113,1.258240752
reference,float,vienot,0,8191,2,1,9,1.155231351,1.157520449,1.178122329
reference,float,vienot,1,1024,0,0,9,1.110839844,1.123046875,1.129150391
reference,float,vienot,1,1024,0,1,9,1.153564453,1.153564453,2.471923828
reference,float,vienot,1,1024,1,0,9,1.116943359,1.123046875,1.129150391
reference,float,vienot,1,1024,1,1,9,1.153564453,1.153564453,1.159667969
reference,float,vienot,1,1024,2,0,9,1.116943359,1.123046875,1.171875
reference,float,vienot,1,1024,2,1,9,1.147460938,1.153564453,1.159667969
reference,float,vienot,1,65536,0,0,9,1.171588898,1.173400879,1.184463501
reference,float,vienot,1,65536,0,1,9,1.171112061,1.182079315,1.207923889
reference,float,vienot,1,65536,1,0,9,1.173496246,1.181411743,1.185321808
reference,float,vienot,1,65536,1,1,9,1.172351837,1.182174683,1.217556
reference,float,vienot,1,65536,2,0,9,1.171207428,1.183128357,1.211833954
reference,float,vienot,1,65536,2,1,9,1.170825958,1.174926758,1.19600296
reference,float,vienot,1,8191,0,0,9,1.155231351,1.156757417,1.337596142
reference,float,vienot,1,8191,0,1,9,1.14302283,1.156757417,1.35743499
reference,float,vienot,1,8191,1,0,9,1.155994384,1.156757417,1.661884996
reference,float,vienot,1,8191,1,1,9,1.147601026,1.155994384,1.364302283
reference,float,vienot,1,8191,2,0,9,1.155231351,1.156757417,1.335307044
reference,float,vienot,1,8191,2,1,9,1.144548895,1.156757417,1.24603223
