sample,CPP,float,brettel,0,65536,false,0,2.231462479,26.546345517039299
sample,CPP,float,brettel,0,65536,false,1,2.191688538,24.735647335648537
sample,CPP,float,brettel,0,65536,false,2,2.208388329,20.691973328590393
sample,CPP,float,brettel,0,65536,false,3,2.173851013,27.11865770816803
sample,CPP,float,brettel,0,65536,false,4,2.169627190,19.981191456317902
sample,CPP,float,brettel,0,65536,false,5,2.210261345,24.873532507568598
sample,CPP,float,brettel,0,65536,false,6,2.174987793,20.825579397380352
sample,CPP,float,brettel,0,65536,false,7,2.179286957,25.732820298522711
sample,CPP,float,brettel,0,65536,false,8,2.186529160,26.265389870852232
sample,CPP,float,vienot,0,65536,false,0,0.788911819,26.449061840772629
sample,CPP,float,vienot,0,65536,false,1,0.806777954,25.150692444294691
sample,CPP,float,vienot,0,65536,false,2,0.789695740,21.379791460931301
sample,CPP,float,vienot,0,65536,false,3,0.777819633,27.259410843253136
sample,CPP,float,vienot,0,65536,false,4,0.790096283,20.586747944355011
sample,CPP,float,vienot,0,65536,false,5,0.811526299,24.295158978551626
sample,CPP,float,vienot,0,65536,false,6,0.802994728,21.095056345686316
sample,CPP,float,vienot,0,65536,false,7,0.790488243,26.304007358849049
sample,CPP,float,vienot,0,65536,false,8,0.789953232,25.81023507937789
sample,CPP,float,prepared,0,65536,false,0,0.797768593,25.892548087984324
sample,CPP,float,prepared,0,65536,false,1,0.795705795,25.137708736583591
sample,CPP,float,prepared,0,65536,false,2,0.793001175,21.625650234520435
sample,CPP,float,prepared,0,65536,false,3,0.792704582,27.189095482230186
sample,CPP,float,prepared,0,65536,false,4,0.791368484,20.985025614500046
sample,CPP,float,prepared,0,65536,false,5,0.826364517,24.270047932863235
sample,CPP,float,prepared,0,65536,false,6,0.803300858,21.368348833173513
sample,CPP,float,prepared,0,65536,false,7,0.801867485,25.89658223092556
sample,CPP,float,prepared,0,65536,false,8,0.779568672,26.111949853599072
sample,CPP,float,lookupApply,0,65536,false,0,10.104351044,26.21932577714324
sample,CPP,float,lookupApply,0,65536,false,1,10.091358185,25.715705743059516
sample,CPP,float,lookupApply,0,65536,false,2,10.087316513,22.719300783239305
sample,CPP,float,lookupApply,0,65536,false,3,10.197961807,27.228464782238007
sample,CPP,float,lookupApply,0,65536,false,4,10.106759071,22.122360982000828
sample,CPP,float,lookupApply,0,65536,false,5,10.123144150,23.985237155109644
sample,CPP,float,lookupApply,0,65536,false,6,10.082483292,21.944273607805371
sample,CPP,float,lookupApply,0,65536,false,7,10.101007462,25.559803046286106
sample,CPP,float,lookupApply,0,65536,false,8,10.096211433,26.387423418462276
sample,CPP,float,lookup,0,65536,false,0,4.557402611,33.045182198286057
sample,CPP,float,lookup,0,65536,false,1,4.546978951,44.497451037168503
sample,CPP,float,lookup,0,65536,false,2,4.585185051,46.422606825828552
sample,CPP,float,lookup,0,65536,false,3,4.562389374,45.314875721931458
sample,CPP,float,lookup,0,65536,false,4,4.534616470,44.331215798854828
sample,CPP,float,lookup,0,65536,false,5,4.573119164,43.403261423110962
sample,CPP,float,lookup,0,65536,false,6,4.531349182,42.509996771812439
sample,CPP,float,lookup,0,65536,false,7,4.586293221,41.713864088058472
sample,CPP,float,lookup,0,65536,false,8,4.735527992,40.932294249534607
sample,CPP,float,brettel,1,65536,false,0,2.282259941,25.534799598157406
sample,CPP,float,brettel,1,65536,false,1,2.197535515,25.07646924443543
sample,CPP,float,brettel,1,65536,false,2,2.200802803,21.689719244837761
sample,CPP,float,brettel,1,65536,false,3,2.176870346,27.137742713093758
sample,CPP,float,brettel,1,65536,false,4,2.228576660,21.17644090950489
sample,CPP,float,brettel,1,65536,false,5,2.309747696,24.382196452468634
sample,CPP,float,brettel,1,65536,false,6,2.245066643,21.53210780583322
sample,CPP,float,brettel,1,65536,false,7,2.189394951,25.524098739027977
sample,CPP,float,brettel,1,65536,false,8,2.175341606,26.428642630577087
sample,CPP,float,vienot,1,65536,false,0,0.798933983,25.574443757534027
sample,CPP,float,vienot,1,65536,false,1,0.778554916,25.287831455469131
sample,CPP,float,vienot,1,65536,false,2,0.787890434,21.999052695930004
sample,CPP,float,vienot,1,65536,false,3,0.788358688,27.217826619744301
sample,CPP,float,vienot,1,65536,false,4,0.798379898,21.424986116588116
sample,CPP,float,vienot,1,65536,false,5,0.789476395,24.098198719322681
sample,CPP,float,vienot,1,65536,false,6,0.816914558,21.634132286533713
sample,CPP,float,vienot,1,65536,false,7,0.779272079,25.871293731033802
sample,CPP,float,vienot,1,65536,false,8,0.812329292,26.16298907622695
sample,CPP,float,prepared,1,65536,false,0,0.791653633,25.315822660923004
sample,CPP,float,prepared,1,65536,false,1,0.789103508,25.037795731797814
sample,CPP,float,prepared,1,65536,false,2,0.778335571,21.752644658088684
sample,CPP,float,prepared,1,65536,false,3,0.837225914,27.078401461243629
sample,CPP,float,prepared,1,65536,false,4,0.791042328,21.281259275972843
sample,CPP,float,prepared,1,65536,false,5,0.789867401,24.330453272908926
sample,CPP,float,prepared,1,65536,false,6,0.790183067,21.591436324641109
sample,CPP,float,prepared,1,65536,false,7,0.789743423,25.360435828566551
sample,CPP,float,prepared,1,65536,false,8,0.779081345,26.491253614425659
sample,CPP,float,lookupApply,1,65536,false,0,10.106739998,25.511553540825844
sample,CPP,float,lookupApply,1,65536,false,1,10.099634171,25.766479931771755
sample,CPP,float,lookupApply,1,65536,false,2,10.103974342,22.710754968225956
sample,CPP,float,lookupApply,1,65536,false,3,10.092193604,27.202172718942165
sample,CPP,float,lookupApply,1,65536,false,4,10.164178848,22.147948361933231
sample,CPP,float,lookupApply,1,65536,false,5,10.891834259,24.00140992179513
sample,CPP,float,lookupApply,1,65536,false,6,10.107806206,21.981695827096701
sample,CPP,float,lookupApply,1,65536,false,7,10.121373177,25.37197882682085
sample,CPP,float,lookupApply,1,65536,false,8,10.082552910,26.533491566777229
sample,CPP,float,lookup,1,65536,false,0,4.531645775,33.289563864469528
sample,CPP,float,lookup,1,65536,false,1,4.680315018,44.51472681760788
sample,CPP,float,lookup,1,65536,false,2,6.539251328,46.302706003189087
sample,CPP,float,lookup,1,65536,false,3,6.636248589,45.11287534236908
sample,CPP,float,lookup,1,65536,false,4,4.526848793,44.0771404504776
sample,CPP,float,lookup,1,65536,false,5,4.911411285,43.11059045791626
sample,CPP,float,lookup,1,65536,false,6,10.179865837,42.185777962207794
sample,CPP,float,lookup,1,65536,false,7,8.352335930,41.377827763557434
sample,CPP,float,lookup,1,65536,false,8,5.493781090,40.587369799613953
sample,CPP,float,brettel,2,65536,false,0,2.173864365,26.502421341836452
sample,CPP,float,brettel,2,65536,false,1,2.186228752,24.719619728624821
sample,CPP,float,brettel,2,65536,false,2,2.173454285,21.066840212792158
sample,CPP,float,brettel,2,65536,false,3,2.179836273,27.536288402974606
sample,CPP,float,brettel,2,65536,false,4,2.175068855,20.923758588731289
sample,CPP,float,brettel,2,65536,false,5,2.197425842,26.735652305185795
sample,CPP,float,brettel,2,65536,false,6,2.174485207,22.039111934602261
sample,CPP,float,brettel,2,65536,false,7,2.207171440,24.7457105666399
sample,CPP,float,brettel,2,65536,false,8,2.188273430,28.633668217808008
sample,CPP,float,prepared,2,65536,false,0,0.791031837,24.282835682854056
sample,CPP,float,prepared,2,65536,false,1,0.789952278,24.840979125350714
sample,CPP,float,prepared,2,65536,false,2,0.793401718,21.953707084059715
sample,CPP,float,prepared,2,65536,false,3,0.791920662,26.872324626892805
sample,CPP,float,prepared,2,65536,false,4,0.779652596,21.787784215062857
sample,CPP,float,prepared,2,65536,false,5,0.789980888,24.456511905882508
sample,CPP,float,prepared,2,65536,false,6,0.791901588,21.978596644476056
sample,CPP,float,prepared,2,65536,false,7,0.790583611,24.376592082902789
sample,CPP,float,prepared,2,65536,false,8,0.790287018,27.184410942718387
sample,CPP,float,lookupApply,2,65536,false,0,10.119672775,24.654002986848354
sample,CPP,float,lookupApply,2,65536,false,1,10.162611008,26.126933362334967
sample,CPP,float,lookupApply,2,65536,false,2,10.111695290,22.691785180941224
sample,CPP,float,lookupApply,2,65536,false,3,10.107519150,27.161613024771214
sample,CPP,float,lookupApply,2,65536,false,4,10.080490112,22.173848301172256
sample,CPP,float,lookupApply,2,65536,false,5,10.131061554,24.032991722226143
sample,CPP,float,lookupApply,2,65536,false,6,10.098021507,22.034040294587612
sample,CPP,float,lookupApply,2,65536,false,7,10.081511497,25.090091709047556
sample,CPP,float,lookupApply,2,65536,false,8,10.110232353,26.749319061636925
sample,CPP,float,lookup,2,65536,false,0,4.534196854,40.857734709978104
sample,CPP,float,lookup,2,65536,false,1,4.528999329,46.036463290452957
sample,CPP,float,lookup,2,65536,false,2,4.533738136,46.527020871639252
sample,CPP,float,lookup,2,65536,false,3,4.532906532,45.507808744907379
sample,CPP,float,lookup,2,65536,false,4,4.541582108,44.753353238105774
sample,CPP,float,lookup,2,65536,false,5,4.531321526,44.117768347263336
sample,CPP,float,lookup,2,65536,false,6,4.591189384,43.578705310821533
sample,CPP,float,lookup,2,65536,false,7,4.537034988,43.3099045753479
sample,CPP,float,lookup,2,65536,false,8,4.535400391,43.081173896789551
sample,CPP,double,brettel,0,65536,false,0,4.214663506,26.546345526970324
sample,CPP,double,brettel,0,65536,false,1,4.185464859,24.735647214923322
sample,CPP,double,brettel,0,65536,false,2,4.211691856,20.691973585564966
sample,CPP,double,brettel,0,65536,false,3,4.187757492,27.118657208514538
sample,CPP,double,brettel,0,65536,false,4,4.212647438,19.981191364766918
sample,CPP,double,brettel,0,65536,false,5,4.199136734,24.873532426947431
sample,CPP,double,brettel,0,65536,false,6,4.198496819,20.825579886015106
sample,CPP,double,brettel,0,65536,false,7,4.204975128,25.732820218051423
sample,CPP,double,brettel,0,65536,false,8,4.184642792,26.265389947661554
sample,CPP,double,vienot,0,65536,false,0,1.236742973,26.449062417486839
sample,CPP,double,vienot,0,65536,false,1,1.222917557,25.150692779278241
sample,CPP,double,vienot,0,65536,false,2,1.239657402,21.379792035553521
sample,CPP,double,vienot,0,65536,false,3,1.232223511,27.25941137560082
sample,CPP,double,vienot,0,65536,false,4,1.222823143,20.586748521705957
sample,CPP,double,vienot,0,65536,false,5,1.232032776,24.295159063553825
sample,CPP,double,vienot,0,65536,false,6,1.243144989,21.09505684748607
sample,CPP,double,vienot,0,65536,false,7,1.234660149,26.304007936980238
sample,CPP,double,vienot,0,65536,false,8,1.225019455,25.810235525749594
sample,CPP,double,prepared,0,65536,false,0,1.226452827,25.892547822980088
sample,CPP,double,prepared,0,65536,false,1,1.257448196,25.137708251041428
sample,CPP,double,prepared,0,65536,false,2,1.283808708,21.62565024170291
sample,CPP,double,prepared,0,65536,false,3,1.232529640,27.189095090333414
sample,CPP,double,prepared,0,65536,false,4,1.259702682,20.985025676256964
sample,CPP,double,prepared,0,65536,false,5,1.218092918,24.270047646395057
sample,CPP,double,prepared,0,65536,false,6,1.223463058,21.368348666475931
sample,CPP,double,prepared,0,65536,false,7,1.231488228,25.896581830243385
sample,CPP,double,prepared,0,65536,false,8,1.218608856,26.1119497292134
sample,CPP,double,lookupApply,0,65536,false,0,10.335109711,26.219325416278018
sample,CPP,double,lookupApply,0,65536,false,1,10.340650558,25.715705691447777
sample,CPP,double,lookupApply,0,65536,false,2,10.404800415,22.719300417329979
sample,CPP,double,lookupApply,0,65536,false,3,10.357628822,27.228463872184328
sample,CPP,double,lookupApply,0,65536,false,4,10.331688881,22.122360872154424
sample,CPP,double,lookupApply,0,65536,false,5,10.383274078,23.985236724559542
sample,CPP,double,lookupApply,0,65536,false,6,10.361518860,21.944273643942932
sample,CPP,double,lookupApply,0,65536,false,7,10.334268570,25.559802903837348
sample,CPP,double,lookupApply,0,65536,false,8,10.365817070,26.387423194872969
sample,CPP,double,lookup,0,65536,false,0,5.949209213,33.045182099999998
sample,CPP,double,lookup,0,65536,false,1,5.966608047,44.497450619999995
sample,CPP,double,lookup,0,65536,false,2,5.891575813,46.422605999999995
sample,CPP,double,lookup,0,65536,false,3,5.900424004,45.314874399999994
sample,CPP,double,lookup,0,65536,false,4,5.925552368,44.331214719999998
sample,CPP,double,lookup,0,65536,false,5,5.903089523,43.403260799999998
sample,CPP,double,lookup,0,65536,false,6,5.903032303,42.509996679999993
sample,CPP,double,lookup,0,65536,false,7,5.939989090,41.713863999999994
sample,CPP,double,lookup,0,65536,false,8,5.912070274,40.932294199999994
sample,CPP,double,brettel,1,65536,false,0,4.220931053,25.534799323720147
sample,CPP,double,brettel,1,65536,false,1,4.231698990,25.076469247272449
sample,CPP,double,brettel,1,65536,false,2,4.236638069,21.689719175402452
sample,CPP,double,brettel,1,65536,false,3,4.210764885,27.13774279056992
sample,CPP,double,brettel,1,65536,false,4,4.217864037,21.176441111772334
sample,CPP,double,brettel,1,65536,false,5,4.211997032,24.382196438086517
sample,CPP,double,brettel,1,65536,false,6,4.213545799,21.53210809887846
sample,CPP,double,brettel,1,65536,false,7,4.274064064,25.524098570687425
sample,CPP,double,brettel,1,65536,false,8,4.207037926,26.428643046005952
sample,CPP,double,vienot,1,65536,false,0,1.225506783,25.574443903868165
sample,CPP,double,vienot,1,65536,false,1,1.236581802,25.287831713130387
sample,CPP,double,vienot,1,65536,false,2,1.214824677,21.999052619211106
sample,CPP,double,vienot,1,65536,false,3,1.216114998,27.217826291294731
sample,CPP,double,vienot,1,65536,false,4,1.228259087,21.424986464637218
sample,CPP,double,vienot,1,65536,false,5,1.215216637,24.098198837872889
sample,CPP,double,vienot,1,65536,false,6,1.215522766,21.634132204165713
sample,CPP,double,vienot,1,65536,false,7,1.226700783,25.871293449301898
sample,CPP,double,vienot,1,65536,false,8,1.226595879,26.1629892948806
sample,CPP,double,prepared,1,65536,false,0,1.212923050,25.315822750286102
sample,CPP,double,prepared,1,65536,false,1,1.213153839,25.037795568154415
sample,CPP,double,prepared,1,65536,false,2,1.209876060,21.752644545738917
sample,CPP,double,prepared,1,65536,false,3,1.222917557,27.078401579812311
sample,CPP,double,prepared,1,65536,false,4,1.212742805,21.281259329419392
sample,CPP,double,prepared,1,65536,false,5,1.222477913,24.330453277401389
sample,CPP,double,prepared,1,65536,false,6,1.211643219,21.591436470901044
sample,CPP,double,prepared,1,65536,false,7,1.219620705,25.360436297245741
sample,CPP,double,prepared,1,65536,false,8,1.210621834,26.491253204577703
sample,CPP,double,lookupApply,1,65536,false,0,10.387840271,25.511553337206681
sample,CPP,double,lookupApply,1,65536,false,1,10.339772224,25.766479506335848
sample,CPP,double,lookupApply,1,65536,false,2,10.354084015,22.710754769346458
sample,CPP,double,lookupApply,1,65536,false,3,10.333503723,27.202172980226443
sample,CPP,double,lookupApply,1,65536,false,4,10.377722740,22.147948448048218
sample,CPP,double,lookupApply,1,65536,false,5,10.327035904,24.001410025886777
sample,CPP,double,lookupApply,1,65536,false,6,10.334401131,21.981695656654303
sample,CPP,double,lookupApply,1,65536,false,7,10.318617821,25.371978782699628
sample,CPP,double,lookupApply,1,65536,false,8,10.394080162,26.533491654536967
sample,CPP,double,lookup,1,65536,false,0,5.901292801,33.289563600000001
sample,CPP,double,lookup,1,65536,false,1,5.958104134,44.514726719999992
sample,CPP,double,lookup,1,65536,false,2,5.925197601,46.30270608
sample,CPP,double,lookup,1,65536,false,3,5.937581062,45.112875519999996
sample,CPP,double,lookup,1,65536,false,4,5.914697647,44.077140159999992
sample,CPP,double,lookup,1,65536,false,5,5.883655548,43.1105904
sample,CPP,double,lookup,1,65536,false,6,5.916254997,42.185777440000003
sample,CPP,double,lookup,1,65536,false,7,5.921490669,41.377827520000004
sample,CPP,double,lookup,1,65536,false,8,5.931494713,40.58736983
sample,CPP,double,brettel,2,65536,false,0,4.232024193,26.502420949263751
sample,CPP,double,brettel,2,65536,false,1,4.215685844,24.719619299000534
sample,CPP,double,brettel,2,65536,false,2,4.238960266,21.066839966887922
sample,CPP,double,brettel,2,65536,false,3,4.219813347,27.536287824826427
sample,CPP,double,brettel,2,65536,false,4,4.231470108,20.923758282597085
sample,CPP,double,brettel,2,65536,false,5,4.232970238,26.735651752956432
sample,CPP,double,brettel,2,65536,false,6,4.239180565,22.039111659876401
sample,CPP,double,brettel,2,65536,false,7,4.212827682,24.745709838406956
sample,CPP,double,brettel,2,65536,false,8,4.225975990,28.63366751659418
sample,CPP,double,prepared,2,65536,false,0,1.212273598,24.282834379774165
sample,CPP,double,prepared,2,65536,false,1,1.235625267,24.840977925947964
sample,CPP,double,prepared,2,65536,false,2,1.254811287,21.953706132753485
sample,CPP,double,prepared,2,65536,false,3,1.213210106,26.872323485038528
sample,CPP,double,prepared,2,65536,false,4,1.218283653,21.787783263805604
sample,CPP,double,prepared,2,65536,false,5,1.234192848,24.456510970969706
sample,CPP,double,prepared,2,65536,false,6,1.233437538,21.978595940749219
sample,CPP,double,prepared,2,65536,false,7,1.208270073,24.376591198809795
sample,CPP,double,prepared,2,65536,false,8,1.217883110,27.184409762706952
sample,CPP,double,lookupApply,2,65536,false,0,10.345476151,24.65400314768215
sample,CPP,double,lookupApply,2,65536,false,1,10.449094772,26.12693338831555
sample,CPP,double,lookupApply,2,65536,false,2,10.373747826,22.691785298781411
sample,CPP,double,lookupApply,2,65536,false,3,10.337593079,27.16161314815351
sample,CPP,double,lookupApply,2,65536,false,4,10.363553047,22.173848318690773
sample,CPP,double,lookupApply,2,65536,false,5,10.327388763,24.032991671904171
sample,CPP,double,lookupApply,2,65536,false,6,10.327628136,22.034040523355156
sample,CPP,double,lookupApply,2,65536,false,7,10.432479858,25.090091496262463
sample,CPP,double,lookupApply,2,65536,false,8,10.342399597,26.749319196254216
sample,CPP,double,lookup,2,65536,false,0,5.923478127,40.857734549999996
sample,CPP,double,lookup,2,65536,false,1,5.941260338,46.036463310000002
sample,CPP,double,lookup,2,65536,false,2,5.895771027,46.527020879999995
sample,CPP,double,lookup,2,65536,false,3,5.926029205,45.50780872
sample,CPP,double,lookup,2,65536,false,4,5.961840630,44.753353359999998
sample,CPP,double,lookup,2,65536,false,5,5.901560783,44.117768400000003
sample,CPP,double,lookup,2,65536,false,6,5.924061775,43.578705589999984
sample,CPP,double,lookup,2,65536,false,7,5.887859344,43.309904799999998
sample,CPP,double,lookup,2,65536,false,8,5.903480530,43.081174050000001
