metadata,D,frontend=2113,n=65536,warmup=3,rounds=9,repeats=16,AoS,bounds=on
sample,D,double,lookup,2,65536,true,0,30.990123749,40.857734549999996
sample,D,double,lookup,2,65536,true,1,31.029605865,46.036463310000002
sample,D,double,lookup,2,65536,true,2,30.724048615,46.527020879999995
sample,D,double,lookup,2,65536,true,3,30.851745605,45.50780872
sample,D,double,lookup,2,65536,true,4,30.654907227,44.753353359999998
sample,D,double,lookup,2,65536,true,5,30.644893646,44.117768400000003
sample,D,double,lookup,2,65536,true,6,30.793762207,43.578705589999984
sample,D,double,lookup,2,65536,true,7,31.030273438,43.309904799999998
sample,D,double,lookup,2,65536,true,8,30.777359009,43.081174050000001
sample,D,double,lookupApply,2,65536,true,0,41.496276855,24.65400314768215
sample,D,double,lookupApply,2,65536,true,1,41.555786133,26.12693338831555
sample,D,double,lookupApply,2,65536,true,2,41.683673859,22.691785298781411
sample,D,double,lookupApply,2,65536,true,3,41.485309601,27.16161314815351
sample,D,double,lookupApply,2,65536,true,4,41.387939453,22.173848318690773
sample,D,double,lookupApply,2,65536,true,5,41.684627533,24.032991671904171
sample,D,double,lookupApply,2,65536,true,6,41.595077515,22.034040523355156
sample,D,double,lookupApply,2,65536,true,7,41.539669037,25.090091496262463
sample,D,double,lookupApply,2,65536,true,8,41.614723206,26.749319196254216
sample,D,double,prepared,2,65536,true,0,14.760494232,24.282834379774165
sample,D,double,prepared,2,65536,true,1,14.774417877,24.840977925947964
sample,D,double,prepared,2,65536,true,2,14.745998383,21.953706132753485
sample,D,double,prepared,2,65536,true,3,14.822959900,26.872323485038528
sample,D,double,prepared,2,65536,true,4,14.758491516,21.787783263805604
sample,D,double,prepared,2,65536,true,5,14.821147919,24.456510970969706
sample,D,double,prepared,2,65536,true,6,14.777278900,21.978595940749219
sample,D,double,prepared,2,65536,true,7,14.765262604,24.376591198809795
sample,D,double,prepared,2,65536,true,8,14.749908447,27.184409762706952
sample,D,double,brettel,2,65536,true,0,21.099758148,26.502420949263751
sample,D,double,brettel,2,65536,true,1,20.702266693,24.719619299000534
sample,D,double,brettel,2,65536,true,2,20.509052277,21.066839966887922
sample,D,double,brettel,2,65536,true,3,20.451354980,27.536287824826427
sample,D,double,brettel,2,65536,true,4,20.471477509,20.923758282597085
sample,D,double,brettel,2,65536,true,5,20.454788208,26.735651752956432
sample,D,double,brettel,2,65536,true,6,20.403289795,22.039111659876401
sample,D,double,brettel,2,65536,true,7,20.399188995,24.745709838406956
sample,D,double,brettel,2,65536,true,8,20.359134674,28.63366751659418
sample,D,double,lookup,1,65536,true,0,30.799579620,33.289563600000001
sample,D,double,lookup,1,65536,true,1,30.605125427,44.514726719999992
sample,D,double,lookup,1,65536,true,2,30.658912659,46.30270608
sample,D,double,lookup,1,65536,true,3,30.688571930,45.112875519999996
sample,D,double,lookup,1,65536,true,4,30.850982666,44.077140159999992
sample,D,double,lookup,1,65536,true,5,30.612945557,43.1105904
sample,D,double,lookup,1,65536,true,6,30.931091309,42.185777440000003
sample,D,double,lookup,1,65536,true,7,30.889415741,41.377827520000004
sample,D,double,lookup,1,65536,true,8,30.762863159,40.58736983
sample,D,double,lookupApply,1,65536,true,0,41.435146332,25.511553337206681
sample,D,double,lookupApply,1,65536,true,1,41.455268860,25.766479506335848
sample,D,double,lookupApply,1,65536,true,2,41.457080841,22.710754769346458
sample,D,double,lookupApply,1,65536,true,3,41.403198242,27.202172980226443
sample,D,double,lookupApply,1,65536,true,4,41.440582275,22.147948448048218
sample,D,double,lookupApply,1,65536,true,5,41.547870636,24.001410025886777
sample,D,double,lookupApply,1,65536,true,6,41.522407532,21.981695656654303
sample,D,double,lookupApply,1,65536,true,7,43.791103363,25.371978782699628
sample,D,double,lookupApply,1,65536,true,8,41.335296631,26.533491654536967
sample,D,double,prepared,1,65536,true,0,14.761638641,25.315822750286102
sample,D,double,prepared,1,65536,true,1,14.815044403,25.037795568154415
sample,D,double,prepared,1,65536,true,2,14.809036255,21.752644545738917
sample,D,double,prepared,1,65536,true,3,14.787673950,27.078401579812311
sample,D,double,prepared,1,65536,true,4,14.764022827,21.281259329419392
sample,D,double,prepared,1,65536,true,5,14.764308929,24.330453277401389
sample,D,double,prepared,1,65536,true,6,14.759445190,21.591436470901044
sample,D,double,prepared,1,65536,true,7,14.769649506,25.360436297245741
sample,D,double,prepared,1,65536,true,8,14.774703979,26.491253204577703
sample,D,double,brettel,1,65536,true,0,21.570301056,25.534799323720147
sample,D,double,brettel,1,65536,true,1,21.871662140,25.076469247272449
sample,D,double,brettel,1,65536,true,2,21.104907990,21.689719175402452
sample,D,double,brettel,1,65536,true,3,20.930671692,27.13774279056992
sample,D,double,brettel,1,65536,true,4,20.897102356,21.176441111772334
sample,D,double,brettel,1,65536,true,5,20.882797241,24.382196438086517
sample,D,double,brettel,1,65536,true,6,20.970153809,21.53210809887846
sample,D,double,brettel,1,65536,true,7,20.919990540,25.524098570687425
sample,D,double,brettel,1,65536,true,8,20.766353607,26.428643046005952
sample,D,double,vienot,1,65536,true,0,19.588279724,25.574443903868165
sample,D,double,vienot,1,65536,true,1,19.441795349,25.287831713130387
sample,D,double,vienot,1,65536,true,2,19.568538666,21.999052619211106
sample,D,double,vienot,1,65536,true,3,19.438743591,27.217826291294731
sample,D,double,vienot,1,65536,true,4,19.490337372,21.424986464637218
sample,D,double,vienot,1,65536,true,5,19.762134552,24.098198837872889
sample,D,double,vienot,1,65536,true,6,19.880104065,21.634132204165713
sample,D,double,vienot,1,65536,true,7,19.459915161,25.871293449301898
sample,D,double,vienot,1,65536,true,8,19.816303253,26.1629892948806
sample,D,double,lookup,0,65536,true,0,30.651283264,33.045182099999998
sample,D,double,lookup,0,65536,true,1,30.634784698,44.497450619999995
sample,D,double,lookup,0,65536,true,2,30.649948120,46.422605999999995
sample,D,double,lookup,0,65536,true,3,30.639553070,45.314874399999994
sample,D,double,lookup,0,65536,true,4,30.677604675,44.331214719999998
sample,D,double,lookup,0,65536,true,5,30.614566803,43.403260799999998
sample,D,double,lookup,0,65536,true,6,30.671501160,42.509996679999993
sample,D,double,lookup,0,65536,true,7,30.920410156,41.713863999999994
sample,D,double,lookup,0,65536,true,8,30.717468262,40.932294199999994
sample,D,double,lookupApply,0,65536,true,0,41.468334198,26.219325416278018
sample,D,double,lookupApply,0,65536,true,1,42.212295532,25.715705691447777
sample,D,double,lookupApply,0,65536,true,2,41.364002228,22.719300417329979
sample,D,double,lookupApply,0,65536,true,3,41.501617432,27.228463872184328
sample,D,double,lookupApply,0,65536,true,4,41.479110718,22.122360872154424
sample,D,double,lookupApply,0,65536,true,5,41.439056396,23.985236724559542
sample,D,double,lookupApply,0,65536,true,6,41.537189484,21.944273643942932
sample,D,double,lookupApply,0,65536,true,7,41.431617737,25.559802903837348
sample,D,double,lookupApply,0,65536,true,8,41.449928284,26.387423194872969
sample,D,double,prepared,0,65536,true,0,14.752578735,25.892547822980088
sample,D,double,prepared,0,65536,true,1,14.874458313,25.137708251041428
sample,D,double,prepared,0,65536,true,2,14.806747437,21.62565024170291
sample,D,double,prepared,0,65536,true,3,14.750671387,27.189095090333414
sample,D,double,prepared,0,65536,true,4,14.829254150,20.985025676256964
sample,D,double,prepared,0,65536,true,5,14.740371704,24.270047646395057
sample,D,double,prepared,0,65536,true,6,14.748096466,21.368348666475931
sample,D,double,prepared,0,65536,true,7,14.778137207,25.896581830243385
sample,D,double,prepared,0,65536,true,8,14.747524261,26.1119497292134
sample,D,double,brettel,0,65536,true,0,20.959758759,26.546345526970324
sample,D,double,brettel,0,65536,true,1,20.538997650,24.735647214923322
sample,D,double,brettel,0,65536,true,2,20.594978333,20.691973585564966
sample,D,double,brettel,0,65536,true,3,20.459365845,27.118657208514538
sample,D,double,brettel,0,65536,true,4,20.397853851,19.981191364766918
sample,D,double,brettel,0,65536,true,5,20.250988007,24.873532426947431
sample,D,double,brettel,0,65536,true,6,20.301628113,20.825579886015106
sample,D,double,brettel,0,65536,true,7,20.180988312,25.732820218051423
sample,D,double,brettel,0,65536,true,8,20.197200775,26.265389947661554
sample,D,double,vienot,0,65536,true,0,19.712352753,26.449062417486839
sample,D,double,vienot,0,65536,true,1,19.668865204,25.150692779278241
sample,D,double,vienot,0,65536,true,2,19.680309296,21.379792035553521
sample,D,double,vienot,0,65536,true,3,19.707870483,27.25941137560082
sample,D,double,vienot,0,65536,true,4,19.671726227,20.586748521705957
sample,D,double,vienot,0,65536,true,5,19.686222076,24.295159063553825
sample,D,double,vienot,0,65536,true,6,19.689273834,21.09505684748607
sample,D,double,vienot,0,65536,true,7,19.667816162,26.304007936980238
sample,D,double,vienot,0,65536,true,8,19.779300690,25.810235525749594
sample,D,float,lookup,2,65536,true,0,23.934459686,40.857734709978104
sample,D,float,lookup,2,65536,true,1,23.989200592,46.036463290452957
sample,D,float,lookup,2,65536,true,2,23.973751068,46.527020871639252
sample,D,float,lookup,2,65536,true,3,24.097728729,45.507808744907379
sample,D,float,lookup,2,65536,true,4,23.991584778,44.753353238105774
sample,D,float,lookup,2,65536,true,5,24.002170563,44.117768347263336
sample,D,float,lookup,2,65536,true,6,24.021053314,43.578705310821533
sample,D,float,lookup,2,65536,true,7,23.995971680,43.3099045753479
sample,D,float,lookup,2,65536,true,8,23.953342438,43.081173896789551
sample,D,float,lookupApply,2,65536,true,0,34.708404541,24.654002986848354
sample,D,float,lookupApply,2,65536,true,1,34.472465515,26.126933362334967
sample,D,float,lookupApply,2,65536,true,2,34.367275238,22.691785180941224
sample,D,float,lookupApply,2,65536,true,3,34.527873993,27.161613024771214
sample,D,float,lookupApply,2,65536,true,4,34.461498260,22.173848301172256
sample,D,float,lookupApply,2,65536,true,5,34.463596344,24.032991722226143
sample,D,float,lookupApply,2,65536,true,6,34.398651123,22.034040294587612
sample,D,float,lookupApply,2,65536,true,7,34.451198578,25.090091709047556
sample,D,float,lookupApply,2,65536,true,8,34.420967102,26.749319061636925
sample,D,float,prepared,2,65536,true,0,12.841796875,24.282835682854056
sample,D,float,prepared,2,65536,true,1,12.834072113,24.840979125350714
sample,D,float,prepared,2,65536,true,2,12.911319733,21.953707084059715
sample,D,float,prepared,2,65536,true,3,12.827014923,26.872324626892805
sample,D,float,prepared,2,65536,true,4,12.851810455,21.787784215062857
sample,D,float,prepared,2,65536,true,5,12.833786011,24.456511905882508
sample,D,float,prepared,2,65536,true,6,12.848949432,21.978596644476056
sample,D,float,prepared,2,65536,true,7,12.873458862,24.376592082902789
sample,D,float,prepared,2,65536,true,8,12.876224518,27.184410942718387
sample,D,float,brettel,2,65536,true,0,43.022537231,26.502421341836452
sample,D,float,brettel,2,65536,true,1,42.622947693,24.719619728624821
sample,D,float,brettel,2,65536,true,2,42.433452606,21.066840212792158
sample,D,float,brettel,2,65536,true,3,42.430686951,27.536288402974606
sample,D,float,brettel,2,65536,true,4,42.238903046,20.923758588731289
sample,D,float,brettel,2,65536,true,5,42.276954651,26.735652305185795
sample,D,float,brettel,2,65536,true,6,42.201614380,22.039111934602261
sample,D,float,brettel,2,65536,true,7,42.129230499,24.7457105666399
sample,D,float,brettel,2,65536,true,8,42.213535309,28.633668217808008
sample,D,float,lookup,1,65536,true,0,24.021244049,33.289563864469528
sample,D,float,lookup,1,65536,true,1,23.935508728,44.51472681760788
sample,D,float,lookup,1,65536,true,2,24.037265778,46.302706003189087
sample,D,float,lookup,1,65536,true,3,23.920917511,45.11287534236908
sample,D,float,lookup,1,65536,true,4,23.939800262,44.0771404504776
sample,D,float,lookup,1,65536,true,5,23.950767517,43.11059045791626
sample,D,float,lookup,1,65536,true,6,23.928546906,42.185777962207794
sample,D,float,lookup,1,65536,true,7,23.923206329,41.377827763557434
sample,D,float,lookup,1,65536,true,8,24.005985260,40.587369799613953
sample,D,float,lookupApply,1,65536,true,0,34.531974792,25.511553540825844
sample,D,float,lookupApply,1,65536,true,1,34.459686279,25.766479931771755
sample,D,float,lookupApply,1,65536,true,2,34.756469727,22.710754968225956
sample,D,float,lookupApply,1,65536,true,3,34.488201141,27.202172718942165
sample,D,float,lookupApply,1,65536,true,4,34.394836426,22.147948361933231
sample,D,float,lookupApply,1,65536,true,5,34.441471100,24.00140992179513
sample,D,float,lookupApply,1,65536,true,6,34.440708160,21.981695827096701
sample,D,float,lookupApply,1,65536,true,7,34.474563599,25.37197882682085
sample,D,float,lookupApply,1,65536,true,8,34.434413910,26.533491566777229
sample,D,float,prepared,1,65536,true,0,13.005542755,25.315822660923004
sample,D,float,prepared,1,65536,true,1,12.843132019,25.037795731797814
sample,D,float,prepared,1,65536,true,2,12.830352783,21.752644658088684
sample,D,float,prepared,1,65536,true,3,12.864685059,27.078401461243629
sample,D,float,prepared,1,65536,true,4,12.867069244,21.281259275972843
sample,D,float,prepared,1,65536,true,5,12.848472595,24.330453272908926
sample,D,float,prepared,1,65536,true,6,12.836360931,21.591436324641109
sample,D,float,prepared,1,65536,true,7,12.862682343,25.360435828566551
sample,D,float,prepared,1,65536,true,8,12.832260132,26.491253614425659
sample,D,float,brettel,1,65536,true,0,43.517875671,25.534799598157406
sample,D,float,brettel,1,65536,true,1,43.085002899,25.07646924443543
sample,D,float,brettel,1,65536,true,2,42.649269104,21.689719244837761
sample,D,float,brettel,1,65536,true,3,42.553138733,27.137742713093758
sample,D,float,brettel,1,65536,true,4,42.545032501,21.17644090950489
sample,D,float,brettel,1,65536,true,5,42.547893524,24.382196452468634
sample,D,float,brettel,1,65536,true,6,42.365550995,21.53210780583322
sample,D,float,brettel,1,65536,true,7,42.510128021,25.524098739027977
sample,D,float,brettel,1,65536,true,8,42.699050903,26.428642630577087
sample,D,float,vienot,1,65536,true,0,22.707653046,25.574443757534027
sample,D,float,vienot,1,65536,true,1,22.721385956,25.287831455469131
sample,D,float,vienot,1,65536,true,2,22.688674927,21.999052695930004
sample,D,float,vienot,1,65536,true,3,22.669792175,27.217826619744301
sample,D,float,vienot,1,65536,true,4,22.732543945,21.424986116588116
sample,D,float,vienot,1,65536,true,5,22.718238831,24.098198719322681
sample,D,float,vienot,1,65536,true,6,22.708606720,21.634132286533713
sample,D,float,vienot,1,65536,true,7,22.706985474,25.871293731033802
sample,D,float,vienot,1,65536,true,8,22.671318054,26.16298907622695
sample,D,float,lookup,0,65536,true,0,23.932075500,33.045182198286057
sample,D,float,lookup,0,65536,true,1,24.075412750,44.497451037168503
sample,D,float,lookup,0,65536,true,2,23.940944672,46.422606825828552
sample,D,float,lookup,0,65536,true,3,23.939990997,45.314875721931458
sample,D,float,lookup,0,65536,true,4,23.933124542,44.331215798854828
sample,D,float,lookup,0,65536,true,5,23.954391479,43.403261423110962
sample,D,float,lookup,0,65536,true,6,24.018764496,42.509996771812439
sample,D,float,lookup,0,65536,true,7,38.565254211,41.713864088058472
sample,D,float,lookup,0,65536,true,8,32.011604309,40.932294249534607
sample,D,float,lookupApply,0,65536,true,0,34.411716461,26.21932577714324
sample,D,float,lookupApply,0,65536,true,1,34.438419342,25.715705743059516
sample,D,float,lookupApply,0,65536,true,2,34.398555756,22.719300783239305
sample,D,float,lookupApply,0,65536,true,3,34.396553040,27.228464782238007
sample,D,float,lookupApply,0,65536,true,4,34.387397766,22.122360982000828
sample,D,float,lookupApply,0,65536,true,5,34.427452087,23.985237155109644
sample,D,float,lookupApply,0,65536,true,6,34.467220306,21.944273607805371
sample,D,float,lookupApply,0,65536,true,7,34.512329102,25.559803046286106
sample,D,float,lookupApply,0,65536,true,8,34.432411194,26.387423418462276
sample,D,float,prepared,0,65536,true,0,12.840557098,25.892548087984324
sample,D,float,prepared,0,65536,true,1,12.848949432,25.137708736583591
sample,D,float,prepared,0,65536,true,2,12.834358215,21.625650234520435
sample,D,float,prepared,0,65536,true,3,12.857627869,27.189095482230186
sample,D,float,prepared,0,65536,true,4,12.844753265,20.985025614500046
sample,D,float,prepared,0,65536,true,5,12.839031219,24.270047932863235
sample,D,float,prepared,0,65536,true,6,12.837028503,21.368348833173513
sample,D,float,prepared,0,65536,true,7,12.839317322,25.89658223092556
sample,D,float,prepared,0,65536,true,8,12.963867188,26.111949853599072
sample,D,float,brettel,0,65536,true,0,42.988300323,26.546345517039299
sample,D,float,brettel,0,65536,true,1,42.385578156,24.735647335648537
sample,D,float,brettel,0,65536,true,2,42.203617096,20.691973328590393
sample,D,float,brettel,0,65536,true,3,42.217254639,27.11865770816803
sample,D,float,brettel,0,65536,true,4,42.176532745,19.981191456317902
sample,D,float,brettel,0,65536,true,5,42.127704620,24.873532507568598
sample,D,float,brettel,0,65536,true,6,41.993618011,20.825579397380352
sample,D,float,brettel,0,65536,true,7,41.962718964,25.732820298522711
sample,D,float,brettel,0,65536,true,8,41.902065277,26.265389870852232
sample,D,float,vienot,0,65536,true,0,22.695350647,26.449061840772629
sample,D,float,vienot,0,65536,true,1,22.639274597,25.150692444294691
sample,D,float,vienot,0,65536,true,2,22.658061981,21.379791460931301
sample,D,float,vienot,0,65536,true,3,22.690296173,27.259410843253136
sample,D,float,vienot,0,65536,true,4,22.665691376,20.586747944355011
sample,D,float,vienot,0,65536,true,5,22.662830353,24.295158978551626
sample,D,float,vienot,0,65536,true,6,22.659015656,21.095056345686316
sample,D,float,vienot,0,65536,true,7,22.680568695,26.304007358849049
sample,D,float,vienot,0,65536,true,8,22.663974762,25.81023507937789
