case,model,r,g,b
black,bp,0,0,0
black,bd,0,0,0
black,bt,0,0,0
black,vp,0,0,0
black,vd,0,0,0
white,bp,1,1,1
white,bd,1,1.00001,1
white,bt,0.99999,1,1
white,vp,1,1,1
white,vd,1,1,1
gray,bp,0.5,0.5,0.5
gray,bd,0.5,0.500005,0.5
gray,bt,0.499995,0.5,0.5
gray,vp,0.5,0.5,0.5
gray,vd,0.5,0.5,0.5
red,bp,0.1498,0.10764,0.00384
red,bd,0.37298,0.25954,-0.0198
red,bt,1.01277,-0.01243,0.07589
red,vp,0.11238,0.11238,0.00401
red,vd,0.29275,0.29275,-0.02234
green,bp,1.19548,0.84864,-0.0054
green,bd,0.88166,0.63506,0.02784
green,bt,0.18979,0.81526,1.12767
green,vp,0.88762,0.88762,-0.00401
green,vd,0.70725,0.70725,0.02234
blue,bp,-0.30742,0.03892,1.00139
blue,bd,-0.22858,0.09462,0.99278
blue,bt,-0.12657,0.1232,0.24796
blue,vp,0,0,1
blue,vd,0,0,1
cyan,bp,0.8543,0.89183,0.99615
cyan,bd,0.63523,0.73707,1.02006
cyan,bt,0.06322,0.93846,1.37563
cyan,vp,0.88762,0.88762,0.99599
cyan,vd,0.70725,0.70725,1.02234
magenta,bp,-0.16172,0.14708,1.00525
magenta,bd,0.13619,0.35756,0.97272
magenta,bt,0.86451,0.13188,0.195
magenta,vp,0.11238,0.11238,1.00401
magenta,vd,0.29275,0.29275,0.97766
yellow,bp,1.34528,0.95628,-0.00156
yellow,bd,1.25464,0.8946,0.00804
yellow,bt,1.14825,0.85569,0.88089
yellow,vp,1,1,0
yellow,vd,1,1,0
interior1,bp,0.278634,0.39004,0.699649
interior1,bd,0.258472,0.375802,0.701846
interior1,bt,0.174673,0.424652,0.549516
interior1,vp,0.377524,0.377524,0.699198
interior1,vd,0.34145,0.34145,0.704468
interior2,bp,0.5938608,0.5112712,0.3079048
interior2,bd,0.4720952,0.4283984,0.3208024
interior2,bt,0.190725,0.5108904,0.6708089
interior2,vp,0.5205528,0.5205528,0.3082356
interior2,vd,0.44119,0.44119,0.3198296
interior3,bp,0.2514048,0.3019853,0.4425716
interior3,bd,0.3972125,0.4050071,0.4266484
interior3,bt,0.7963974,0.2529714,0.2997882
interior3,vp,0.2963042,0.2963042,0.4423659
interior3,vd,0.4027225,0.4027225,0.4268194