variant,scalar,mode,deficiency,n,samples,min_ns,median_ns,max_ns
index,double,brettel,0,1024,54,3.790283203,3.80859375,5.920410156
index,double,brettel,0,65536,54,3.846740723,3.8727283475,4.766368866
index,double,brettel,0,8191,54,3.76709193,3.8403430595000003,4.53088756
index,double,brettel,1,1024,54,3.790283203,3.802490234,5.865478516
index,double,brettel,1,65536,54,3.854846954,3.8689613345,3.945732117
index,double,brettel,1,8191,54,3.7640398,3.8357648639999997,4.209650836
index,double,brettel,2,1024,54,3.790283203,3.820800781,5.792236328
index,double,brettel,2,65536,54,3.856563568,3.874397278,3.903484344
index,double,brettel,2,8191,54,3.786167745,3.859037358,6.067635209
index,double,lookup,0,1024,54,8.349609375,8.374023438,11.242675781
index,double,lookup,0,65536,54,8.509635925,8.545923233,8.680152893
index,double,lookup,0,8191,54,8.475003052,8.5192589425,8.849652057
index,double,lookup,1,1024,54,8.349609375,8.367919922,10.15625
index,double,lookup,1,65536,54,8.511638641,8.5542678835,8.675003052
index,double,lookup,1,8191,54,8.473476987,8.520785008,9.24413991
index,double,lookup,2,1024,54,8.349609375,8.37097168,10.25390625
index,double,lookup,2,65536,54,8.514118195,8.5553169255,8.6602211
index,double,lookup,2,8191,54,8.469661824,8.5596996705,9.234220486
index,double,lookupApply,0,1024,54,11.456298828,11.480712891,14.056396484
index,double,lookupApply,0,65536,54,11.647319794,11.671113968,14.477729797
index,double,lookupApply,0,8191,54,11.544683189,11.6232755465,11.932303748
index,double,lookupApply,1,1024,54,11.456298828,11.480712891,16.864013672
index,double,lookupApply,1,65536,54,11.653137207,11.672782898,12.443351746
index,double,lookupApply,1,8191,54,11.542394091,11.6301428395,13.195122696
index,double,lookupApply,2,1024,54,11.456298828,11.486816406,30.364990234
index,double,lookupApply,2,65536,54,11.652183533,11.684083938499999,11.846637726
index,double,lookupApply,2,8191,54,11.544683189,11.6454034915,12.310767916
index,double,prepared,0,1024,54,1.220703125,1.226806641,1.385498047
index,double,prepared,0,65536,54,1.241111755,1.2537956239999999,1.34563446
index,double,prepared,0,8191,54,1.211695764,1.215510927,1.678671713
index,double,prepared,1,1024,54,1.220703125,1.226806641,1.892089844
index,double,prepared,1,65536,54,1.237869263,1.2544155125,1.319980621
index,double,prepared,1,8191,54,1.210932731,1.213984861,1.405506043
index,double,prepared,2,1024,54,1.220703125,1.226806641,1.239013672
index,double,prepared,2,65536,54,1.239776611,1.258468628,1.374149323
index,double,prepared,2,8191,54,1.206354535,1.217036992,3.223812721
index,double,vienot,0,1024,54,1.049804688,1.049804688,2.642822266
index,double,vienot,0,65536,54,1.073455811,1.098680496,1.939105988
index,double,vienot,0,8191,54,1.04611769,1.0674826030000002,1.433738249
index,double,vienot,1,1024,54,1.049804688,1.049804688,1.062011719
index,double,vienot,1,65536,54,1.074409485,1.08962059,1.231384277
index,double,vienot,1,8191,54,1.054511049,1.056037114,1.204065438
index,float,brettel,0,1024,54,2.362060547,2.44140625,5.493164062
index,float,brettel,0,65536,54,2.397918701,2.4658203125,2.534103394
index,float,brettel,0,8191,54,2.3478513,2.429495788,2.592784764
index,float,brettel,1,1024,54,2.398681641,2.44140625,2.496337891
index,float,brettel,1,65536,54,2.454853058,2.4747848515,2.523326874
index,float,brettel,1,8191,54,2.425680625,2.429495788,3.058234648
index,float,brettel,2,1024,54,2.404785156,2.416992188,3.588867188
index,float,brettel,2,65536,54,2.456665039,2.472305298,2.510261536
index,float,brettel,2,8191,54,2.407367843,2.4291142715,3.0383958
index,float,lookup,0,1024,54,6.671142578,6.896972656,25.238037109
index,float,lookup,0,65536,54,6.791591644,6.8474292755,7.322406769
index,float,lookup,0,8191,54,6.691795874,6.9664876085,9.186149432
index,float,lookup,1,1024,54,6.665039062,6.903076172,8.837890625
index,float,lookup,1,65536,54,6.792163849,6.854057312,7.43522644
index,float,lookup,1,8191,54,6.713160786,6.910786228999999,7.283146136
index,float,lookup,2,1024,54,6.677246094,7.125854492,8.59375
index,float,lookup,2,65536,54,6.794452667,7.0017814635,12.090873718
index,float,lookup,2,8191,54,6.687980711,6.8749236965,7.25491393
index,float,lookupApply,0,1024,54,9.521484375,9.5947265625,15.661621094
index,float,lookupApply,0,65536,54,9.696578979,9.738254547,11.22379303
index,float,lookupApply,0,8191,54,9.634049567,9.700814918999999,10.712214626
index,float,lookupApply,1,1024,54,9.503173828,9.576416016,11.767578125
index,float,lookupApply,1,65536,54,9.694099426,9.736728668,10.910987854
index,float,lookupApply,1,8191,54,9.62336711,9.6786869735,10.410053717
index,float,lookupApply,2,1024,54,9.515380859,9.594726562,13.879394531
index,float,lookupApply,2,65536,54,9.701442719,9.7365379335,11.987018585
index,float,lookupApply,2,8191,54,9.628708338,9.6878433645,10.308570382
index,float,prepared,0,1024,54,1.403808594,1.409912109,8.813476562
index,float,prepared,0,65536,54,1.455497742,1.4878749844999999,1.567363739
index,float,prepared,0,8191,54,1.44289464,1.461207423,2.055609816
index,float,prepared,1,1024,54,1.403808594,1.409912109,2.478027344
index,float,prepared,1,65536,54,1.472568512,1.509475708,1.537227631
index,float,prepared,1,8191,54,1.455103162,1.4623519715,1.629837627
index,float,prepared,2,1024,54,1.403808594,1.409912109,2.496337891
index,float,prepared,2,65536,54,1.496696472,1.508951187,1.540184021
index,float,prepared,2,8191,54,1.454340129,1.462733488,1.544377976
index,float,vienot,0,1024,54,1.055908203,1.068115234,2.777099609
index,float,vienot,0,65536,54,1.074409485,1.0918617249999998,1.114559174
index,float,vienot,0,8191,54,1.059089244,1.076638994,1.231534611
index,float,vienot,1,1024,54,1.055908203,1.068115234,2.404785156
index,float,vienot,1,65536,54,1.083755493,1.0977745054999999,1.180839539
index,float,vienot,1,8191,54,1.076638994,1.078165059,1.188804786
lookup,double,lookup,0,1024,54,8.343505859,8.367919922,12.579345703
lookup,double,lookup,0,65536,54,8.499622345,8.547401428499999,9.069538116
lookup,double,lookup,0,8191,54,8.4597424,8.5600811865,10.832010743
lookup,double,lookup,1,1024,54,8.349609375,8.374023438,10.797119141
lookup,double,lookup,1,65536,54,8.48941803,8.550405502,9.117984772
lookup,double,lookup,1,8191,54,8.457453302,8.531467464,11.149432304
lookup,double,lookup,2,1024,54,8.349609375,8.367919922,10.266113281
lookup,double,lookup,2,65536,54,8.499908447,8.5517406465,9.133243561
lookup,double,lookup,2,8191,54,8.455164205,8.560844219,9.054907826
lookup,float,lookup,0,1024,54,6.671142578,6.698608398499999,8.862304688
lookup,float,lookup,0,65536,54,6.791687012,7.0743083955,7.39812851
lookup,float,lookup,0,8191,54,6.723843243,7.027530216000001,7.630325968
lookup,float,lookup,1,1024,54,6.671142578,6.689453125,10.797119141
lookup,float,lookup,1,65536,54,6.803512573,7.1555137635,7.475280762
lookup,float,lookup,1,8191,54,6.74368209,7.061485167,7.74554389
lookup,float,lookup,2,1024,54,6.665039062,6.704711914,10.333251953
lookup,float,lookup,2,65536,54,6.792545319,7.06782341,7.35206604
lookup,float,lookup,2,8191,54,6.689506776,6.987852521000001,7.406757417
oldindex,double,brettel,0,1024,54,3.796386719,3.80859375,5.944824219
oldindex,double,brettel,0,65536,54,3.845214844,3.86800766,3.9727211
oldindex,double,brettel,0,8191,54,3.766328898,3.858655842,4.617873276
oldindex,double,brettel,1,1024,54,3.796386719,3.802490234,4.418945312
oldindex,double,brettel,1,65536,54,3.843021393,3.8622379305,3.958797455
oldindex,double,brettel,1,8191,54,3.768617995,3.8067696250000003,3.965480405
oldindex,double,brettel,2,1024,54,3.790283203,3.814697266,5.212402344
oldindex,double,brettel,2,65536,54,3.847503662,3.868579865,3.951263428
oldindex,double,brettel,2,8191,54,3.780063484,3.865523135,4.968105237
oldindex,double,lookup,0,1024,54,8.349609375,8.37097168,12.225341797
oldindex,double,lookup,0,65536,54,8.498764038,8.538818359,8.759403229
oldindex,double,lookup,0,8191,54,8.467372726,8.528415334,8.887040654
oldindex,double,lookup,1,1024,54,8.349609375,8.374023438,10.113525391
oldindex,double,lookup,1,65536,54,8.495235443,8.5347652435,8.666706085
oldindex,double,lookup,1,8191,54,8.475766085,8.5284153335,9.249481138
oldindex,double,lookup,2,1024,54,8.355712891,8.410644531500001,10.992431641
oldindex,double,lookup,2,65536,54,8.514881134,8.551311493,8.834457397
oldindex,double,lookup,2,8191,54,8.475003052,8.552832377,9.147997802
oldindex,double,lookupApply,0,1024,54,11.462402344,11.486816406,14.404296875
oldindex,double,lookupApply,0,65536,54,11.604881287,11.667346954500001,11.746692657
oldindex,double,lookupApply,0,8191,54,11.542394091,11.629761323,12.112379441
oldindex,double,lookupApply,1,1024,54,11.450195312,11.474609375,12.927246094
oldindex,double,lookupApply,1,65536,54,11.602687836,11.668920517,11.807155609
oldindex,double,lookupApply,1,8191,54,11.543157124,11.616789769499999,11.778934196
oldindex,double,lookupApply,2,1024,54,11.456298828,11.4837646485,27.5390625
oldindex,double,lookupApply,2,65536,54,11.630630493,11.662483215,11.812019348
oldindex,double,lookupApply,2,8191,54,11.545446221,11.6541783665,12.149768038
oldindex,double,prepared,0,1024,54,1.220703125,1.220703125,1.85546875
oldindex,double,prepared,0,65536,54,1.232624054,1.249885559,1.327514648
oldindex,double,prepared,0,8191,54,1.210932731,1.213984861,1.30173361
oldindex,double,prepared,1,1024,54,1.220703125,1.226806641,6.072998047
oldindex,double,prepared,1,65536,54,1.231384277,1.2472629545,1.374149323
oldindex,double,prepared,1,8191,54,1.211695764,1.214747894,1.312416066
oldindex,double,prepared,2,1024,54,1.220703125,1.232910156,2.874755859
oldindex,double,prepared,2,65536,54,1.229953766,1.2540340424999998,1.977443695
oldindex,double,prepared,2,8191,54,1.205591503,1.213984861,3.522921499
oldindex,double,vienot,0,1024,54,1.049804688,1.049804688,2.996826172
oldindex,double,vienot,0,65536,54,1.063919067,1.0862827305,1.150226593
oldindex,double,vienot,0,8191,54,1.047643755,1.059852277,1.186515688
oldindex,double,vienot,1,1024,54,1.049804688,1.0528564455,1.885986328
oldindex,double,vienot,1,65536,54,1.071166992,1.0885238645,1.233482361
oldindex,double,vienot,1,8191,54,1.054511049,1.0556555975,1.306311806
oldindex,float,brettel,0,1024,54,2.362060547,2.44140625,4.321289062
oldindex,float,brettel,0,65536,54,2.410984039,2.4659633635000002,2.511501312
oldindex,float,brettel,0,8191,54,2.343273105,2.428351239,2.82093151
oldindex,float,brettel,1,1024,54,2.404785156,2.44140625,22.430419922
oldindex,float,brettel,1,65536,54,2.441596985,2.471256256,2.552223206
oldindex,float,brettel,1,8191,54,2.425680625,2.4329294345,3.136063973
oldindex,float,brettel,2,1024,54,2.404785156,2.416992188,5.444335938
oldindex,float,brettel,2,65536,54,2.455615997,2.4718284605000003,2.518367767
oldindex,float,brettel,2,8191,54,2.409656941,2.4298773044999997,3.364210719
oldindex,float,lookup,0,1024,54,6.677246094,6.893920898499999,11.315917969
oldindex,float,lookup,0,65536,54,6.785392761,7.027435303,7.306480408
oldindex,float,lookup,0,8191,54,6.696374069,6.9859449394999995,9.313575876
oldindex,float,lookup,1,1024,54,6.683349609,6.909179688,8.605957031
oldindex,float,lookup,1,65536,54,6.778430939,7.034063339,7.768821716
oldindex,float,lookup,1,8191,54,6.693321939,6.904681968,7.318245635
oldindex,float,lookup,2,1024,54,6.665039062,6.90612793,8.258056641
oldindex,float,lookup,2,65536,54,6.787586212,6.8372249605,7.350635529
oldindex,float,lookup,2,8191,54,6.681113417,6.793279209,7.719600781
oldindex,float,lookupApply,0,1024,54,9.521484375,9.558105469,11.212158203
oldindex,float,lookupApply,0,65536,54,9.708881378,9.7380161285,9.861278534
oldindex,float,lookupApply,0,8191,54,9.621841045,9.706919179500002,10.289494567
oldindex,float,lookupApply,1,1024,54,9.527587891,9.594726562,25.567626953
oldindex,float,lookupApply,1,65536,54,9.698963165,9.738445282,9.891223907
oldindex,float,lookupApply,1,8191,54,9.606580393,9.670293614999999,10.554266878
oldindex,float,lookupApply,2,1024,54,9.533691406,9.5794677735,12.493896484
oldindex,float,lookupApply,2,65536,54,9.699058533,9.734249115,9.799575806
oldindex,float,lookupApply,2,8191,54,9.636338664,9.6798315225,10.584788182
oldindex,float,prepared,0,1024,54,1.409912109,1.409912109,2.423095703
oldindex,float,prepared,0,65536,54,1.454925537,1.486301422,1.675415039
oldindex,float,prepared,0,8191,54,1.44289464,1.46044439,1.95412648
oldindex,float,prepared,1,1024,54,1.403808594,1.409912109,3.167724609
oldindex,float,prepared,1,65536,54,1.4960289,1.51014328,1.570701599
oldindex,float,prepared,1,8191,54,1.45739226,1.4631150045,1.63365279
oldindex,float,prepared,2,1024,54,1.403808594,1.409912109,2.935791016
oldindex,float,prepared,2,65536,54,1.496601105,1.5098571775,1.587486267
oldindex,float,prepared,2,8191,54,1.455103162,1.4623519715,1.541325845
oldindex,float,vienot,0,1024,54,1.055908203,1.062011719,2.673339844
oldindex,float,vienot,0,65536,54,1.074504852,1.094722748,1.120281219
oldindex,float,vienot,0,8191,54,1.059089244,1.0732053475,1.564216823
oldindex,float,vienot,1,1024,54,1.055908203,1.0650634765,1.763916016
oldindex,float,vienot,1,65536,54,1.088905334,1.097679138,1.172161102
oldindex,float,vienot,1,8191,54,1.076638994,1.078165059,1.193382981
oldreference,double,brettel,0,1024,54,3.784179688,3.802490234,4.418945312
oldreference,double,brettel,0,65536,54,3.855419159,3.8721561429999998,3.933429718
oldreference,double,brettel,0,8191,54,3.76709193,3.846065804,4.37522891
oldreference,double,brettel,1,1024,54,3.790283203,3.796386719,5.261230469
oldreference,double,brettel,1,65536,54,3.857707977,3.873729706,3.950595856
oldreference,double,brettel,1,8191,54,3.765565865,3.79494262,3.971584666
oldreference,double,brettel,2,1024,54,3.796386719,3.814697266,20.703125
oldreference,double,brettel,2,65536,54,3.841209412,3.866481781,3.998565674
oldreference,double,brettel,2,8191,54,3.780826517,3.8636155535,5.934104505
oldreference,double,lookup,0,1024,54,8.343505859,8.367919922,13.269042969
oldreference,double,lookup,0,65536,54,8.517074585,8.5510730745,8.888244629
oldreference,double,lookup,0,8191,54,8.467372726,8.519258943,10.235319253
oldreference,double,lookup,1,1024,54,8.349609375,8.367919922,12.243652344
oldreference,double,lookup,1,65536,54,8.500862122,8.553886413499999,8.708667755
oldreference,double,lookup,1,8191,54,8.471950922,8.533756562,9.682883653
oldreference,double,lookup,2,1024,54,8.355712891,8.380126953,10.25390625
oldreference,double,lookup,2,65536,54,8.506202698,8.5418224335,9.289169312
oldreference,double,lookup,2,8191,54,8.484159443,8.5829721645,9.057196923
oldreference,double,lookupApply,0,1024,54,11.456298828,11.474609375,15.673828125
oldreference,double,lookupApply,0,65536,54,11.652755737,11.6755485535,16.832447052
oldreference,double,lookupApply,0,8191,54,11.505005494,11.5942803075,11.86820901
oldreference,double,lookupApply,1,1024,54,11.456298828,11.4837646485,15.478515625
oldreference,double,lookupApply,1,65536,54,11.625289917,11.6704940795,12.687015533
oldreference,double,lookupApply,1,8191,54,11.524844341,11.619078866999999,12.042943475
oldreference,double,lookupApply,2,1024,54,11.462402344,11.4837646485,28.155517578
oldreference,double,lookupApply,2,65536,54,11.633014679,11.6752147675,11.809158325
oldreference,double,lookupApply,2,8191,54,11.545446221,11.627853742,12.216914907
oldreference,double,prepared,0,1024,54,1.220703125,1.226806641,1.916503906
oldreference,double,prepared,0,65536,54,1.237201691,1.2523651125000002,1.459980011
oldreference,double,prepared,0,8191,54,1.210932731,1.212458796,1.30173361
oldreference,double,prepared,1,1024,54,1.220703125,1.2298583985,1.245117188
oldreference,double,prepared,1,65536,54,1.229000092,1.2533187865,1.587200165
oldreference,double,prepared,1,8191,54,1.210169698,1.213221829,1.310890001
oldreference,double,prepared,2,1024,54,1.220703125,1.232910156,18.688964844
oldreference,double,prepared,2,65536,54,1.233196259,1.2523651120000001,1.339435577
oldreference,double,prepared,2,8191,54,1.205591503,1.215892443,3.509186912
oldreference,double,vienot,0,1024,54,1.068115234,1.068115234,1.080322266
oldreference,double,vienot,0,65536,54,1.094722748,1.1205196380000002,1.232910156
oldreference,double,vienot,0,8191,54,1.075112929,1.103345135,1.309363936
oldreference,double,vienot,1,1024,54,1.068115234,1.068115234,1.135253906
oldreference,double,vienot,1,65536,54,1.102542877,1.122570038,1.210212708
oldreference,double,vienot,1,8191,54,1.085032353,1.086558418,1.188804786
oldreference,float,brettel,0,1024,54,2.368164062,2.447509766,4.461669922
oldreference,float,brettel,0,65536,54,2.399349213,2.4705886845,3.067970276
oldreference,float,brettel,0,8191,54,2.34479917,2.428732755,2.593547796
oldreference,float,brettel,1,1024,54,2.404785156,2.44140625,3.771972656
oldreference,float,brettel,1,65536,54,2.455711365,2.4728775025000003,2.521705627
oldreference,float,brettel,1,8191,54,2.409656941,2.430258821,3.041447931
oldreference,float,brettel,2,1024,54,2.404785156,2.416992188,3.796386719
oldreference,float,brettel,2,65536,54,2.456951141,2.473735809,2.939987183
oldreference,float,brettel,2,8191,54,2.408893908,2.428732755,3.142168233
oldreference,float,lookup,0,1024,54,6.671142578,7.135009766,22.491455078
oldreference,float,lookup,0,65536,54,6.782913208,6.853818893,7.475280762
oldreference,float,lookup,0,8191,54,6.694084971,7.2121841045,9.282291539
oldreference,float,lookup,1,1024,54,6.671142578,7.131958008,13.171386719
oldreference,float,lookup,1,65536,54,6.795120239,6.853628158499999,7.104301453
oldreference,float,lookup,1,8191,54,6.70553046,7.105741057,7.756226346
oldreference,float,lookup,2,1024,54,6.665039062,6.9366455075,8.532714844
oldreference,float,lookup,2,65536,54,6.80437088,6.960868834999999,7.396602631
oldreference,float,lookup,2,8191,54,6.694084971,7.01684776,7.368605787
oldreference,float,lookupApply,0,1024,54,9.521484375,9.558105469,10.83984375
oldreference,float,lookupApply,0,65536,54,9.685611725,9.726858139,9.81054306
oldreference,float,lookupApply,0,8191,54,9.634049567,9.719890734,10.135361983
oldreference,float,lookupApply,1,1024,54,9.509277344,9.5703125,12.176513672
oldreference,float,lookupApply,1,65536,54,9.690570831,9.7336292265,10.199451447
oldreference,float,lookupApply,1,8191,54,9.64091686,9.6939476255,10.280338176
oldreference,float,lookupApply,2,1024,54,9.527587891,9.5703125,13.305664062
oldreference,float,lookupApply,2,65536,54,9.689807892,9.7380638125,9.922122955
oldreference,float,lookupApply,2,8191,54,9.637101697,9.7076822125,10.274233915
oldreference,float,prepared,0,1024,54,1.403808594,1.409912109,2.966308594
oldreference,float,prepared,0,65536,54,1.453971863,1.492023468,2.946186066
oldreference,float,prepared,0,8191,54,1.444420706,1.461207423,2.03348187
oldreference,float,prepared,1,1024,54,1.403808594,1.409912109,2.215576172
oldreference,float,prepared,1,65536,54,1.495170593,1.5088558195,1.580715179
oldreference,float,prepared,1,8191,54,1.449761934,1.466167135,1.659595898
oldreference,float,prepared,2,1024,54,1.403808594,1.409912109,2.880859375
oldreference,float,prepared,2,65536,54,1.496982574,1.5097618105000001,1.551532745
oldreference,float,prepared,2,8191,54,1.458155292,1.461970455,1.552771334
oldreference,float,vienot,0,1024,54,1.110839844,1.1383056645,1.159667969
oldreference,float,vienot,0,65536,54,1.136875153,1.1707782745,1.567745209
oldreference,float,vienot,0,8191,54,1.123947015,1.1533237695,1.409321206
oldreference,float,vienot,1,1024,54,1.110839844,1.141357422,18.292236328
oldreference,float,vienot,1,65536,54,1.168346405,1.1767387390000001,1.241207123
oldreference,float,vienot,1,8191,54,1.154468319,1.156757417,1.350567696
prepared,double,prepared,0,1024,54,1.220703125,1.226806641,2.844238281
prepared,double,prepared,0,65536,54,1.238536835,1.2585639949999998,1.344299316
prepared,double,prepared,0,8191,54,1.207880601,1.23267916,3.710627518
prepared,double,prepared,1,1024,54,1.220703125,1.232910156,2.935791016
prepared,double,prepared,1,65536,54,1.247787476,1.2711048125,1.3671875
prepared,double,prepared,1,8191,54,1.207117568,1.226956416,1.6573068
prepared,double,prepared,2,1024,54,1.214599609,1.226806641,2.612304688
prepared,double,prepared,2,65536,54,1.236057281,1.272106171,2.377700806
prepared,double,prepared,2,8191,54,1.197198144,1.2303900620000001,3.726651203
prepared,float,prepared,0,1024,54,1.428222656,1.446533203,2.215576172
prepared,float,prepared,0,65536,54,1.456642151,1.500415802,1.787853241
prepared,float,prepared,0,8191,54,1.43679038,1.486387498,2.054846783
prepared,float,prepared,1,1024,54,1.434326172,1.4434814455,3.3203125
prepared,float,prepared,1,65536,54,1.456737518,1.4992237089999998,1.556777954
prepared,float,prepared,1,8191,54,1.444420706,1.486387498,1.671804419
prepared,float,prepared,2,1024,54,1.434326172,1.446533203,2.984619141
prepared,float,prepared,2,65536,54,1.457214355,1.4986991879999998,1.594734192
prepared,float,prepared,2,8191,54,1.443657673,1.486387498,3.824319375
reference,double,brettel,0,1024,54,3.790283203,3.80859375,5.187988281
reference,double,brettel,0,65536,54,3.840255737,3.863143921,4.050636292
reference,double,brettel,0,8191,54,3.772433158,3.8601819070000003,4.650683677
reference,double,brettel,1,1024,54,3.784179688,3.802490234,7.611083984
reference,double,brettel,1,65536,54,3.830718994,3.854703903,3.916358948
reference,double,brettel,1,8191,54,3.766328898,3.824319375,4.01965572
reference,double,brettel,2,1024,54,3.802490234,3.8177490235000002,8.941650391
reference,double,brettel,2,65536,54,3.839015961,3.854560852,4.784488678
reference,double,brettel,2,8191,54,3.783115615,3.8418691245,6.153857893
reference,double,lookup,0,1024,54,8.343505859,8.374023438,12.957763672
reference,double,lookup,0,65536,54,8.488178253,8.5264205935,8.860301971
reference,double,lookup,0,8191,54,8.475766085,8.512391649,8.77716396
reference,double,lookup,1,1024,54,8.349609375,8.367919922,10.198974609
reference,double,lookup,1,65536,54,8.491516113,8.535528183,14.354705811
reference,double,lookup,1,8191,54,8.482633378,8.5268892685,9.165547552
reference,double,lookup,2,1024,54,8.343505859,8.37097168,9.997558594
reference,double,lookup,2,65536,54,8.494472504,8.5322380065,10.876178741
reference,double,lookup,2,8191,54,8.467372726,8.583735197500001,9.232694421
reference,double,lookupApply,0,1024,54,11.42578125,11.480712891,16.107177734
reference,double,lookupApply,0,65536,54,11.625862122,11.650753021,12.585353851
reference,double,lookupApply,0,8191,54,11.51568795,11.603436699,11.87126114
reference,double,lookupApply,1,1024,54,11.401367188,11.471557617,13.104248047
reference,double,lookupApply,1,65536,54,11.623954773,11.645174026500001,11.931800842
reference,double,lookupApply,1,8191,54,11.521029178,11.6217494815,12.10932731
reference,double,lookupApply,2,1024,54,11.389160156,11.474609375,27.966308594
reference,double,lookupApply,2,65536,54,11.627101898,11.6560459135,11.954021454
reference,double,lookupApply,2,8191,54,11.550024417,11.653033818,12.258118667
reference,double,prepared,0,1024,54,1.220703125,1.226806641,2.551269531
reference,double,prepared,0,65536,54,1.23052597,1.247310638,1.306724548
reference,double,prepared,0,8191,54,1.210932731,1.213984861,1.308600903
reference,double,prepared,1,1024,54,1.220703125,1.226806641,2.795410156
reference,double,prepared,1,65536,54,1.228427887,1.244544983,1.3256073
reference,double,prepared,1,8191,54,1.210932731,1.214747894,1.370406544
reference,double,prepared,2,1024,54,1.220703125,1.226806641,1.245117188
reference,double,prepared,2,65536,54,1.231002808,1.2478351595000001,1.591682434
reference,double,prepared,2,8191,54,1.205591503,1.216273959,3.483243804
reference,double,vienot,0,1024,54,1.068115234,1.068115234,1.080322266
reference,double,vienot,0,65536,54,1.091766357,1.1151790615000001,1.18932724
reference,double,vienot,0,8191,54,1.073586864,1.089610548,1.524539128
reference,double,vienot,1,1024,54,1.068115234,1.068115234,1.879882812
reference,double,vienot,1,65536,54,1.098918915,1.1147022245,1.184272766
reference,double,vienot,1,8191,54,1.085795385,1.08732145,1.378799902
reference,float,brettel,0,1024,54,2.362060547,2.4353027345,2.478027344
reference,float,brettel,0,65536,54,2.397346497,2.465391159,2.552127838
reference,float,brettel,0,8191,54,2.347088268,2.428732755,2.619490905
reference,float,brettel,1,1024,54,2.404785156,2.44140625,3.454589844
reference,float,brettel,1,65536,54,2.444553375,2.4761199955,2.52532959
reference,float,brettel,1,8191,54,2.424917592,2.4344555,3.136827005
reference,float,brettel,2,1024,54,2.404785156,2.416992188,3.228759766
reference,float,brettel,2,65536,54,2.453613281,2.4727344515,2.559661865
reference,float,brettel,2,8191,54,2.408893908,2.43750763,3.243651569
reference,float,lookup,0,1024,54,6.683349609,7.135009766,24.108886719
reference,float,lookup,0,65536,54,6.813621521,7.0249557495,7.316684723
reference,float,lookup,0,8191,54,6.689506776,7.094295568,16.866072519
reference,float,lookup,1,1024,54,6.671142578,7.144165039,13.372802734
reference,float,lookup,1,65536,54,6.795883179,7.0269584655,8.002281189
reference,float,lookup,1,8191,54,6.742156025,7.0012055915,15.191215969
reference,float,lookup,2,1024,54,6.665039062,6.741333008,8.551025391
reference,float,lookup,2,65536,54,6.802272797,7.0123672485,8.752632141
reference,float,lookup,2,8191,54,6.697900134,7.2190513979999995,7.738676596
reference,float,lookupApply,0,1024,54,9.509277344,9.552001953,11.987304688
reference,float,lookupApply,0,65536,54,9.696483612,9.7383975985,9.889125824
reference,float,lookupApply,0,8191,54,9.636338664,9.725613478,9.905689171
reference,float,lookupApply,1,1024,54,9.503173828,9.594726562,11.517333984
reference,float,lookupApply,1,65536,54,9.700584412,9.7368240355,15.120697021
reference,float,lookupApply,1,8191,54,9.650836284,9.714167989,13.007416677
reference,float,lookupApply,2,1024,54,9.515380859,9.573364258,17.858886719
reference,float,lookupApply,2,65536,54,9.680843353,9.731054306,10.980796814
reference,float,lookupApply,2,8191,54,9.640153827,9.687461848,10.701532169
reference,float,prepared,0,1024,54,1.403808594,1.409912109,2.453613281
reference,float,prepared,0,65536,54,1.455974579,1.503896713,1.616954803
reference,float,prepared,0,8191,54,1.443657673,1.46044439,1.956415578
reference,float,prepared,1,1024,54,1.403808594,1.409912109,2.1484375
reference,float,prepared,1,65536,54,1.497650146,1.5102386475,1.59778595
reference,float,prepared,1,8191,54,1.450524966,1.463496521,2.2097424
reference,float,prepared,2,1024,54,1.403808594,1.409912109,4.016113281
reference,float,prepared,2,65536,54,1.495265961,1.509094238,1.549434662
reference,float,prepared,2,8191,54,1.456629227,1.464259553,1.651202539
reference,float,vienot,0,1024,54,1.116943359,1.147460938,2.5390625
reference,float,vienot,0,65536,54,1.142501831,1.1738777159999998,1.196575165
reference,float,vienot,0,8191,54,1.123947015,1.1556128675,1.327676718
reference,float,vienot,1,1024,54,1.116943359,1.1383056645,1.159667969
reference,float,vienot,1,65536,54,1.159191132,1.17688179,1.238822937
reference,float,vienot,1,8191,54,1.144548895,1.156757417,1.294103284
