compiler,variant,baseline,scalar,mode,deficiency,n,pooled_speedup,block_speedup_min,block_speedup_max,D_median_ns,CPP_median_ns,D_over_CPP
0,bv_split,default,double,brettel,0,1024,4.360537190146116,4.299032094100208,4.434400826478016,5.908203125,4.6934509275,1.2588185572331203
0,bv_split,bv_split,double,brettel,0,1024,1.0,1.0,1.0,5.908203125,4.6934509275,1.2588185572331203
0,bv_split,default,double,brettel,1,1024,4.118380062175178,4.072830578501819,4.203521491400016,5.877685547,4.695678710999999,1.2517222554496874
0,bv_split,bv_split,double,brettel,1,1024,1.0,1.0,1.0,5.877685547,4.695678710999999,1.2517222554496874
0,bv_split,default,double,brettel,2,1024,4.067073170773333,3.9995009981368264,4.111280487815285,6.005859375,4.6929626465,1.2797586146310274
0,bv_split,bv_split,double,brettel,2,1024,1.0,1.0,1.0,6.005859375,4.6929626465,1.2797586146310274
0,bv_split,default,double,lookup,0,1024,1.009925735505546,1.0033342792354143,1.0296069059075001,42.7368164065,7.947845459,5.377157448136536
0,bv_split,bv_split,double,lookup,0,1024,1.0,1.0,1.0,42.7368164065,7.947845459,5.377157448136536
0,bv_split,default,double,lookup,1,1024,1.0123827929267244,1.0053335281699252,1.0282594733400434,42.6361083985,7.9451904295,5.366278980576069
0,bv_split,bv_split,double,lookup,1,1024,1.0,1.0,1.0,42.6361083985,7.9451904295,5.366278980576069
0,bv_split,default,double,lookup,2,1024,1.0077962949702939,0.9905633802903437,1.0219615136888325,42.6666259765,7.956939697499999,5.362190439862888
0,bv_split,bv_split,double,lookup,2,1024,1.0,1.0,1.0,42.6666259765,7.956939697499999,5.362190439862888
0,bv_split,default,double,lookupApply,0,1024,1.0093565331594028,1.0082622018003433,1.0323483322210392,55.773925781,12.82824707,4.347743341444701
0,bv_split,bv_split,double,lookupApply,0,1024,1.0,1.0,1.0,55.773925781,12.82824707,4.347743341444701
0,bv_split,default,double,lookupApply,1,1024,1.0123166192192135,1.006763933137525,1.0147823706474794,55.749511719,12.840332030999999,4.3417500096107915
0,bv_split,bv_split,double,lookupApply,1,1024,1.0,1.0,1.0,55.749511719,12.840332030999999,4.3417500096107915
0,bv_split,default,double,lookupApply,2,1024,1.003539148420857,0.9893426132214307,1.0059880239543388,56.0485839845,12.878601074,4.352070823721206
0,bv_split,bv_split,double,lookupApply,2,1024,1.0,1.0,1.0,56.0485839845,12.878601074,4.352070823721206
0,bv_split,default,double,prepared,0,1024,1.0053024825358081,1.006385542166144,1.0180722891416434,25.323486328,1.2453308105,20.334746490237904
0,bv_split,bv_split,double,prepared,0,1024,1.0,1.0,1.0,25.323486328,1.2453308105,20.334746490237904
0,bv_split,default,double,prepared,1,1024,1.0,1.0,1.0155421686622081,25.323486328,1.303009033,19.434620702280277
0,bv_split,bv_split,double,prepared,1,1024,1.0,1.0,1.0,25.323486328,1.303009033,19.434620702280277
0,bv_split,default,double,prepared,2,1024,1.0,0.9936343982729691,1.005542168679579,25.323486328,1.246673584,20.31284423846427
0,bv_split,bv_split,double,prepared,2,1024,1.0,1.0,1.0,25.323486328,1.246673584,20.31284423846427
0,bv_split,default,double,vienot,0,1024,4.2781456954672334,4.2781456954672334,4.381898454899031,5.529785156,1.3314514160000002,4.153200852504857
0,bv_split,bv_split,double,vienot,0,1024,1.0,1.0,1.0,5.529785156,1.3314514160000002,4.153200852504857
0,bv_split,default,double,vienot,1,1024,4.3211920531980965,4.319774011329976,4.426048565276304,5.529785156,1.3326416015,4.149491618583543
0,bv_split,bv_split,double,vienot,1,1024,1.0,1.0,1.0,5.529785156,1.3326416015,4.149491618583543
0,bv_split,default,float,brettel,0,1024,28.31294597402488,28.077777776595408,28.57596253720555,5.987548828,2.30758667,2.5947232690506055
0,bv_split,bv_split,float,brettel,0,1024,1.0,1.0,1.0,5.987548828,2.30758667,2.5947232690506055
0,bv_split,default,float,brettel,1,1024,28.244138634688724,28.022774325976343,28.248093544391196,5.987548828,2.30758667,2.5947232690506055
0,bv_split,bv_split,float,brettel,1,1024,1.0,1.0,1.0,5.987548828,2.30758667,2.5947232690506055
0,bv_split,default,float,brettel,2,1024,27.979282465612663,27.908770161300644,28.637878786662903,6.039428711,2.308074951,2.6166519022197905
0,bv_split,bv_split,float,brettel,2,1024,1.0,1.0,1.0,6.039428711,2.308074951,2.6166519022197905
0,bv_split,default,float,lookup,0,1024,1.0332618025800868,1.0354238013720547,1.0411997011374223,28.442382812,5.9466552735,4.782921071404191
0,bv_split,bv_split,float,lookup,0,1024,1.0,1.0,1.0,28.442382812,5.9466552735,4.782921071404191
0,bv_split,default,float,lookup,1,1024,1.0358706095689643,0.9752813504781994,1.055348531334181,28.585815429999997,5.944885253500001,4.808472192658444
0,bv_split,bv_split,float,lookup,1,1024,1.0,1.0,1.0,28.585815429999997,5.944885253500001,4.808472192658444
0,bv_split,default,float,lookup,2,1024,1.0378796008047995,1.028299871838454,1.0625133804332778,28.439331054500002,5.935638428,4.791284273709134
0,bv_split,bv_split,float,lookup,2,1024,1.0,1.0,1.0,28.439331054500002,5.935638428,4.791284273709134
0,bv_split,default,float,lookupApply,0,1024,1.0247450391515387,1.0246601327722211,1.027255029215107,38.60168457,13.254333496000001,2.912382171585582
0,bv_split,bv_split,float,lookupApply,0,1024,1.0,1.0,1.0,38.60168457,13.254333496000001,2.912382171585582
0,bv_split,default,float,lookupApply,1,1024,1.0279753437748,1.028830963676597,1.0489885449688425,38.616943359,13.2584838865,2.912621359243072
0,bv_split,bv_split,float,lookupApply,1,1024,1.0,1.0,1.0,38.616943359,13.2584838865,2.912621359243072
0,bv_split,default,float,lookupApply,2,1024,1.0266930693116674,1.0247196335410353,1.0455084143159679,38.528442383,13.186035155999999,2.92191260884577
0,bv_split,bv_split,float,lookupApply,2,1024,1.0,1.0,1.0,38.528442383,13.186035155999999,2.92191260884577
0,bv_split,default,float,prepared,0,1024,1.0003115264988949,1.0003115264988949,1.000318979285952,19.592285156,0.8178100585,23.95701171973296
0,bv_split,bv_split,float,prepared,0,1024,1.0,1.0,1.0,19.592285156,0.8178100585,23.95701171973296
0,bv_split,default,float,prepared,1,1024,1.0003115264988949,1.0003115264988949,1.0199362041699855,19.592285156,0.817932129,23.95343630767193
0,bv_split,bv_split,float,prepared,1,1024,1.0,1.0,1.0,19.592285156,0.817932129,23.95343630767193
0,bv_split,default,float,prepared,2,1024,1.0003115264988949,1.0003115264988949,1.0161993769727673,19.592285156,0.8180541995,23.949861962660822
0,bv_split,bv_split,float,prepared,2,1024,1.0,1.0,1.0,19.592285156,0.8180541995,23.949861962660822
0,bv_split,default,float,vienot,0,1024,4.272842639960142,4.272842639960142,4.3219448091930355,4.809570312,0.817138672,5.885867939927826
0,bv_split,bv_split,float,vienot,0,1024,1.0,1.0,1.0,4.809570312,0.817138672,5.885867939927826
0,bv_split,default,float,vienot,1,1024,4.372461929401563,4.371827411596016,4.452241715287134,4.809570312,0.8175964355,5.882572505417925
0,bv_split,bv_split,float,vienot,1,1024,1.0,1.0,1.0,4.809570312,0.8175964355,5.882572505417925
0,bv_compiler,default,double,brettel,0,1024,4.356037151858258,4.3388174806353845,4.394003156313218,5.9143066404999995,4.692016601500001,1.2605042016708214
0,bv_compiler,bv_split,double,brettel,0,1024,0.9989680082770475,0.9867482161266143,1.009254498609065,5.9143066404999995,4.692016601500001,1.2605042016708214
0,bv_compiler,default,double,brettel,1,1024,4.092879257010178,4.043589743834049,4.200854700854701,5.9143066404999995,4.6706542970000005,1.2662694056159984
0,bv_compiler,bv_split,double,brettel,1,1024,0.9938080495777433,0.9912731006682161,1.0128205128205128,5.9143066404999995,4.6706542970000005,1.2662694056159984
0,bv_compiler,default,double,brettel,2,1024,4.077432501272752,4.0316901409803,4.149761019626114,5.990600586,4.670928955,1.2825287311611444
0,bv_compiler,bv_split,double,brettel,2,1024,1.0025471217419601,0.9914357682312777,1.0249601699086823,5.990600586,4.670928955,1.2825287311611444
0,bv_compiler,default,double,lookup,0,1024,0.9998586072962025,0.9995759417713528,1.0152655645488833,43.1671142575,7.949584960999999,5.430109177934982
0,bv_compiler,bv_split,double,lookup,0,1024,0.9900318133745704,0.9860710517030028,0.9962541522383492,43.1671142575,7.949584960999999,5.430109177934982
0,bv_compiler,default,double,lookup,1,1024,0.997250229151891,0.8863804133896063,1.0123602118893467,43.2830810545,7.948059082,5.4457422381928895
0,bv_compiler,bv_split,double,lookup,1,1024,0.985052527679687,0.8620201771741732,1.006989405528146,43.2830810545,7.948059082,5.4457422381928895
0,bv_compiler,default,double,lookup,2,1024,0.9924631964370473,0.9470778346485634,1.0071912013566087,43.3258056645,7.945739746,5.4527088791589025
0,bv_compiler,bv_split,double,lookup,2,1024,0.9847855180558104,0.9561001885320713,0.9927578215467904,43.3258056645,7.945739746,5.4527088791589025
0,bv_compiler,default,double,lookupApply,0,1024,1.0139614137237545,1.0125838004164747,1.0510541310540118,55.520629883,12.813903809,4.332842723854726
0,bv_compiler,bv_split,double,lookupApply,0,1024,1.0045621942426406,1.0042861852883254,1.0181196581126142,55.520629883,12.813903809,4.332842723854726
0,bv_compiler,default,double,lookupApply,1,1024,1.0229560792181227,1.0142825872813892,1.036964532461374,55.169677734,12.8215332035,4.302892396592623
0,bv_compiler,bv_split,double,lookupApply,1,1024,1.0105100121808879,0.9995074969958618,1.0299976969076856,55.169677734,12.8215332035,4.302892396592623
0,bv_compiler,default,double,lookupApply,2,1024,1.0127479531751666,0.9852176738107725,1.035535621880574,55.53894043,12.827636718499999,4.329631532977685
0,bv_compiler,bv_split,double,lookupApply,2,1024,1.0091763283662631,0.9958306259575469,1.0334655856502222,55.53894043,12.827636718499999,4.329631532977685
0,bv_compiler,default,double,prepared,0,1024,1.0053024825358081,1.0043284838381636,1.014803849000815,25.323486328,1.2854919434999998,19.69945160375873
0,bv_compiler,bv_split,double,prepared,0,1024,1.0,0.9941310336689759,1.0,25.323486328,1.2854919434999998,19.69945160375873
0,bv_compiler,default,double,prepared,1,1024,1.0,0.9967571462862903,1.0171916175048996,25.323486328,1.3021850585,19.446918210818957
0,bv_compiler,bv_split,double,prepared,1,1024,1.0,0.9967571462862903,1.0171916175048996,25.323486328,1.3021850585,19.446918210818957
0,bv_compiler,default,double,prepared,2,1024,1.0,0.9969872258498765,1.015729205987064,25.323486328,1.3003234865,19.474758851093014
0,bv_compiler,bv_split,double,prepared,2,1024,1.0,1.0,1.0200075500110923,25.323486328,1.3003234865,19.474758851093014
0,bv_compiler,default,double,vienot,0,1024,4.2781456954672334,4.2781456954672334,4.381898454899031,5.529785156,1.330352783,4.156630652156872
0,bv_compiler,bv_split,double,vienot,0,1024,1.0,1.0,1.0,5.529785156,1.330352783,4.156630652156872
0,bv_compiler,default,double,vienot,1,1024,4.3211920531980965,4.322295805934924,4.426048565276304,5.529785156,1.3315734865,4.152820112493281
0,bv_compiler,bv_split,double,vienot,1,1024,1.0,1.0,1.0114285713814926,5.529785156,1.3315734865,4.152820112493281
0,bv_compiler,default,float,brettel,0,1024,28.37078651619768,28.213922764217237,28.78563941424455,5.975341797,2.3085021975,2.5884063716599512
0,bv_compiler,bv_split,float,brettel,0,1024,1.0020429008774243,1.0045731707629268,1.0107197550505456,5.975341797,2.3085021975,2.5884063716599512
0,bv_compiler,default,float,brettel,1,1024,28.158028455336584,28.11415525083904,28.242044862107623,6.005859375,2.3078308105,2.6023828729883403
0,bv_compiler,bv_split,float,brettel,1,1024,0.9969512194913822,0.9954337899232135,1.0078247261880855,6.005859375,2.3078308105,2.6023828729883403
0,bv_compiler,default,float,brettel,2,1024,28.16429298244217,28.064368981548526,28.7249240115309,5.999755859,2.3089599610000002,2.5984668250382015
0,bv_compiler,bv_split,float,brettel,2,1024,1.006612411060108,1.0030395136984982,1.0062434963149391,5.999755859,2.3089599610000002,2.5984668250382015
0,bv_compiler,default,float,lookup,0,1024,1.0081658291328643,1.0121049812422456,1.0159341803855542,29.150390625,5.926452637,4.918691232426026
0,bv_compiler,bv_split,float,lookup,0,1024,0.9757118927801676,0.975147295108592,0.9782244556113903,29.150390625,5.926452637,4.918691232426026
0,bv_compiler,default,float,lookup,1,1024,1.0158082076987605,1.0076827242482393,1.0326633165657622,29.150390625,5.9293518065,4.916286227618361
0,bv_compiler,bv_split,float,lookup,1,1024,0.9806323283189279,0.978130360214614,1.0332225913621262,29.150390625,5.9293518065,4.916286227618361
0,bv_compiler,default,float,lookup,2,1024,1.0125628140531995,1.0028119141866898,1.0393955747235035,29.150390625,5.946746826,4.901905441400407
0,bv_compiler,bv_split,float,lookup,2,1024,0.9756072026736349,0.9729223078438837,0.9824069076974379,29.150390625,5.946746826,4.901905441400407
0,bv_compiler,default,float,lookupApply,0,1024,1.0052737707524202,1.0020572875682048,1.006357081953853,39.3493652345,13.2503967285,2.96967449660313
0,bv_compiler,bv_split,float,lookupApply,0,1024,0.9809989142126121,0.9754708023516272,0.9810838049397991,39.3493652345,13.2503967285,2.96967449660313
0,bv_compiler,default,float,lookupApply,1,1024,1.007122948274814,1.0061022709796577,1.029418799335346,39.4165039065,13.25390625,2.973953728282935
0,bv_compiler,bv_split,float,lookupApply,1,1024,0.9797150820530243,0.9768679158053474,0.9813441760376157,39.4165039065,13.25390625,2.973953728282935
0,bv_compiler,default,float,lookupApply,2,1024,1.0074615265038926,1.0055800976517355,1.0283876156060199,39.263916016,13.262145996000001,2.960600496167242
0,bv_compiler,bv_split,float,lookupApply,2,1024,0.9812684595010772,0.9726427418797632,0.9931644551553501,39.263916016,13.262145996000001,2.960600496167242
0,bv_compiler,default,float,prepared,0,1024,1.0003115264988949,1.000159464210086,1.0003115264988949,19.592285156,0.8165893555,23.992824574603457
0,bv_compiler,bv_split,float,prepared,0,1024,1.0,0.9998405357899138,1.0,19.592285156,0.8165893555,23.992824574603457
0,bv_compiler,default,float,prepared,1,1024,1.0003115264988949,1.0003115264988949,1.0218068535955929,19.592285156,0.8166503905,23.99103139350057
0,bv_compiler,bv_split,float,prepared,1,1024,1.0,0.9998405357899138,1.0109034267977965,19.592285156,0.8166503905,23.99103139350057
0,bv_compiler,default,float,prepared,2,1024,1.0003115264988949,1.0003115264988949,1.0233081497987586,19.592285156,0.825012207,23.747873049349923
0,bv_compiler,bv_split,float,prepared,2,1024,1.0,0.9984447900275558,1.0080372930331467,19.592285156,0.825012207,23.747873049349923
0,bv_compiler,default,float,vienot,0,1024,4.272842639960142,4.272842639960142,4.29378172629572,4.809570312,0.816467285,5.890707932039188
0,bv_compiler,bv_split,float,vienot,0,1024,1.0,0.9895968790645503,1.0,4.809570312,0.816467285,5.890707932039188
0,bv_compiler,default,float,vienot,1,1024,4.372461929401563,4.371827411596016,4.452241715287134,4.809570312,0.823669434,5.839199700106875
0,bv_compiler,bv_split,float,vienot,1,1024,1.0,1.0,1.0,4.809570312,0.823669434,5.839199700106875
0,bv_split,default,double,brettel,0,8191,2.9689130157871997,2.895164017583704,2.977018818223093,8.9957727995,4.731080607,1.901420319533355
0,bv_split,bv_split,double,brettel,0,8191,1.0,1.0,1.0,8.9957727995,4.731080607,1.901420319533355
0,bv_split,default,double,brettel,1,8191,2.9460111471906494,2.904486548600301,2.968296569717932,9.1724148455,4.7356855085,1.9368716163766773
0,bv_split,bv_split,double,brettel,1,8191,1.0,1.0,1.0,9.1724148455,4.7356855085,1.9368716163766773
0,bv_split,default,double,brettel,2,8191,3.0772664112714176,3.0212532218321653,3.1402936379327744,9.06063057,4.731626175,1.914908370799179
0,bv_split,bv_split,double,brettel,2,8191,1.0,1.0,1.0,9.06063057,4.731626175,1.914908370799179
0,bv_split,default,double,lookup,0,8191,1.0085246778782753,1.004742145825176,1.0095115497396308,42.7851452815,7.997298864999999,5.349949527177012
0,bv_split,bv_split,double,lookup,0,8191,1.0,1.0,1.0,42.7851452815,7.997298864999999,5.349949527177012
0,bv_split,default,double,lookup,1,8191,1.0025700311312153,0.9805931404762653,1.0136390781897853,42.9015077525,8.0036205895,5.360262555271892
0,bv_split,bv_split,double,lookup,1,8191,1.0,1.0,1.0,42.9015077525,8.0036205895,5.360262555271892
0,bv_split,default,double,lookup,2,8191,1.007849489168023,1.0050540164681285,1.0333306668820683,42.8686973505,7.993014436499999,5.363270352013958
0,bv_split,bv_split,double,lookup,2,8191,1.0,1.0,1.0,42.8686973505,7.993014436499999,5.363270352013958
0,bv_split,default,double,lookupApply,0,8191,1.0056791453320884,0.9810857676437875,1.0349459925499656,55.959666096999996,12.869117019,4.348368735351539
0,bv_split,bv_split,double,lookupApply,0,8191,1.0,1.0,1.0,55.959666096999996,12.869117019,4.348368735351539
0,bv_split,default,double,lookupApply,1,8191,1.0062213802803543,0.9854796206336037,1.0112032204153376,55.9882798195,12.9986761385,4.307229384204109
0,bv_split,bv_split,double,lookupApply,1,8191,1.0,1.0,1.0,55.9882798195,12.9986761385,4.307229384204109
0,bv_split,default,double,lookupApply,2,8191,1.0102309983597813,0.9835046664486883,1.0115133936213443,55.972637651,13.284946893,4.213237591524935
0,bv_split,bv_split,double,lookupApply,2,8191,1.0,1.0,1.0,55.972637651,13.284946893,4.213237591524935
0,bv_split,default,double,prepared,0,8191,0.999684466759276,0.9766360622967585,1.0243263931566498,25.391435722,1.2750770665,19.913647879886796
0,bv_split,bv_split,double,prepared,0,8191,1.0,1.0,1.0,25.391435722,1.2750770665,19.913647879886796
0,bv_split,default,double,prepared,1,8191,0.9997746157385322,0.975689101840625,1.0004059479058154,25.391054205499998,1.2747451475,19.91853372048235
0,bv_split,bv_split,double,prepared,1,8191,1.0,1.0,1.0,25.391054205499998,1.2747451475,19.91853372048235
0,bv_split,default,double,prepared,2,8191,0.9993394186935113,0.9799735783159425,1.0003304642998114,25.4120376025,1.2738218775,19.94944352217722
0,bv_split,bv_split,double,prepared,2,8191,1.0,1.0,1.0,25.4120376025,1.2738218775,19.94944352217722
0,bv_split,default,double,vienot,0,8191,4.296490743562973,4.277816028747684,4.328701783339899,5.522829935,1.3878189475,3.979503194526028
0,bv_split,bv_split,double,vienot,0,8191,1.0,1.0,1.0,5.522829935,1.3878189475,3.979503194526028
0,bv_split,default,double,vienot,1,8191,4.3331037332053555,3.6416429773968573,4.393032418694029,5.53885362,1.3883797764999999,3.9894369780889707
0,bv_split,bv_split,double,vienot,1,8191,1.0,1.0,1.0,5.53885362,1.3883797764999999,3.9894369780889707
0,bv_split,default,float,brettel,0,8191,18.541013220195666,17.990356955168522,18.850076703114528,9.292973995499999,2.2623534975,4.107657802270575
0,bv_split,bv_split,float,brettel,0,8191,1.0,1.0,1.0,9.292973995499999,2.2623534975,4.107657802270575
0,bv_split,default,float,brettel,1,8191,18.41253746077502,17.413081172512282,18.81218231841932,9.293355512,2.2630707484999997,4.106524516814062
0,bv_split,bv_split,float,brettel,1,8191,1.0,1.0,1.0,9.293355512,2.2630707484999997,4.106524516814062
0,bv_split,default,float,brettel,2,8191,18.4457109818622,17.805173475597478,18.60249094039984,9.237654132500001,2.2644823585,4.079366791189776
0,bv_split,bv_split,float,brettel,2,8191,1.0,1.0,1.0,9.237654132500001,2.2644823585,4.079366791189776
0,bv_split,default,float,lookup,0,8191,1.0329110198222202,0.9941389393500126,1.0576222435185272,28.517198755000003,5.9549620005,4.788812884549993
0,bv_split,bv_split,float,lookup,0,8191,1.0,1.0,1.0,28.517198755000003,5.9549620005,4.788812884549993
0,bv_split,default,float,lookup,1,8191,1.0323767476237469,1.0282470820388103,1.0330838543726553,28.516435722,5.972134049499999,4.774915547045945
0,bv_split,bv_split,float,lookup,1,8191,1.0,1.0,1.0,28.516435722,5.972134049499999,4.774915547045945
0,bv_split,default,float,lookup,2,8191,1.0317012891573496,1.022912998909682,1.0337981469918587,28.558402515,5.9706575815,4.783125162542869
0,bv_split,bv_split,float,lookup,2,8191,1.0,1.0,1.0,28.558402515,5.9706575815,4.783125162542869
0,bv_split,default,float,lookupApply,0,8191,1.0250848531057242,0.9927841192869082,1.050392734887441,38.554892565,13.558238462999999,2.8436505723228778
0,bv_split,bv_split,float,lookupApply,0,8191,1.0,1.0,1.0,38.554892565,13.558238462999999,2.8436505723228778
0,bv_split,default,float,lookupApply,1,8191,1.0212824737897774,0.9972614099815379,1.0249717916659926,38.6670583565,13.484815651,2.867451758870174
0,bv_split,bv_split,float,lookupApply,1,8191,1.0,1.0,1.0,38.6670583565,13.484815651,2.867451758870174
0,bv_split,default,float,lookupApply,2,8191,1.0243627407366853,1.0242244994799357,1.034120194818868,38.570153217,13.4763040225,2.8620720601585847
0,bv_split,bv_split,float,lookupApply,2,8191,1.0,1.0,1.0,38.570153217,13.4763040225,2.8620720601585847
0,bv_split,default,float,prepared,0,8191,0.99895135450616,0.9739674972371524,1.0065900412871907,19.646181785000003,0.8080248135,24.313834744630654
0,bv_split,bv_split,float,prepared,0,8191,1.0,1.0,1.0,19.646181785000003,0.8080248135,24.313834744630654
0,bv_split,default,float,prepared,1,8191,0.9998639799512733,0.9627017826060446,1.023492669709726,19.6339732635,0.7869956355000001,24.94800781331652
0,bv_split,bv_split,float,prepared,1,8191,1.0,1.0,1.0,19.6339732635,0.7869956355000001,24.94800781331652
0,bv_split,default,float,prepared,2,8191,0.9987574745465179,0.9859430434472367,1.000038899905597,19.651141497,0.787850232,24.94273746307661
0,bv_split,bv_split,float,prepared,2,8191,1.0,1.0,1.0,19.651141497,0.787850232,24.94273746307661
0,bv_split,default,float,vienot,0,8191,4.300921512497248,4.209443665578703,4.370988242785086,4.802527164,0.8117064460000001,5.916581280912976
0,bv_split,bv_split,float,vienot,0,8191,1.0,1.0,1.0,4.802527164,0.8117064460000001,5.916581280912976
0,bv_split,default,float,vienot,1,8191,4.390036548383093,4.293725277188497,4.39502542894544,4.8017641315,0.787621322,6.09653903135446
0,bv_split,bv_split,float,vienot,1,8191,1.0,1.0,1.0,4.8017641315,0.787621322,6.09653903135446
0,bv_compiler,default,double,brettel,0,8191,2.941097386755099,2.7910763459331287,2.9767659177056744,9.080850934,4.7279369125,1.9206793792005787
0,bv_compiler,bv_split,double,brettel,0,8191,0.9906310394126769,0.9633635311398334,0.9999150490699384,9.080850934,4.7279369125,1.9206793792005787
0,bv_compiler,default,double,brettel,1,8191,2.985374077980895,2.9030027818633153,3.0143860395434725,9.051474179,4.7479894090000005,1.9063804484994373
0,bv_compiler,bv_split,double,brettel,1,8191,1.0133614330780052,0.9900589101625753,1.0378378378085906,9.051474179,4.7479894090000005,1.9063804484994373
0,bv_compiler,default,double,brettel,2,8191,3.0744184088920385,2.9912742051517784,3.0799461414432896,9.069023929,4.850731748499999,1.8696197603185192
0,bv_compiler,bv_split,double,brettel,2,8191,0.9990745024971034,0.952546019588444,1.0010939998032267,9.069023929,4.850731748499999,1.8696197603185192
0,bv_compiler,default,double,lookup,0,8191,0.9984639152601541,0.968897108271625,0.9983644673956326,43.2162586985,8.161640825500001,5.295045398650274
0,bv_compiler,bv_split,double,lookup,0,8191,0.9900242772053065,0.9643241425648448,0.9912950492226545,43.2162586985,8.161640825500001,5.295045398650274
0,bv_compiler,default,double,lookup,1,8191,0.9744584853193734,0.9473144226617763,0.9860932651708385,44.1391466245,8.096317604500001,5.451755820444482
0,bv_compiler,bv_split,double,lookup,1,8191,0.97196051653357,0.9345677796415908,0.9939735614306018,44.1391466245,8.096317604500001,5.451755820444482
0,bv_compiler,default,double,lookup,2,8191,0.9582663439916002,0.8865258502389871,0.9951985454490078,45.086833109500006,8.1684585215,5.519625641830469
0,bv_compiler,bv_split,double,lookup,2,8191,0.950803025938572,0.8579304560020035,0.9901940882204978,45.086833109500006,8.1684585215,5.519625641830469
0,bv_compiler,default,double,lookupApply,0,8191,1.0121171368987991,0.9746117559825075,1.018532388729507,55.6037113905,12.862429038,4.322955736138772
0,bv_compiler,bv_split,double,lookupApply,0,8191,1.0064016357469405,0.9841406180239244,1.004096223512859,55.6037113905,12.862429038,4.322955736138772
0,bv_compiler,default,double,lookupApply,1,8191,1.0076220760382162,0.9498829915494219,1.0154642000696843,55.9104504945,12.9730153525,4.309749813386726
0,bv_compiler,bv_split,double,lookupApply,1,8191,1.0013920353764214,0.9638788785289184,1.0071311289722058,55.9104504945,12.9730153525,4.309749813386726
0,bv_compiler,default,double,lookupApply,2,8191,0.9778645747434306,0.9444693577270259,1.0166518970428664,57.825280796,13.253765566,4.362932217870195
0,bv_compiler,bv_split,double,lookupApply,2,8191,0.9679613636199038,0.960309991346951,1.0080099471835493,57.825280796,13.253765566,4.362932217870195
0,bv_compiler,default,double,prepared,0,8191,0.9987390606223016,0.961074387311849,1.0056059877638193,25.415471248499998,1.3029582775,19.505974740238756
0,bv_compiler,bv_split,double,prepared,0,8191,0.9990542954618079,0.9817241794042424,0.9990392842902159,25.415471248499998,1.3029582775,19.505974740238756
0,bv_compiler,default,double,prepared,1,8191,0.996764238864712,0.9589526443084831,0.9997745208558614,25.4677389815,1.3429945975000002,18.963396449180426
0,bv_compiler,bv_split,double,prepared,1,8191,0.9969889444816556,0.9828465261110647,1.0013829387467774,25.4677389815,1.3429945975000002,18.963396449180426
0,bv_compiler,default,double,prepared,2,8191,0.9788103816072629,0.9551167972087569,0.998994929644735,25.945015871,1.3071816625000001,19.848056789122833
0,bv_compiler,bv_split,double,prepared,2,8191,0.9794573928514827,0.9571206367456437,1.0008413967300178,25.945015871,1.3071816625000001,19.848056789122833
0,bv_compiler,default,double,vienot,0,8191,4.300352623905816,4.2943737903776,4.3352949319483045,5.5178702235,1.411602674,3.908940047459842
0,bv_compiler,bv_split,double,vienot,0,8191,1.0008988452607814,1.000414966494917,1.0038706109656528,5.5178702235,1.411602674,3.908940047459842
0,bv_compiler,default,double,vienot,1,8191,4.349882450697329,4.295264814560981,4.392425185041141,5.517488707,1.3869300144999999,3.9782026845738874
0,bv_compiler,bv_split,double,vienot,1,8191,1.0038722168969543,0.9998617734642012,1.1794854249087727,5.517488707,1.3869300144999999,3.9782026845738874
0,bv_compiler,default,float,brettel,0,8191,18.54558147188817,15.918689277040052,18.93294436347293,9.290684897999999,2.308986235,4.023707355708857
0,bv_compiler,bv_split,float,brettel,0,8191,1.0002463863025313,0.8848456601894553,1.0132110856335828,9.290684897999999,2.308986235,4.023707355708857
0,bv_compiler,default,float,brettel,1,8191,18.126783332125694,16.40867120091653,18.619793814701247,9.439857771,2.3117369675,4.0834480322424485
0,bv_compiler,bv_split,float,brettel,1,8191,0.9844804590753404,0.9423186533362469,1.0032927230420077,9.439857771,2.3117369675,4.0834480322424485
0,bv_compiler,default,float,brettel,2,8191,18.18139629575113,16.31655190570858,18.420700414779233,9.3719478695,2.286228788,4.099304460993429
0,bv_compiler,bv_split,float,brettel,2,8191,0.9856706696548064,0.9163938744023415,0.9959354600362252,9.3719478695,2.286228788,4.099304460993429
0,bv_compiler,default,float,lookup,0,8191,0.9840300790001717,0.9145701250220988,1.008133796367579,29.933768771,5.965804694,5.0175576148353205
0,bv_compiler,bv_split,float,lookup,0,8191,0.9526765230654024,0.9199620785602286,0.9761647086413276,29.933768771,5.965804694,5.0175576148353205
0,bv_compiler,default,float,lookup,1,8191,0.9993912863293595,0.9239345916788442,1.007152926434202,29.457636430500003,6.0393343305,4.87762968871127
0,bv_compiler,bv_split,float,lookup,1,8191,0.9680490079127497,0.8980067523044211,0.9793947618986204,29.457636430500003,6.0393343305,4.87762968871127
0,bv_compiler,default,float,lookup,2,8191,0.9843479147516763,0.9004151777024827,1.0077413301103533,29.932242705500002,6.0544538215,4.943838633174056
0,bv_compiler,bv_split,float,lookup,2,8191,0.9541016620766756,0.8802460997780172,0.9748348168211016,29.932242705500002,6.0544538215,4.943838633174056
0,bv_compiler,default,float,lookupApply,0,8191,0.9750110591403983,0.8850865170402287,1.019334523742797,40.534962153500004,13.522047827,2.997694038070348
0,bv_compiler,bv_split,float,lookupApply,0,8191,0.9511515619281506,0.8915196162444298,0.9704318107760219,40.534962153500004,13.522047827,2.997694038070348
0,bv_compiler,default,float,lookupApply,1,8191,0.9889834800104449,0.8447953340503599,1.0041014602435123,39.929877304,13.6597523195,2.9231772560764546
0,bv_compiler,bv_split,float,lookupApply,1,8191,0.9683740839500777,0.8471152353784546,0.981087493348024,39.929877304,13.6597523195,2.9231772560764546
0,bv_compiler,default,float,lookupApply,2,8191,1.0008117824533656,0.9207527744962979,1.0044309136122962,39.477780490499995,13.522799414,2.9193497057738726
0,bv_compiler,bv_split,float,lookupApply,2,8191,0.9770091615530815,0.8903730718241828,0.9799978669449508,39.477780490499995,13.522799414,2.9193497057738726
0,bv_compiler,default,float,prepared,0,8191,0.9749076092133635,0.9447441826290403,1.0024708039920107,20.130707484,0.8130684595,24.758932964118994
0,bv_compiler,bv_split,float,prepared,0,8191,0.9759310148744101,0.9699955956528223,0.9980214536462866,20.130707484,0.8130684595,24.758932964118994
0,bv_compiler,default,float,prepared,1,8191,0.9934166071518751,0.8313465141943112,1.0011090572753885,19.761399707000002,0.8078302405,24.4623173487153
0,bv_compiler,bv_split,float,prepared,1,8191,0.9935517501093374,0.8635555986443141,0.9982749932190911,19.761399707000002,0.8078302405,24.4623173487153
0,bv_compiler,default,float,prepared,2,8191,0.9952986244125619,0.9467442545863268,1.0001361629496452,19.719432914000002,0.7945839945,24.817304464342573
0,bv_compiler,bv_split,float,prepared,2,8191,0.9965368468100563,0.9602423394318441,1.0021744617278114,19.719432914000002,0.7945839945,24.817304464342573
0,bv_compiler,default,float,vienot,0,8191,4.252945797161415,4.0017777778436185,4.371335505083721,4.8567024785,0.8000816445000001,6.070258594090268
0,bv_compiler,bv_split,float,vienot,0,8191,0.9888452474204819,0.9506666666112672,1.000079447090531,4.8567024785,0.8000816445000001,6.070258594090268
0,bv_compiler,default,float,vienot,1,8191,4.389687772752035,3.6246553761545286,4.460478607760166,4.802145648,0.811794195,5.9154717754541215
0,bv_compiler,bv_split,float,vienot,1,8191,0.9999205529094772,0.8425233031050834,1.0388365160336615,4.802145648,0.811794195,5.9154717754541215
0,bv_split,default,double,brettel,0,65536,2.724822903202751,2.7196979731877144,2.7375274641495233,10.070037842,4.812662125,2.0924049061516032
0,bv_split,bv_split,double,brettel,0,65536,1.0,1.0,1.0,10.070037842,4.812662125,2.0924049061516032
0,bv_split,default,double,brettel,1,65536,2.7855237967700495,2.763223652877943,2.834291556648195,10.0129127505,4.812081814000001,2.080786058410103
0,bv_split,bv_split,double,brettel,1,65536,1.0,1.0,1.0,10.0129127505,4.812081814000001,2.080786058410103
0,bv_split,default,double,brettel,2,65536,2.9195156626949252,2.846862149191939,2.972221169321179,10.0617408755,4.809513569,2.0920495869589675
0,bv_split,bv_split,double,brettel,2,65536,1.0,1.0,1.0,10.0617408755,4.809513569,2.0920495869589675
0,bv_split,default,double,lookup,0,65536,1.003707745498919,1.00159091082386,1.009753061932436,43.52016449,7.9835982325,5.451196718897514
0,bv_split,bv_split,double,lookup,0,65536,1.0,1.0,1.0,43.52016449,7.9835982325,5.451196718897514
0,bv_split,default,double,lookup,1,65536,1.0054182514656027,0.9985956933176083,1.0122587802818275,43.439626694,8.136464119,5.338882597977816
0,bv_split,bv_split,double,lookup,1,65536,1.0,1.0,1.0,43.439626694,8.136464119,5.338882597977816
0,bv_split,default,double,lookup,2,65536,1.009034040710736,1.0031004277085709,1.0268016637158672,43.3500766755,8.0541963575,5.382296973072027
0,bv_split,bv_split,double,lookup,2,65536,1.0,1.0,1.0,43.3500766755,8.0541963575,5.382296973072027
0,bv_split,default,double,lookupApply,0,65536,1.0057143861125504,1.0014990403711777,1.0099612710278438,56.992959976,12.9804654125,4.390671533327041
0,bv_split,bv_split,double,lookupApply,0,65536,1.0,1.0,1.0,56.992959976,12.9804654125,4.390671533327041
0,bv_split,default,double,lookupApply,1,65536,1.0060240560761105,0.9996973266945836,1.0178668641440443,56.999874115,12.9920907025,4.38727495213929
0,bv_split,bv_split,double,lookupApply,1,65536,1.0,1.0,1.0,56.999874115,12.9920907025,4.38727495213929
0,bv_split,default,double,lookupApply,2,65536,1.0075295054780857,1.0023955219157763,1.0218243262490023,56.9835662845,13.211272239500001,4.313253504391991
0,bv_split,bv_split,double,lookupApply,2,65536,1.0,1.0,1.0,56.9835662845,13.211272239500001,4.313253504391991
0,bv_split,default,double,prepared,0,65536,1.0007169304143853,0.9936335363792217,1.0104620798433277,25.872755051,1.433189392,18.052572252781506
0,bv_split,bv_split,double,prepared,0,65536,1.0,1.0,1.0,25.872755051,1.433189392,18.052572252781506
0,bv_split,default,double,prepared,1,65536,1.0017059301412694,1.0029424259852509,1.009091025760923,25.827407837000003,1.4393672945,17.943583917523842
0,bv_split,bv_split,double,prepared,1,65536,1.0,1.0,1.0,25.827407837000003,1.4393672945,17.943583917523842
0,bv_split,default,double,prepared,2,65536,1.0006005496918127,0.9965111424356399,1.0141555492263226,25.884437561,1.449835777,17.853358271072654
0,bv_split,bv_split,double,prepared,2,65536,1.0,1.0,1.0,25.884437561,1.449835777,17.853358271072654
0,bv_split,default,double,vienot,0,65536,4.368218256908585,4.284946463916911,4.421748599749546,5.531787872500001,1.4282655714999999,3.873080737142169
0,bv_split,bv_split,double,vienot,0,65536,1.0,1.0,1.0,5.531787872500001,1.4282655714999999,3.873080737142169
0,bv_split,default,double,vienot,1,65536,4.441445103856131,4.376491765731024,4.452312964045277,5.5130958555,1.4281725884999998,3.8602448330774695
0,bv_split,bv_split,double,vienot,1,65536,1.0,1.0,1.0,5.5130958555,1.4281725884999998,3.8602448330774695
0,bv_split,default,float,brettel,0,65536,16.139643550686614,16.19615506611949,16.431751378192136,10.653781891,2.3407044409999997,4.551528037622927
0,bv_split,bv_split,float,brettel,0,65536,1.0,1.0,1.0,10.653781891,2.3407044409999997,4.551528037622927
0,bv_split,default,float,brettel,1,65536,16.472471342820835,16.40252001186925,16.539312794637926,10.437059402500001,2.3322529789999997,4.475097468618134
0,bv_split,bv_split,float,brettel,1,65536,1.0,1.0,1.0,10.437059402500001,2.3322529789999997,4.475097468618134
0,bv_split,default,float,brettel,2,65536,16.413161381970436,16.29724522735313,16.484962731275708,10.471200943,2.333483696,4.487368375853439
0,bv_split,bv_split,float,brettel,2,65536,1.0,1.0,1.0,10.471200943,2.333483696,4.487368375853439
0,bv_split,default,float,lookup,0,65536,1.0327539047116454,1.0277553458987816,1.0339379009451404,28.8688659665,5.968295574,4.8370369075323545
0,bv_split,bv_split,float,lookup,0,65536,1.0,1.0,1.0,28.8688659665,5.968295574,4.8370369075323545
0,bv_split,default,float,lookup,1,65536,1.0289200239995595,1.0255045468161217,1.036631219395448,29.085063934,5.9678034785000005,4.8736631557630465
0,bv_split,bv_split,float,lookup,1,65536,1.0,1.0,1.0,29.085063934,5.9678034785000005,4.8736631557630465
0,bv_split,default,float,lookup,2,65536,1.031305344975531,1.0277497057267917,1.037276828214111,29.024219513,5.9723420145,4.859771835325792
0,bv_split,bv_split,float,lookup,2,65536,1.0,1.0,1.0,29.024219513,5.9723420145,4.859771835325792
0,bv_split,default,float,lookupApply,0,65536,1.0260846978333489,1.0249363111979688,1.0282196795720158,39.101648331,13.4198961255,2.9137072273384046
0,bv_split,bv_split,float,lookupApply,0,65536,1.0,1.0,1.0,39.101648331,13.4198961255,2.9137072273384046
0,bv_split,default,float,lookupApply,1,65536,1.0288472663435084,1.0262515655481839,1.0301201135924387,39.152288436999996,13.3330116275,2.93649248428213
0,bv_split,bv_split,float,lookupApply,1,65536,1.0,1.0,1.0,39.152288436999996,13.3330116275,2.93649248428213
0,bv_split,default,float,lookupApply,2,65536,1.0281007858467317,1.02724903168366,1.028009535159494,39.058828354,13.5809907915,2.8759925511801345
0,bv_split,bv_split,float,lookupApply,2,65536,1.0,1.0,1.0,39.058828354,13.5809907915,2.8759925511801345
0,bv_split,default,float,prepared,0,65536,1.0021427287463445,0.9945599064298618,1.0087883569405107,19.894838333000003,0.8517818450000001,23.356729718746237
0,bv_split,bv_split,float,prepared,0,65536,1.0,1.0,1.0,19.894838333000003,0.8517818450000001,23.356729718746237
0,bv_split,default,float,prepared,1,65536,1.0077797152555874,0.9978103156287201,1.0106072023420622,19.90776062,0.8523254395,23.35699452040115
0,bv_split,bv_split,float,prepared,1,65536,1.0,1.0,1.0,19.90776062,0.8523254395,23.35699452040115
0,bv_split,default,float,prepared,2,65536,1.0054119162856807,0.9973032494849497,1.011846203781706,19.9125766755,0.8532495499999999,23.337342135721023
0,bv_split,bv_split,float,prepared,2,65536,1.0,1.0,1.0,19.9125766755,0.8532495499999999,23.337342135721023
0,bv_split,default,float,vienot,0,65536,4.3568021105308095,4.245146831642446,4.414597352148992,4.807901382500001,0.8531279565,5.6356157899509665
0,bv_split,bv_split,float,vienot,0,65536,1.0,1.0,1.0,4.807901382500001,0.8531279565,5.6356157899509665
0,bv_split,default,float,vienot,1,65536,4.466818561811937,4.435978229649431,4.508541681608453,4.7925949095,0.850391865,5.63574877271433
0,bv_split,bv_split,float,vienot,1,65536,1.0,1.0,1.0,4.7925949095,0.850391865,5.63574877271433
0,bv_compiler,default,double,brettel,0,65536,2.742235862024378,2.696973819418153,2.7640047619382484,10.006093979,4.8046479225,2.0825863081750082
0,bv_compiler,bv_split,double,brettel,0,65536,1.0063904919476272,0.9867337795903967,1.0096719752168588,10.006093979,4.8046479225,2.0825863081750082
0,bv_compiler,default,double,brettel,1,65536,2.7764139076789416,2.759263051158323,2.809905237765039,10.0457668305,4.810801506000001,2.0881690541526154
0,bv_compiler,bv_split,double,brettel,1,65536,0.9967295597683742,0.9913959737748381,0.9999047029429415,10.0457668305,4.810801506000001,2.0881690541526154
0,bv_compiler,default,double,brettel,2,65536,2.917275964536008,2.886079390968541,2.9297092287661792,10.0694656375,4.810537815,2.0932099538022237
0,bv_compiler,bv_split,double,brettel,2,65536,0.9992328528366756,0.9838159342511045,1.0137756026535159,10.0694656375,4.810537815,2.0932099538022237
0,bv_compiler,default,double,lookup,0,65536,0.9912771918257249,0.9927144686375475,0.9937027352760831,44.065904617,8.0005164145,5.5078825333244374
0,bv_compiler,bv_split,double,lookup,0,65536,0.9876153654,0.9837659153131683,0.9921243539028439,44.065904617,8.0005164145,5.5078825333244374
0,bv_compiler,default,double,lookup,1,65536,0.9898917521554416,0.9809517865625247,1.0017806735024395,44.120979309000006,8.020632267,5.500935317846558
0,bv_compiler,bv_split,double,lookup,1,65536,0.9845571738055002,0.9783600233849357,0.9922754339779638,44.120979309000006,8.020632267,5.500935317846558
0,bv_compiler,default,double,lookup,2,65536,0.9931403775696194,0.9833279303566297,1.0151746141574525,44.043827057,8.015390873000001,5.494906955238139
0,bv_compiler,bv_split,double,lookup,2,65536,0.9842486353285745,0.9802886163680457,0.9886764406707933,44.043827057,8.015390873000001,5.494906955238139
0,bv_compiler,default,double,lookupApply,0,65536,1.0127164659341241,1.0118630758350025,1.0151130521158422,56.598901749,12.963084697500001,4.366159989675559
0,bv_compiler,bv_split,double,lookupApply,0,65536,1.0069622945821022,1.0034715983807838,1.013593634338001,56.598901749,12.963084697500001,4.366159989675559
0,bv_compiler,default,double,lookupApply,1,65536,1.0127817294620611,1.00796395527641,1.0276559180206428,56.619548798,12.981003284500002,4.361723632379533
0,bv_compiler,bv_split,double,lookupApply,1,65536,1.0067172085450005,0.9938230336462263,1.0114993758519215,56.619548798,12.981003284500002,4.361723632379533
0,bv_compiler,default,double,lookupApply,2,65536,1.0184716032008874,1.0136745640797626,1.0351427183819886,56.3713550565,13.0479097365,4.320336068758028
0,bv_compiler,bv_split,double,lookupApply,2,65536,1.0108603248473695,1.0088210024662974,1.0130339352771887,56.3713550565,13.0479097365,4.320336068758028
0,bv_compiler,default,double,prepared,0,65536,1.0017545186601726,1.00023784017665,1.0024052449665173,25.845956802499998,1.4351096155,18.009744010735464
0,bv_compiler,bv_split,double,prepared,0,65536,1.0010368449001434,0.9908371849613381,1.0086289549144645,25.845956802499998,1.4351096155,18.009744010735464
0,bv_compiler,default,double,prepared,1,65536,1.0008725472259354,0.9873381257957426,1.0118474918268114,25.848913193,1.439638615,17.95514021621322
0,bv_compiler,bv_split,double,prepared,1,65536,0.9991680363565218,0.982914451149067,1.0027316327224396,25.848913193,1.439638615,17.95514021621322
0,bv_compiler,default,double,prepared,2,65536,0.9994387883649449,0.9927337514955399,1.0156159938654559,25.9145259855,1.4381289480000001,18.019612234034522
0,bv_compiler,bv_split,double,prepared,2,65536,0.9988389359497899,0.9953566541496289,1.003406626890417,25.9145259855,1.4381289480000001,18.019612234034522
0,bv_compiler,default,double,vienot,0,65536,4.386253278187492,4.34018631856393,4.431284916284328,5.50904274,1.4299058915,3.8527309893246913
0,bv_compiler,bv_split,double,vienot,0,65536,1.0041286905136628,0.9996716098397488,1.023182014679306,5.50904274,1.4299058915,3.8527309893246913
0,bv_compiler,default,double,vienot,1,65536,4.435958569451625,4.380092849014403,4.437721008089543,5.5199146275,1.4276695254999998,3.866381210012037
0,bv_compiler,bv_split,double,vienot,1,65536,0.9987646961121409,0.9967226122526488,1.0026072467323537,5.5199146275,1.4276695254999998,3.866381210012037
0,bv_compiler,default,float,brettel,0,65536,16.344103955838037,16.27781143754138,16.452310291225288,10.5205059055,2.312081337,4.550231748832286
0,bv_compiler,bv_split,float,brettel,0,65536,1.0126682107017615,0.990631556119145,1.0139401542283255,10.5205059055,2.312081337,4.550231748832286
0,bv_compiler,default,float,brettel,1,65536,16.478494157106038,16.397249917452264,16.51074090520131,10.433244705,2.3255686755,4.486319761232955
0,bv_compiler,bv_split,float,brettel,1,65536,1.000365629064386,0.9942499361517476,1.0065978211429554,10.433244705,2.3255686755,4.486319761232955
0,bv_compiler,default,float,brettel,2,65536,16.290535592820355,16.062735151596353,16.486585175470786,10.5500221255,2.3254761695,4.5367147872207
0,bv_compiler,bv_split,float,brettel,2,65536,0.9925288135358991,0.9743871074164885,1.0057269569891463,10.5500221255,2.3254761695,4.5367147872207
0,bv_compiler,default,float,lookup,0,65536,1.003935433837851,0.9978855438437961,1.0075514627491917,29.697561264,5.970986366,4.973644125718307
0,bv_compiler,bv_split,float,lookup,0,65536,0.9720955101284844,0.9671170031228754,0.9803417386927613,29.697561264,5.970986366,4.973644125718307
0,bv_compiler,default,float,lookup,1,65536,1.0046116881462175,0.999788311945088,1.0094020422464416,29.7888278965,5.9565844535,5.000991445524882
0,bv_compiler,bv_split,float,lookup,1,65536,0.9763749025324127,0.9708332073090179,0.9836350171611609,29.7888278965,5.9565844535,5.000991445524882
0,bv_compiler,default,float,lookup,2,65536,1.0092770195108143,1.0067999119532451,1.0171696704770303,29.6576976775,5.978869438,4.960419019857513
0,bv_compiler,bv_split,float,lookup,2,65536,0.9786403458761873,0.9706183388735886,0.9897056304751948,29.6576976775,5.978869438,4.960419019857513
0,bv_compiler,default,float,lookupApply,0,65536,1.0035267289638907,0.9986110962364729,1.0041786117982314,39.9806022645,13.353283882,2.9940651766112136
0,bv_compiler,bv_split,float,lookupApply,0,65536,0.9780154904199517,0.9712040297187591,0.979747327543235,39.9806022645,13.353283882,2.9940651766112136
0,bv_compiler,default,float,lookupApply,1,65536,1.0072806359571542,1.0061405970979074,1.0119267642307965,39.990568161,13.467330456,2.9694502775925646
0,bv_compiler,bv_split,float,lookupApply,1,65536,0.9790380641599006,0.9767216306349894,0.9854554565739059,39.990568161,13.467330456,2.9694502775925646
0,bv_compiler,default,float,lookupApply,2,65536,1.0034566989281994,1.0019973289557034,1.0049449886495994,40.018081665,13.4731431005,2.9702112837734864
0,bv_compiler,bv_split,float,lookupApply,2,65536,0.9760295028874668,0.974696532168104,0.978021847127339,40.018081665,13.4731431005,2.9702112837734864
0,bv_compiler,default,float,prepared,0,65536,0.9982452119418113,0.9877026864542281,1.0098719471315207,19.972515106000003,0.8521566389999999,23.437610166879196
0,bv_compiler,bv_split,float,prepared,0,65536,0.9961108166604082,0.9844215171095164,1.0153957952685062,19.972515106000003,0.8521566389999999,23.437610166879196
0,bv_compiler,default,float,prepared,1,65536,1.0084898921898295,1.0026327169669589,1.0136259588960486,19.893741607499997,0.846651077,23.496977855376894
0,bv_compiler,bv_split,float,prepared,1,65536,1.0007046946108278,1.0029870720760652,1.0083454422308034,19.893741607499997,0.846651077,23.496977855376894
0,bv_compiler,default,float,prepared,2,65536,1.0026962610742702,0.9971366129401092,1.0064269050759114,19.966506958,0.8515439035000001,23.44741930032501
0,bv_compiler,bv_split,float,prepared,2,65536,0.9972989625770073,0.9854626219018062,1.0047667213811842,19.966506958,0.8515439035000001,23.44741930032501
0,bv_compiler,default,float,vienot,0,65536,4.370977691946242,4.355213392692703,4.428794742752666,4.7923088074999995,0.848947525,5.6450000340127025
0,bv_compiler,bv_split,float,vienot,0,65536,1.0032536665783305,1.0016911383951212,1.025927621685508,4.7923088074999995,0.848947525,5.6450000340127025
0,bv_compiler,default,float,vienot,1,65536,4.470643882863626,4.445323855869049,4.498940161045613,4.78849411,0.8536186219999999,5.609641105041404
0,bv_compiler,bv_split,float,vienot,1,65536,1.0008563860382402,0.9978703711219953,1.0083666171363794,4.78849411,0.8536186219999999,5.609641105041404
1,bv_split,default,double,brettel,0,1024,2.29223744264567,2.2727963526783794,2.3168316830287083,4.010009766,4.6936035154999995,0.8543563069947168
1,bv_split,bv_split,double,brettel,0,1024,1.0,1.0,1.0,4.010009766,4.6936035154999995,0.8543563069947168
1,bv_split,default,double,brettel,1,1024,1.6916030534687208,1.6720061022904102,1.7122026095223313,3.997802734,4.7585449215,0.8401313426583777
1,bv_split,bv_split,double,brettel,1,1024,1.0,1.0,1.0,3.997802734,4.7585449215,0.8401313426583777
1,bv_split,default,double,brettel,2,1024,1.5662100454844627,1.4718417044872607,1.5914634145092683,4.010009766,4.7593078615,0.8425615410254543
1,bv_split,bv_split,double,brettel,2,1024,1.0,1.0,1.0,4.010009766,4.7593078615,0.8425615410254543
1,bv_split,default,double,lookup,0,1024,0.9957983193645065,0.9880810488191707,0.9966986795147327,10.168457031,7.9650878904999995,1.2766283524790694
1,bv_split,bv_split,double,lookup,0,1024,1.0,1.0,1.0,10.168457031,7.9650878904999995,1.2766283524790694
1,bv_split,default,double,lookup,1,1024,0.992224880395024,0.9589358010287328,0.9963963963719289,10.205078125,7.9640808105000005,1.2813880682307273
1,bv_split,bv_split,double,lookup,1,1024,1.0,1.0,1.0,10.205078125,7.9640808105000005,1.2813880682307273
1,bv_split,default,double,lookup,2,1024,0.994601079747253,0.9904591532497344,0.9942960071989304,10.174560547,7.969329834,1.27671469984737
1,bv_split,bv_split,double,lookup,2,1024,1.0,1.0,1.0,10.174560547,7.969329834,1.27671469984737
1,bv_split,default,double,lookupApply,0,1024,1.0,0.999310344860523,1.0246885094645752,13.269042969,12.9339294435,1.0259096453992496
1,bv_split,bv_split,double,lookupApply,0,1024,1.0,1.0,1.0,13.269042969,12.9339294435,1.0259096453992496
1,bv_split,default,double,lookupApply,1,1024,0.9990808823717646,0.99862132352,1.0025125628187717,13.28125,12.935974121000001,1.0266911386626452
1,bv_split,bv_split,double,lookupApply,1,1024,1.0,1.0,1.0,13.28125,12.935974121000001,1.0266911386626452
1,bv_split,default,double,lookupApply,2,1024,0.9922409858977285,0.977517985629928,1.0013815334738612,13.372802734,12.930328369000001,1.0342198861755758
1,bv_split,bv_split,double,lookupApply,2,1024,1.0,1.0,1.0,13.372802734,12.930328369000001,1.0342198861755758
1,bv_split,default,double,prepared,0,1024,1.0,1.0,1.0,1.818847656,1.290740967,1.409150017317146
1,bv_split,bv_split,double,prepared,0,1024,1.0,1.0,1.0,1.818847656,1.290740967,1.409150017317146
1,bv_split,default,double,prepared,1,1024,1.0,1.0,1.0,1.818847656,1.3320922855,1.3654066432171377
1,bv_split,bv_split,double,prepared,1,1024,1.0,1.0,1.0,1.818847656,1.3320922855,1.3654066432171377
1,bv_split,default,double,prepared,2,1024,1.0,1.0,1.003344481536627,1.818847656,1.2618103029999999,1.4414588719680157
1,bv_split,bv_split,double,prepared,2,1024,1.0,1.0,1.0,1.818847656,1.2618103029999999,1.4414588719680157
1,bv_split,default,double,vienot,0,1024,1.0,1.0,1.0094043892943505,0.982666016,1.3321838375000001,0.7376354436517475
1,bv_split,bv_split,double,vienot,0,1024,1.0,1.0,1.0,0.982666016,1.3321838375000001,0.7376354436517475
1,bv_split,default,double,vienot,1,1024,1.0,1.0,1.012499999744,0.982666016,1.3330993654999999,0.7371288603317546
1,bv_split,bv_split,double,vienot,1,1024,1.0,1.0,1.0,0.982666016,1.3330993654999999,0.7371288603317546
1,bv_split,default,float,brettel,0,1024,3.33243967852206,3.268929503741651,3.3257372656805124,2.276611328,2.309326172,0.985833597524395
1,bv_split,bv_split,float,brettel,0,1024,1.0,1.0,1.0,2.276611328,2.309326172,0.985833597524395
1,bv_split,default,float,brettel,1,1024,2.1675603219171893,2.125162972630626,2.2104557642787936,2.276611328,2.3093566895000004,0.9858205700103044
1,bv_split,bv_split,float,brettel,1,1024,1.0,1.0,1.0,2.276611328,2.3093566895000004,0.9858205700103044
1,bv_split,default,float,brettel,2,1024,2.006702413061172,1.9932885908505142,2.013351134792141,2.276611328,2.3091430665,0.9859117700535945
1,bv_split,bv_split,float,brettel,2,1024,1.0,1.0,1.0,2.276611328,2.3091430665,0.9859117700535945
1,bv_split,default,float,lookup,0,1024,1.0015243902126831,0.9887133182688406,1.0567176186553486,8.0078125,5.944458008,1.347105571142593
1,bv_split,bv_split,float,lookup,0,1024,1.0,1.0,1.0,8.0078125,5.944458008,1.347105571142593
1,bv_split,default,float,lookup,1,1024,0.9996196272113169,0.9672432830098967,1.0003806623135107,8.023071289,5.929260253500001,1.3531319162899011
1,bv_split,bv_split,float,lookup,1,1024,1.0,1.0,1.0,8.023071289,5.929260253500001,1.3531319162899011
1,bv_split,default,float,lookup,2,1024,1.0,0.998858012934733,0.9996199164205156,8.020019531,5.9395751955,1.350268203873605
1,bv_split,bv_split,float,lookup,2,1024,1.0,1.0,1.0,8.020019531,5.9395751955,1.350268203873605
1,bv_split,default,float,lookupApply,0,1024,1.0120949338532281,0.9952935903594221,1.0066179826892225,13.372802734,13.263366698999999,1.0082509997260538
1,bv_split,bv_split,float,lookupApply,0,1024,1.0,1.0,1.0,13.372802734,13.263366698999999,1.0082509997260538
1,bv_split,default,float,lookupApply,1,1024,1.0002252759768906,0.992575927995416,1.0011268875320132,13.54675293,13.265197753999999,1.021225102046828
1,bv_split,bv_split,float,lookupApply,1,1024,1.0,1.0,1.0,13.54675293,13.265197753999999,1.021225102046828
1,bv_split,default,float,lookupApply,2,1024,1.0027100271558225,0.9943655623399333,1.0063854048452483,13.5131835935,13.259216308500001,1.019154019294277
1,bv_split,bv_split,float,lookupApply,2,1024,1.0,1.0,1.0,13.5131835935,13.259216308500001,1.019154019294277
1,bv_split,default,float,prepared,0,1024,1.0,0.9974747473201183,1.0037926677427977,2.416992188,0.8261413575000001,2.9256399840750014
1,bv_split,bv_split,float,prepared,0,1024,1.0,1.0,1.0,2.416992188,0.8261413575000001,2.9256399840750014
1,bv_split,default,float,prepared,1,1024,1.0025252522661443,0.9987357774193292,1.0050568901166002,2.416992188,0.8262329105,2.9253158005257163
1,bv_split,bv_split,float,prepared,1,1024,1.0,1.0,1.0,2.416992188,0.8262329105,2.9253158005257163
1,bv_split,default,float,prepared,2,1024,1.0050632910352817,0.9949622167275991,1.0037974683801574,2.410888672,0.8258361814999999,2.919330402333553
1,bv_split,bv_split,float,prepared,2,1024,1.0,1.0,1.0,2.410888672,0.8258361814999999,2.919330402333553
1,bv_split,default,float,vienot,0,1024,5.563758389889032,5.563758389889032,5.570469799698277,0.909423828,0.8246765135,1.1027643119607284
1,bv_split,bv_split,float,vienot,0,1024,1.0,1.0,1.0,0.909423828,0.8246765135,1.1027643119607284
1,bv_split,default,float,vienot,1,1024,5.567114094793655,5.563758389889032,5.577181208407924,0.909423828,0.825683594,1.1014192780485352
1,bv_split,bv_split,float,vienot,1,1024,1.0,1.0,1.0,0.909423828,0.825683594,1.1014192780485352
1,bv_compiler,default,double,brettel,0,1024,2.2957317072546344,2.2727963526783794,2.3168316830287083,4.00390625,4.6954956055,0.8527121706407484
1,bv_compiler,bv_split,double,brettel,0,1024,1.0015243903375608,1.0,1.0084550346046528,4.00390625,4.6954956055,0.8527121706407484
1,bv_compiler,default,double,brettel,1,1024,1.6890243901190243,1.678407350741767,1.6978691018978433,4.00390625,4.745452881,0.8437353294626464
1,bv_compiler,bv_split,double,brettel,1,1024,0.998475609662439,0.9916286147767952,1.0038284839048062,4.00390625,4.745452881,0.8437353294626464
1,bv_compiler,default,double,brettel,2,1024,1.5709923665283079,1.4740853657600002,1.5902513326263938,3.997802734,4.757873535,0.8402498941157754
1,bv_compiler,bv_split,double,brettel,2,1024,1.0030534353023932,0.9992383853302413,1.0038167940029228,3.997802734,4.757873535,0.8402498941157754
1,bv_compiler,default,double,lookup,0,1024,1.0018115942152657,1.0012070005787364,1.0240889437542104,10.107421875,7.960144043,1.2697536401854783
1,bv_compiler,bv_split,double,lookup,0,1024,1.006038647318261,1.0054315026537517,1.0364422483136093,10.107421875,7.960144043,1.2697536401854783
1,bv_compiler,default,double,lookup,1,1024,1.0018115942152657,1.0006031363458774,1.0240889437542104,10.107421875,7.9651184085,1.268960655275863
1,bv_compiler,bv_split,double,lookup,1,1024,1.0096618357487923,1.0051313009541578,1.0679431747730999,10.107421875,7.9651184085,1.268960655275863
1,bv_compiler,default,double,lookup,2,1024,1.0,0.9987944545153614,1.0259419394431801,10.119628906,7.9592895509999995,1.2714236416651759
1,bv_compiler,bv_split,double,lookup,2,1024,1.005428226816443,1.006027727521951,1.03582458305022,10.119628906,7.9592895509999995,1.2714236416651759
1,bv_compiler,default,double,lookupApply,0,1024,1.001843318010136,1.0002301496113752,1.0459255770180402,13.244628906,12.9270629885,1.0245659758742192
1,bv_compiler,bv_split,double,lookupApply,0,1024,1.001843318010136,0.9997698504263324,1.0207253886008363,13.244628906,12.9270629885,1.0245659758742192
1,bv_compiler,default,double,lookupApply,1,1024,1.0006904487964183,1.0,1.0242581252796907,13.2598876955,12.818206787000001,1.0344573087202762
1,bv_compiler,bv_split,double,lookupApply,1,1024,1.0016110471665043,0.9997716373460985,1.0247291568291539,13.2598876955,12.818206787000001,1.0344573087202762
1,bv_compiler,default,double,lookupApply,2,1024,1.0057830210643817,0.9921767142293234,1.0240226095242524,13.1927490235,12.8387451175,1.0275730924447959
1,bv_compiler,bv_split,double,lookupApply,2,1024,1.0136479296452372,1.0016106765077004,1.0475741874604547,13.1927490235,12.8387451175,1.0275730924447959
1,bv_compiler,default,double,prepared,0,1024,1.0,1.0,1.0,1.818847656,1.309539795,1.3889212553483339
1,bv_compiler,bv_split,double,prepared,0,1024,1.0,1.0,1.0,1.818847656,1.309539795,1.3889212553483339
1,bv_compiler,default,double,prepared,1,1024,1.0,0.9966555181893929,1.0067567566183784,1.818847656,1.260772705,1.4426451721129228
1,bv_compiler,bv_split,double,prepared,1,1024,1.0,0.9966555181893929,1.0067567566183784,1.818847656,1.260772705,1.4426451721129228
1,bv_compiler,default,double,prepared,2,1024,1.0,0.9949916524477342,1.0084602365732886,1.818847656,1.3326721190000002,1.3648125672238212
1,bv_compiler,bv_split,double,prepared,2,1024,1.0,0.9949916524477342,1.0084602365732886,1.818847656,1.3326721190000002,1.3648125672238212
1,bv_compiler,default,double,vienot,0,1024,1.0,0.9938271611243652,1.0157728711157195,0.982666016,1.3346252445,0.7362860998243317
1,bv_compiler,bv_split,double,vienot,0,1024,1.0,0.9938271611243652,1.0063091481361806,0.982666016,1.3346252445,0.7362860998243317
1,bv_compiler,default,double,vienot,1,1024,0.9938271611243652,0.8473684211933252,1.0062111794858284,0.988769531,1.332580566,0.7419960610471636
1,bv_compiler,bv_split,double,vienot,1,1024,0.9938271611243652,0.8394736842990271,1.0062111794858284,0.988769531,1.332580566,0.7419960610471636
1,bv_compiler,default,float,brettel,0,1024,3.3235294114554765,3.3155080210272643,3.3975576659311457,2.282714844,2.3092346194999998,0.9885157725957955
1,bv_compiler,bv_split,float,brettel,0,1024,0.9973262030445709,0.9973262030445709,1.0393487109594335,2.282714844,2.3092346194999998,0.9885157725957955
1,bv_compiler,default,float,brettel,1,1024,2.1675603219171893,2.1323529414373827,2.234417343884654,2.276611328,2.3070678715,0.9867985923274125
1,bv_compiler,bv_split,float,brettel,1,1024,1.0,0.9812834224030839,1.02815013402235,2.276611328,2.3070678715,0.9867985923274125
1,bv_compiler,default,float,brettel,2,1024,2.006702413061172,1.9800000002970968,2.028416779403164,2.276611328,2.30859375,0.9861463620439932
1,bv_compiler,bv_split,float,brettel,2,1024,1.0,0.9933333333595477,1.0094722597271528,2.276611328,2.30859375,0.9861463620439932
1,bv_compiler,default,float,lookup,0,1024,0.9913240286298672,0.9507781397035859,0.9962092493848658,8.090209961,5.932067871,1.3638094062528299
1,bv_compiler,bv_split,float,lookup,0,1024,0.9898151640813764,0.8997466521978044,1.0041556478489664,8.090209961,5.932067871,1.3638094062528299
1,bv_compiler,default,float,lookup,1,1024,0.9879699248116596,0.9392423158969297,0.9905695964174248,8.117675781,5.9348144529999995,1.3678061623133952
1,bv_compiler,bv_split,float,lookup,1,1024,0.9883458646843929,0.9507781397035859,1.0128253489093844,8.117675781,5.9348144529999995,1.3678061623133952
1,bv_compiler,default,float,lookup,2,1024,0.979500559037652,0.9594446474475453,0.9883502442920712,8.187866211,5.939880371,1.3784564165593696
1,bv_compiler,bv_split,float,lookup,2,1024,0.979500559037652,0.9601753744461408,0.9887260428255576,8.187866211,5.939880371,1.3784564165593696
1,bv_compiler,default,float,lookupApply,0,1024,1.0137142856952401,1.0070776255566165,1.0183402109125976,13.35144043,13.255493164499999,1.0072383022124716
1,bv_compiler,bv_split,float,lookupApply,0,1024,1.00159999994847,1.0004566209577999,1.022222222198867,13.35144043,13.255493164499999,1.0072383022124716
1,bv_compiler,default,float,lookupApply,1,1024,1.0148571428708386,1.0075359671297752,1.018106807228556,13.35144043,13.2606201175,1.0068488737099213
1,bv_compiler,bv_split,float,lookupApply,1,1024,1.014628571428229,1.0150719342595504,1.0201096891757004,13.35144043,13.2606201175,1.0068488737099213
1,bv_compiler,default,float,lookupApply,2,1024,1.0136986301554334,1.0073042684692968,1.0104640582066111,13.366699219,13.2596435545,1.0080737965587065
1,bv_compiler,bv_split,float,lookupApply,2,1024,1.0109589040719777,1.0009130335352885,1.0139396709276782,13.366699219,13.2596435545,1.0080737965587065
1,bv_compiler,default,float,prepared,0,1024,1.0025316457250333,0.9974747473201183,1.012787723941632,2.410888672,0.8260803225,2.9184676191097627
1,bv_compiler,bv_split,float,prepared,0,1024,1.0025316457250333,1.0,1.0153452686461528,2.410888672,0.8260803225,2.9184676191097627
1,bv_compiler,default,float,prepared,1,1024,1.0025252522661443,0.9974747473201183,1.0063291138977986,2.416992188,0.8169555665,2.9585356745347546
1,bv_compiler,bv_split,float,prepared,1,1024,1.0,0.9987373736600592,1.0050505049460259,2.416992188,0.8169555665,2.9585356745347546
1,bv_compiler,default,float,prepared,2,1024,1.0025252522661443,1.0,1.0075757572121702,2.416992188,0.82421875,2.9324644555829384
1,bv_compiler,bv_split,float,prepared,2,1024,0.9974747473201183,0.9974747473201183,1.0050632910352817,2.416992188,0.82421875,2.9324644555829384
1,bv_compiler,default,float,vienot,0,1024,5.6013513543133975,5.570469799698277,5.65870307192809,0.903320312,0.8248291015,1.0951605736961258
1,bv_compiler,bv_split,float,vienot,0,1024,1.006756757175632,1.0,1.0170648463476775,0.903320312,0.8248291015,1.0951605736961258
1,bv_compiler,default,float,vienot,1,1024,5.567114094793655,5.563758389889032,5.639455784530669,0.909423828,0.8181152345,1.111608474759432
1,bv_compiler,bv_split,float,vienot,1,1024,1.0,1.0,1.0136054424611967,0.909423828,0.8181152345,1.111608474759432
1,bv_split,default,double,brettel,0,8191,2.4792101766563044,2.47314990498496,2.4964882308995966,4.018892687,4.727673666499999,0.8500782774999093
1,bv_split,bv_split,double,brettel,0,8191,1.0,1.0,1.0,4.018892687,4.727673666499999,0.8500782774999093
1,bv_split,default,double,brettel,1,8191,2.501287553578544,2.4888105892959445,2.527580242325947,4.0001983885,4.703393969,0.8504918820037718
1,bv_split,bv_split,double,brettel,1,8191,1.0,1.0,1.0,4.0001983885,4.703393969,0.8504918820037718
1,bv_split,default,double,brettel,2,8191,2.392731088313157,2.375345073644863,2.430036419293018,3.999435356,4.7033329265,0.8503406878696534
1,bv_split,bv_split,double,brettel,2,8191,1.0,1.0,1.0,3.999435356,4.7033329265,0.8503406878696534
1,bv_split,default,double,lookup,0,8191,0.9947696790603777,0.9925103401993669,0.9947696790603777,10.212046759,7.968070901,1.2816209702298682
1,bv_split,bv_split,double,lookup,0,8191,1.0,1.0,1.0,10.212046759,7.968070901,1.2816209702298682
1,bv_split,default,double,lookup,1,8191,0.9947663551181355,0.9940545189338476,0.9956638756091687,10.205560982,7.7950723355000004,1.3092323640824024
1,bv_split,bv_split,double,lookup,1,8191,1.0,1.0,1.0,10.205560982,7.7950723355000004,1.3092323640824024
1,bv_split,default,double,lookup,2,8191,1.0005605171239136,0.9949730031926042,1.0124430161814022,10.209757661000001,7.987776218,1.2781727207120415
1,bv_split,bv_split,double,lookup,2,8191,1.0,1.0,1.0,10.209757661000001,7.987776218,1.2781727207120415
1,bv_split,default,double,lookupApply,0,8191,1.00025805714029,0.9998280457240808,1.0093768992811614,13.305762422,12.871703699,1.0337219324768736
1,bv_split,bv_split,double,lookupApply,0,8191,1.0,1.0,1.0,13.305762422,12.871703699,1.0337219324768736
1,bv_split,default,double,lookupApply,1,8191,0.9994840632409728,0.9993408419923894,1.003944943570637,13.310340618,12.823663166500001,1.0379515155054426
1,bv_split,bv_split,double,lookupApply,1,8191,1.0,1.0,1.0,13.310340618,12.823663166500001,1.0379515155054426
1,bv_split,default,double,lookupApply,2,8191,0.9997420390144552,0.9977396927180255,1.0082353281481133,13.310722133999999,12.8648478515,1.0346583409028045
1,bv_split,bv_split,double,lookupApply,2,8191,1.0,1.0,1.0,13.310722133999999,12.8648478515,1.0346583409028045
1,bv_split,default,double,prepared,0,8191,1.0022892821170089,1.0022892821170089,1.0122763212082317,1.8331858135,1.274573465,1.438273951121366
1,bv_split,bv_split,double,prepared,0,8191,1.0,1.0,1.0,1.8331858135,1.274573465,1.438273951121366
1,bv_split,default,double,prepared,1,8191,1.0004158006355857,1.0004156272725702,1.0027088977530287,1.835093395,1.265005036,1.4506609402936794
1,bv_split,bv_split,double,prepared,1,8191,1.0,1.0,1.0,1.835093395,1.265005036,1.4506609402936794
1,bv_split,default,double,prepared,2,8191,1.00166182002667,0.995439469625757,1.0116739630544245,1.83661946,1.2615065315,1.455893738271937
1,bv_split,bv_split,double,prepared,2,8191,1.0,1.0,1.0,1.83661946,1.2615065315,1.455893738271937
1,bv_split,default,double,vienot,0,8191,0.9879356570448729,0.9863196527563662,0.9993308799778753,1.138444634,1.378937248,0.8255956793183964
1,bv_split,bv_split,double,vienot,0,8191,1.0,1.0,1.0,1.138444634,1.378937248,0.8255956793183964
1,bv_split,default,double,vienot,1,8191,1.0128944686484636,0.9890146470048458,1.0190088257852619,1.1243285315,1.3769342875000001,0.8165447993464974
1,bv_split,bv_split,double,vienot,1,8191,1.0,1.0,1.0,1.1243285315,1.3769342875000001,0.8165447993464974
1,bv_split,default,float,brettel,0,8191,3.5427527812991326,3.1312582583980633,3.735780765417574,2.297872665,2.23138582,1.0297962120239699
1,bv_split,bv_split,float,brettel,0,8191,1.0,1.0,1.0,2.297872665,2.23138582,1.0297962120239699
1,bv_split,default,float,brettel,1,8191,3.5186994610856734,3.488922205712485,3.5269217739342418,2.264680747,2.2642534485,1.0001887149604578
1,bv_split,bv_split,float,brettel,1,8191,1.0,1.0,1.0,2.264680747,2.2642534485,1.0001887149604578
1,bv_split,default,float,brettel,2,8191,3.475130669698584,3.4716377716492772,3.5125576632181654,2.2627731655,2.2627540894999996,1.0000084304344379
1,bv_split,bv_split,float,brettel,2,8191,1.0,1.0,1.0,2.2627731655,2.2627540894999996,1.0000084304344379
1,bv_split,default,float,lookup,0,8191,1.0001901773785713,1.0026201704979074,1.0125843780296606,8.0244323035,5.9320405019999995,1.3527271603750084
1,bv_split,bv_split,float,lookup,0,8191,1.0,1.0,1.0,8.0244323035,5.9320405019999995,1.3527271603750084
1,bv_split,default,float,lookup,1,8191,0.9996678371563221,0.9924790691617595,1.0246769649828904,8.040074472,5.938411824,1.3539098853848706
1,bv_split,bv_split,float,lookup,1,8191,1.0,1.0,1.0,8.040074472,5.938411824,1.3539098853848706
1,bv_split,default,float,lookup,2,8191,0.9985292024792368,0.9618254222956819,1.0238373225390076,8.041219021,5.962206995,1.3486983977147207
1,bv_split,bv_split,float,lookup,2,8191,1.0,1.0,1.0,8.041219021,5.962206995,1.3486983977147207
1,bv_split,default,float,lookupApply,0,8191,0.9876853481200089,0.9672509478305913,1.0178551022375129,13.662480161,13.490114912500001,1.0127771519826183
1,bv_split,bv_split,float,lookupApply,0,8191,1.0,1.0,1.0,13.662480161,13.490114912500001,1.0127771519826183
1,bv_split,default,float,lookupApply,1,8191,1.0040034071496817,0.9934969877767168,0.9963896848208291,13.437004029,13.460600812,0.9982469740147882
1,bv_split,bv_split,float,lookupApply,1,8191,1.0,1.0,1.0,13.437004029,13.460600812,0.9982469740147882
1,bv_split,default,float,lookupApply,2,8191,0.9994067126425714,0.9924548412258802,1.01012614776367,13.504150896999999,13.469394762499999,1.0025803783401437
1,bv_split,bv_split,float,lookupApply,2,8191,1.0,1.0,1.0,13.504150896999999,13.469394762499999,1.0025803783401437
1,bv_split,default,float,prepared,0,8191,1.0079579818903284,0.9261040661959274,1.0245448632185827,2.3970669024999998,0.7867934315,3.0466280049263474
1,bv_split,bv_split,float,prepared,0,8191,1.0,1.0,1.0,2.3970669024999998,0.7867934315,3.0466280049263474
1,bv_split,default,float,prepared,1,8191,0.9995244136074006,0.994635531773113,1.0163470608677336,2.40660481,0.7853856365,3.0642332863697592
1,bv_split,bv_split,float,prepared,1,8191,1.0,1.0,1.0,2.40660481,0.7853856365,3.0642332863697592
1,bv_split,default,float,prepared,2,8191,1.0072957968921323,1.0019120458555622,1.0072853974356102,2.4054602615,0.7860303995,3.0602636526909546
1,bv_split,bv_split,float,prepared,2,8191,1.0,1.0,1.0,2.4054602615,0.7860303995,3.0602636526909546
1,bv_split,default,float,vienot,0,8191,5.937499996886866,5.688158960834635,6.762089810465375,0.903430595,0.7855458735,1.1500672659316056
1,bv_split,bv_split,float,vienot,0,8191,1.0,1.0,1.0,0.903430595,0.7855458735,1.1500672659316056
1,bv_split,default,float,vienot,1,8191,5.938895913188576,5.887447695790327,5.965126051808375,0.905338176,0.7870032655000001,1.1503613970709756
1,bv_split,bv_split,float,vienot,1,8191,1.0,1.0,1.0,0.905338176,0.7870032655000001,1.1503613970709756
1,bv_compiler,default,double,brettel,0,8191,2.4794455522840506,2.46683069924354,2.546272991385618,4.0185111705,4.7270479795,0.8501100872949158
1,bv_compiler,bv_split,double,brettel,0,8191,1.0000949397634629,0.997444875569943,1.019941916757237,4.0185111705,4.7270479795,0.8501100872949158
1,bv_compiler,default,double,brettel,1,8191,2.4958127139677293,2.4702268429747956,2.542018028343586,4.0089732635,4.7084376145,0.8514444900265971
1,bv_compiler,bv_split,double,brettel,1,8191,0.9978111914389924,0.9882241215559421,1.006881845450528,4.0089732635,4.7084376145,0.8514444900265971
1,bv_compiler,default,double,brettel,2,8191,2.377310207619772,2.3627497396019286,2.4090261282544394,4.025378464,4.7275172444999995,0.8514783248401963
1,bv_compiler,bv_split,double,brettel,2,8191,0.9935551133310778,0.991353919278012,0.9948029860222561,4.025378464,4.7275172444999995,0.8514783248401963
1,bv_compiler,default,double,lookup,0,8191,1.002069848018482,0.9998119240657934,1.0024085503937072,10.13765108,7.9935943415,1.2682218595167873
1,bv_compiler,bv_split,double,lookup,0,8191,1.0073385519399825,1.0060936618556586,1.0099729038514118,10.13765108,7.9935943415,1.2682218595167873
1,bv_compiler,default,double,lookup,1,8191,1.001241675147774,1.0013544527889535,1.0110291321185,10.139558661999999,7.9975773715,1.2678287675131619
1,bv_compiler,bv_split,double,lookup,1,8191,1.0065093878540647,1.0059411897771995,1.0170761390460337,10.139558661999999,7.9975773715,1.2678287675131619
1,bv_compiler,default,double,lookup,2,8191,1.0072223893787666,1.0074486495039254,1.0268234570978763,10.142229276,7.9811034979999995,1.2707803223628864
1,bv_compiler,bv_split,double,lookup,2,8191,1.0066581402532278,1.0018343129186165,1.0320113749851227,10.142229276,7.9811034979999995,1.2707803223628864
1,bv_compiler,default,double,lookupApply,0,8191,0.9987974919515761,0.9969414589471631,0.9997420833694072,13.325219752999999,12.869185691999999,1.035436124080756
1,bv_compiler,bv_split,double,lookupApply,0,8191,0.998539811623323,0.9876800822934879,0.9997707407853255,13.325219752999999,12.869185691999999,1.035436124080756
1,bv_compiler,default,double,lookupApply,1,8191,1.0012346742221474,1.0004877488899517,1.001896606209749,13.2870681235,12.8651645095,1.0327942649849875
1,bv_compiler,bv_split,double,lookupApply,1,8191,1.0017515146519675,0.9979597114622613,1.001866314467552,13.2870681235,12.8651645095,1.0327942649849875
1,bv_compiler,default,double,lookupApply,2,8191,1.000086016542831,1.000315357947627,1.0147829123442917,13.3061439385,12.861936881999998,1.0345365601289538
1,bv_compiler,bv_split,double,lookupApply,2,8191,1.0003440662840533,0.9921447206030426,1.0170818298105764,13.3061439385,12.861936881999998,1.0345365601289538
1,bv_compiler,default,double,prepared,0,8191,1.0020807324266625,1.0016652792690393,1.0182084554447317,1.83356733,1.2733411669999999,1.4399654841285754
1,bv_compiler,bv_split,double,prepared,0,8191,0.9997919266482569,0.9962531225994828,1.0058601926294388,1.83356733,1.2733411669999999,1.4399654841285754
1,bv_compiler,default,double,prepared,1,8191,0.9995845454016914,0.9942100911766077,1.007326774156574,1.83661946,1.2798154985,1.4350658060889234
1,bv_compiler,bv_split,double,prepared,1,8191,0.9991690902589041,0.9929693960028795,1.0046054008435483,1.83661946,1.2798154985,1.4350658060889234
1,bv_compiler,default,double,prepared,2,8191,1.0,0.9762146779958222,1.007264424829876,1.839671591,1.280795996,1.436350204673813
1,bv_compiler,bv_split,double,prepared,2,8191,0.9983409370373867,0.9806871314464128,0.9956413445580479,1.839671591,1.280795996,1.436350204673813
1,bv_compiler,default,double,vienot,0,8191,0.9879356570448729,0.9787234034766364,1.0060626474694507,1.138444634,1.383893145,0.8226391164037452
1,bv_compiler,bv_split,double,vienot,0,8191,1.0,0.9860372336404656,1.0169664070367703,1.138444634,1.383893145,0.8226391164037452
1,bv_compiler,default,double,vienot,1,8191,1.0010060363097115,0.9973145349797936,1.0280821922659185,1.1376816015000002,1.3843929314999999,0.8217909638322942
1,bv_compiler,bv_split,double,vienot,1,8191,0.9882629111849971,0.9866310159889065,1.0089041098085334,1.1376816015000002,1.3843929314999999,0.8217909638322942
1,bv_compiler,default,float,brettel,0,8191,3.573605761451783,3.201151971284708,3.589195556988099,2.2780338175,2.2650584485,1.0057284919109228
1,bv_compiler,bv_split,float,brettel,0,8191,1.0087087589954093,0.856889676428026,1.1462470549536576,2.2780338175,2.2650584485,1.0057284919109228
1,bv_compiler,default,float,brettel,1,8191,3.512781702127909,3.4910864448065064,3.527113505769717,2.26849591,2.2704225675,0.9991514101702569
1,bv_compiler,bv_split,float,brettel,1,8191,0.9983181971000336,0.992271505475784,1.0109464464397344,2.26849591,2.2704225675,0.9991514101702569
1,bv_compiler,default,float,brettel,2,8191,3.4710340178911876,3.473737374195131,3.50417589828712,2.26544378,2.263524753,1.0008478047335054
1,bv_compiler,bv_split,float,brettel,2,8191,0.9988211517215404,0.9934343437142575,1.0015171947933164,2.26544378,2.263524753,1.0008478047335054
1,bv_compiler,default,float,lookup,0,8191,0.997960151781599,0.9962523719253001,1.0004268234617353,8.04236357,5.9589755525,1.3496218434099707
1,bv_compiler,bv_split,float,lookup,0,8191,0.9977703984228109,0.983870967734916,0.997723608059055,8.04236357,5.9589755525,1.3496218434099707
1,bv_compiler,default,float,lookup,1,8191,1.0000949442704503,0.9961543939818446,1.0071100156100363,8.036640825,5.9551222379999995,1.3495341495624895
1,bv_compiler,bv_split,float,lookup,1,8191,1.000427249030381,0.9777714448112391,1.0037031761518045,8.036640825,5.9551222379999995,1.3495341495624895
1,bv_compiler,default,float,lookup,2,8191,0.999430145385188,0.9965852501758502,1.0397256217663455,8.033970211,5.959975125,1.347987205064048
1,bv_compiler,bv_split,float,lookup,2,8191,1.0009022699623749,0.9764856776018488,1.0402191077534308,8.033970211,5.959975125,1.347987205064048
1,bv_compiler,default,float,lookupApply,0,8191,0.9945450455800748,0.989071498810883,1.002335002512387,13.5682456355,13.484262453,1.0062282370127937
1,bv_compiler,bv_split,float,lookupApply,0,8191,1.0069452254942557,0.9847521521570127,1.0225593482531417,13.5682456355,13.484262453,1.0062282370127937
1,bv_compiler,default,float,lookupApply,1,8191,0.9947674909274018,0.9786120334919767,0.9957308167513887,13.5617598585,13.4715541445,1.0066960139143877
1,bv_compiler,bv_split,float,lookupApply,1,8191,0.9908009114744937,0.982157933186503,1.0003651275226753,13.5617598585,13.4715541445,1.0066960139143877
1,bv_compiler,default,float,lookupApply,2,8191,0.9944339808338832,0.9905649780793517,0.9938085722868456,13.571679282000002,13.473431205,1.0072919863919698
1,bv_compiler,bv_split,float,lookupApply,2,8191,0.9950243161810075,0.9838460022909514,1.0007859869857676,13.571679282000002,13.473431205,1.0072919863919698
1,bv_compiler,default,float,prepared,0,8191,0.9988958990901775,0.9935372003945445,1.0037836987055775,2.4188133315,0.790093548,3.0614265078139837
1,bv_compiler,bv_split,float,prepared,0,8191,0.9910094637247123,0.9697351829702915,1.0828598484070864,2.4188133315,0.790093548,3.0614265078139837
1,bv_compiler,default,float,prepared,1,8191,0.9941658784942569,0.9873817034178644,1.0189095496132767,2.419576364,0.787518313,3.072406474946317
1,bv_compiler,bv_split,float,prepared,1,8191,0.994638915227889,0.9876971607910751,1.0025212733368416,2.419576364,0.787518313,3.072406474946317
1,bv_compiler,default,float,prepared,2,8191,1.0020511202773783,0.989612842177852,1.0072853974356102,2.418050299,0.7873962274999999,3.0709447347460146
1,bv_compiler,bv_split,float,prepared,2,8191,0.9947933103355184,0.9877242680846227,1.0,2.418050299,0.7873962274999999,3.0709447347460146
1,bv_compiler,default,float,vienot,0,8191,5.927487350609697,5.896290048851622,6.415813193771862,0.90495666,0.829797949,1.0905747129052015
1,bv_compiler,bv_split,float,vienot,0,8191,0.9983136595734873,0.9487914792025391,1.0387531598462805,0.90495666,0.829797949,1.0905747129052015
1,bv_compiler,default,float,vienot,1,8191,5.936394274068626,5.911120473904856,5.982722293266025,0.905719692,0.7873237395,1.150377724638646
1,bv_compiler,bv_split,float,vienot,1,8191,0.9995787703376996,0.998315080246704,1.0080134967803258,0.905719692,0.7873237395,1.150377724638646
1,bv_split,default,double,brettel,0,65536,2.5256134460640087,2.48218867106256,2.554866994334919,4.0342330935,4.8029408455,0.8399506101100075
1,bv_split,bv_split,double,brettel,0,65536,1.0,1.0,1.0,4.0342330935,4.8029408455,0.8399506101100075
1,bv_split,default,double,brettel,1,65536,2.6224039305410045,2.6130032447723734,2.670211250817526,4.0179252625,4.808874607,0.8355229842448667
1,bv_split,bv_split,double,brettel,1,65536,1.0,1.0,1.0,4.0179252625,4.808874607,0.8355229842448667
1,bv_split,default,double,brettel,2,65536,2.480945689008124,2.4727596329879296,2.480019891233077,4.037809372,4.790653229,0.8428515233699876
1,bv_split,bv_split,double,brettel,2,65536,1.0,1.0,1.0,4.037809372,4.790653229,0.8428515233699876
1,bv_split,default,double,lookup,0,65536,0.994996995381918,0.9913509765693279,0.9976198921084395,10.236310959,7.9731025695,1.2838554213710471
1,bv_split,bv_split,double,lookup,0,65536,1.0,1.0,1.0,10.236310959,7.9731025695,1.2838554213710471
1,bv_split,default,double,lookup,1,65536,0.9873309562995749,0.9619324153252838,0.9965369861850268,10.3240966795,7.972310066,1.2949943735291742
1,bv_split,bv_split,double,lookup,1,65536,1.0,1.0,1.0,10.3240966795,7.972310066,1.2949943735291742
1,bv_split,default,double,lookup,2,65536,0.9834427071169264,0.969476153905981,1.0051389328372182,10.405158996499999,7.987149238500001,1.3027375207094671
1,bv_split,bv_split,double,lookup,2,65536,1.0,1.0,1.0,10.405158996499999,7.987149238500001,1.3027375207094671
1,bv_split,default,double,lookupApply,0,65536,1.0015244933809644,0.9929621028292829,1.0075045027223666,13.387155533000001,13.0544257165,1.0254878938166885
1,bv_split,bv_split,double,lookupApply,0,65536,1.0,1.0,1.0,13.387155533000001,13.0544257165,1.0254878938166885
1,bv_split,default,double,lookupApply,1,65536,1.0003459364706933,0.987660373170296,1.0268522581458843,13.508272171,13.035903454,1.0362359784779671
1,bv_split,bv_split,double,lookupApply,1,65536,1.0,1.0,1.0,13.508272171,13.035903454,1.0362359784779671
1,bv_split,default,double,lookupApply,2,65536,0.9930337125961417,0.9907132518128929,1.0027539289461882,13.552951813,12.9974484445,1.0427394169611088
1,bv_split,bv_split,double,lookupApply,2,65536,1.0,1.0,1.0,13.552951813,12.9974484445,1.0427394169611088
1,bv_split,default,double,prepared,0,65536,1.0002844874607049,0.9933877065074954,1.0250791137871893,1.843738556,1.429386139,1.2898813733354664
1,bv_split,bv_split,double,prepared,0,65536,1.0,1.0,1.0,1.843738556,1.429386139,1.2898813733354664
1,bv_split,default,double,prepared,1,65536,1.0040793139366813,0.9930820673257585,1.0189400885234268,1.8468856814999999,1.4355344775,1.2865491637068673
1,bv_split,bv_split,double,prepared,1,65536,1.0,1.0,1.0,1.8468856814999999,1.4355344775,1.2865491637068673
1,bv_split,default,double,prepared,2,65536,0.9882973844188665,0.9682503077158374,0.9997941538253178,1.8702507014999998,1.443361759,1.2957601861336274
1,bv_split,bv_split,double,prepared,2,65536,1.0,1.0,1.0,1.8702507014999998,1.443361759,1.2957601861336274
1,bv_split,default,double,vienot,0,65536,0.9995998240552497,0.9893983034736692,1.0096783265831997,1.1915683745,1.41445446,0.8424225793031188
1,bv_split,bv_split,double,vienot,0,65536,1.0,1.0,1.0,1.1915683745,1.41445446,0.8424225793031188
1,bv_split,default,double,vienot,1,65536,1.002447243281287,1.0001600129157313,1.0282079875306478,1.188564301,1.427113533,0.8328449513764088
1,bv_split,bv_split,double,vienot,1,65536,1.0,1.0,1.0,1.188564301,1.427113533,0.8328449513764088
1,bv_split,default,float,brettel,0,65536,3.59106930552323,3.57541619762976,3.612716159696798,2.2862911224999998,2.3183374405,0.9861770260704201
1,bv_split,bv_split,float,brettel,0,65536,1.0,1.0,1.0,2.2862911224999998,2.3183374405,0.9861770260704201
1,bv_split,default,float,brettel,1,65536,3.6570076511365808,3.6259220666656415,3.8695751860866237,2.2873401639999997,2.335811138,0.9792487615066762
1,bv_split,bv_split,float,brettel,1,65536,1.0,1.0,1.0,2.2873401639999997,2.335811138,0.9792487615066762
1,bv_split,default,float,brettel,2,65536,3.5694065166268927,3.561795642019799,3.6092559439895697,2.2874355315,2.3327784535,0.9805626968424843
1,bv_split,bv_split,float,brettel,2,65536,1.0,1.0,1.0,2.2874355315,2.3327784535,0.9805626968424843
1,bv_split,default,float,lookup,0,65536,1.0024857279141237,1.0005055973408263,1.0209264188460594,8.018493652,5.9696488379999995,1.343210274104904
1,bv_split,bv_split,float,lookup,0,65536,1.0,1.0,1.0,8.018493652,5.9696488379999995,1.343210274104904
1,bv_split,default,float,lookup,1,65536,0.9959114645394912,0.9931960246577923,0.9987236380566926,8.03565979,5.9658441545,1.3469443019122032
1,bv_split,bv_split,float,lookup,1,65536,1.0,1.0,1.0,8.03565979,5.9658441545,1.3469443019122032
1,bv_split,default,float,lookup,2,65536,1.0049484755327143,0.9974059585553067,1.0149610615400222,8.065366745,5.9342803955,1.3591145357937613
1,bv_split,bv_split,float,lookup,2,65536,1.0,1.0,1.0,8.065366745,5.9342803955,1.3591145357937613
1,bv_split,default,float,lookupApply,0,65536,1.0106487354060163,0.9969789777430659,1.0192403124974063,13.608264923,13.4309186935,1.0132043260440424
1,bv_split,bv_split,float,lookupApply,0,65536,1.0,1.0,1.0,13.608264923,13.4309186935,1.0132043260440424
1,bv_split,default,float,lookupApply,1,65536,1.0073036465598402,0.9790959138886994,1.058836999530434,13.599395752,13.363795757,1.0176297213219974
1,bv_split,bv_split,float,lookupApply,1,65536,1.0,1.0,1.0,13.599395752,13.363795757,1.0176297213219974
1,bv_split,default,float,lookupApply,2,65536,1.000927611405553,1.00137591226783,1.0086385906176742,13.673686981500001,13.347905159,1.024406962637155
1,bv_split,bv_split,float,lookupApply,2,65536,1.0,1.0,1.0,13.673686981500001,13.347905159,1.024406962637155
1,bv_split,default,float,prepared,0,65536,0.9997835071316444,0.9967019243965565,0.9999003984394123,2.422809601,0.8511953355,2.8463614636431473
1,bv_split,bv_split,float,prepared,0,65536,1.0,1.0,1.0,2.422809601,0.8511953355,2.8463614636431473
1,bv_split,default,float,prepared,1,65536,1.0054457875466685,0.9950082215612465,1.0269807869581002,2.4254322055,0.8582634925,2.8259762027568707
1,bv_split,bv_split,float,prepared,1,65536,1.0,1.0,1.0,2.4254322055,0.8582634925,2.8259762027568707
1,bv_split,default,float,prepared,2,65536,1.0015530699558766,0.9919006270375871,1.023500029327692,2.4255275725,0.848595619,2.8582843443833523
1,bv_split,bv_split,float,prepared,2,65536,1.0,1.0,1.0,2.4255275725,0.848595619,2.8582843443833523
1,bv_split,default,float,vienot,0,65536,5.764021815610185,5.755156626518748,5.775028292792739,0.9266853335,0.8599605560000001,1.0775905092791256
1,bv_split,bv_split,float,vienot,0,65536,1.0,1.0,1.0,0.9266853335,0.8599605560000001,1.0775905092791256
1,bv_split,default,float,vienot,1,65536,5.821075400956661,5.719674329152809,5.954636733044283,0.9258270264999999,0.860694885,1.0756739033019813
1,bv_split,bv_split,float,vienot,1,65536,1.0,1.0,1.0,0.9258270264999999,0.860694885,1.0756739033019813
1,bv_compiler,default,double,brettel,0,65536,2.5323180848431357,2.4895766628505682,2.5611184360891395,4.023551941,4.810505867,0.836409319984725
1,bv_compiler,bv_split,double,brettel,0,65536,1.0026546575405575,1.0024468756174323,1.0035251823929956,4.023551941,4.810505867,0.836409319984725
1,bv_compiler,default,double,brettel,1,65536,2.6187677026460805,2.576802284768056,2.6596056550516796,4.0235042575,4.808649539999999,0.8367222905373138
1,bv_compiler,bv_split,double,brettel,1,65536,0.9986133990066992,0.9861458419247118,1.0068015867061373,4.0235042575,4.808649539999999,0.8367222905373138
1,bv_compiler,default,double,brettel,2,65536,2.491065393808688,2.476175830393133,2.540525778313131,4.021406174,4.814486027,0.8352721664260009
1,bv_compiler,bv_split,double,brettel,2,65536,1.0040789707108058,0.9992547552704221,1.0274050677717173,4.021406174,4.814486027,0.8352721664260009
1,bv_compiler,default,double,lookup,0,65536,1.0016131074119246,0.9964564271943952,1.0365695777649138,10.168695450000001,7.9739227295,1.2752437909111296
1,bv_compiler,bv_split,double,lookup,0,65536,1.0066493789033675,1.0008249587044462,1.0456131100531816,10.168695450000001,7.9739227295,1.2752437909111296
1,bv_compiler,default,double,lookup,1,65536,0.9988318794082142,0.9764918044955241,1.0095439291622452,10.2052211765,8.0523228645,1.2673636350935962
1,bv_compiler,bv_split,double,lookup,1,65536,1.0116484984444767,0.9861419577728593,1.049495695413135,10.2052211765,8.0523228645,1.2673636350935962
1,bv_compiler,default,double,lookup,2,65536,1.0010262199208235,0.974034771906979,1.0060904804410795,10.222387313999999,7.993982315,1.2787603113430204
1,bv_compiler,bv_split,double,lookup,2,65536,1.0178795497456534,0.9939713023246232,1.0375547732987975,10.222387313999999,7.993982315,1.2787603113430204
1,bv_compiler,default,double,lookupApply,0,65536,1.0063636591226346,0.9901105539117504,1.007358689466027,13.322782516499998,12.984530926000001,1.0260503511776993
1,bv_compiler,bv_split,double,lookupApply,0,65536,1.0048317996950171,0.9827356118373505,1.01449862647902,13.322782516499998,12.984530926000001,1.0260503511776993
1,bv_compiler,default,double,lookupApply,1,65536,1.008993772708215,0.9914940258375846,1.0252904843021922,13.392496109,12.912545204,1.0371693494518277
1,bv_compiler,bv_split,double,lookupApply,1,65536,1.008644845670121,0.9655663879318497,1.017131215846469,13.392496109,12.912545204,1.0371693494518277
1,bv_compiler,default,double,lookupApply,2,65536,0.9961318830276574,1.005702110299556,1.0099976855731072,13.510799408,13.0211973195,1.0376003893103434
1,bv_compiler,bv_split,double,lookupApply,2,65536,1.003119904583517,1.0063314244971764,1.0151293610529941,13.510799408,13.0211973195,1.0376003893103434
1,bv_compiler,default,double,prepared,0,65536,0.9955469754586541,0.9935155161128643,1.0021915122147598,1.8525123595,1.4407167435,1.2858269107080729
1,bv_compiler,bv_split,double,prepared,0,65536,0.9952638353773963,0.9776723559532197,1.000128660345333,1.8525123595,1.4407167435,1.2858269107080729
1,bv_compiler,default,double,prepared,1,65536,1.0018031941718872,0.9990720452422117,1.0104580899506423,1.851081848,1.416305065,1.3069796145931314
1,bv_compiler,bv_split,double,prepared,1,65536,0.9977331275197076,0.9825487119177816,1.0060317048444782,1.851081848,1.416305065,1.3069796145931314
1,bv_compiler,default,double,prepared,2,65536,1.0008778952051376,0.9740661494284442,1.0067886199678522,1.84674263,1.436566353,1.2855254657353097
1,bv_compiler,bv_split,double,prepared,2,65536,1.0127294789853851,1.006006547755535,1.0257121573816976,1.84674263,1.436566353,1.2855254657353097
1,bv_compiler,default,double,vienot,0,65536,1.0014432908968254,1.002849231658913,1.0077357812846428,1.1893749235,1.4286494255000002,0.8325169928121039
1,bv_compiler,bv_split,double,vienot,0,65536,1.0018442048479932,0.9980760750751871,1.0161801773349615,1.1893749235,1.4286494255000002,0.8325169928121039
1,bv_compiler,default,double,vienot,1,65536,1.0020050524879986,0.9958399999540977,1.0171684299845043,1.1890888215,1.399902821,0.8494081186654027
1,bv_compiler,bv_split,double,vienot,1,65536,0.9995588887133442,0.9685199998744559,1.0170056959377818,1.1890888215,1.399902821,0.8494081186654027
1,bv_compiler,default,float,brettel,0,65536,3.5812845794833073,3.543261179853132,3.611887382857996,2.2925376890000004,2.328956604,0.9843625617852003
1,bv_compiler,bv_split,float,brettel,0,65536,0.997275261152751,0.9910066364307617,0.9997705945327099,2.2925376890000004,2.328956604,0.9843625617852003
1,bv_compiler,default,float,brettel,1,65536,3.6544174323466607,3.6258465127981383,3.8666736096477887,2.2889614105,2.3424639705,0.977159708463486
1,bv_compiler,bv_split,float,brettel,1,65536,0.999291710863904,0.9830642641228534,0.9999791628539957,2.2889614105,2.3424639705,0.977159708463486
1,bv_compiler,default,float,brettel,2,65536,3.572236246303063,3.562539139326035,3.615503325943184,2.2856235505,2.327917099,0.9818320212011983
1,bv_compiler,bv_split,float,brettel,2,65536,1.0007927731579436,0.9999791339392898,1.0017309334806301,2.2856235505,2.327917099,0.9818320212011983
1,bv_compiler,default,float,lookup,0,65536,1.002628824298555,1.0007706924718398,1.0208475674115576,8.017349243,5.9687738415,1.3432154502582354
1,bv_compiler,bv_split,float,lookup,0,65536,1.000142741567732,0.987921895325024,1.0129665111565982,8.017349243,5.9687738415,1.3432154502582354
1,bv_compiler,default,float,lookup,1,65536,0.9977765227225348,0.9927945067123336,1.0040335994001226,8.0206394195,5.9678306580000005,1.3439790569037289
1,bv_compiler,bv_split,float,lookup,1,65536,1.0018727148440911,0.9995957314210988,1.0053167474375213,8.0206394195,5.9678306580000005,1.3439790569037289
1,bv_compiler,default,float,lookup,2,65536,1.006996486898116,0.9970094344939633,1.025868139436406,8.048963547,5.9680023195,1.3486863972389245
1,bv_compiler,bv_split,float,lookup,2,65536,1.0020379267348172,0.9841206804180489,1.0116624862507828,8.048963547,5.9680023195,1.3486863972389245
1,bv_compiler,default,float,lookupApply,0,65536,1.0054941798548935,0.9970975896573318,1.0160038711884132,13.6780261995,13.494317054500002,1.0136138156720378
1,bv_compiler,bv_split,float,lookupApply,0,65536,0.9948997556019779,0.9782752677964444,1.009874112948903,13.6780261995,13.494317054500002,1.0136138156720378
1,bv_compiler,default,float,lookupApply,1,65536,1.0067388561800068,0.987326229802406,1.0553347331665963,13.6070251465,13.35951519,1.0185268666549567
1,bv_compiler,bv_split,float,lookupApply,1,65536,0.9994393047401722,0.9966923460689501,1.0084060364229466,13.6070251465,13.35951519,1.0185268666549567
1,bv_compiler,default,float,lookupApply,2,65536,1.0036470954290364,0.9924848408869702,1.0217697268850854,13.636636734,13.390762329000001,1.0183614942121342
1,bv_compiler,bv_split,float,lookupApply,2,65536,1.0027169637369326,0.983984600747021,1.0203657930727226,13.636636734,13.390762329000001,1.0183614942121342
1,bv_compiler,default,float,prepared,0,65536,0.9935846031652376,0.9811184300462947,1.0053146468667633,2.4379253385,0.8601107594999999,2.834431858423927
1,bv_compiler,bv_split,float,prepared,0,65536,0.9937997537244925,0.9812161607071751,1.008641221873251,2.4379253385,0.8601107594999999,2.834431858423927
1,bv_compiler,default,float,prepared,1,65536,1.0049716046169372,0.9985070226396515,1.0222365769556572,2.4265766145,0.855602741,2.8361019644045298
1,bv_compiler,bv_split,float,prepared,1,65536,0.9995283853832755,0.9953804296412443,1.0035163539381768,2.4265766145,0.855602741,2.8361019644045298
1,bv_compiler,default,float,prepared,2,65536,0.9998037525277126,0.9945728566770332,1.0235201572751658,2.429771423,0.8528690335,2.8489384976597347
1,bv_compiler,bv_split,float,prepared,2,65536,0.9982533951713202,1.0000196658005833,1.0026940497531764,2.429771423,0.8528690335,2.8489384976597347
1,bv_compiler,default,float,vienot,0,65536,5.771148892493489,5.7578221481625675,5.794164897402285,0.925540924,0.866669178,1.0679287408557179
1,bv_compiler,bv_split,float,vienot,0,65536,1.0012364763894546,1.0004631536232285,1.0054930819610168,0.925540924,0.866669178,1.0679287408557179
1,bv_compiler,default,float,vienot,1,65536,5.822574827433486,5.713785648590248,5.948204917008553,0.925588608,0.8606824875,1.0754123866148724
1,bv_compiler,bv_split,float,vienot,1,65536,1.0002575858193794,0.9989198642462878,1.0167215335779876,0.925588608,0.8606824875,1.0754123866148724
